--
-- PostgreSQL database dump
--

\restrict dUdm1qYXmfF9eja4QT5IceSIrcsQe883A6e0ZBnkiTCX4BIhez9MwmfTk2DvBSn

-- Dumped from database version 17.7
-- Dumped by pg_dump version 17.7

SET statement_timeout = 0;
SET lock_timeout = 0;
SET idle_in_transaction_session_timeout = 0;
SET transaction_timeout = 0;
SET client_encoding = 'UTF8';
SET standard_conforming_strings = on;
SELECT pg_catalog.set_config('search_path', '', false);
SET check_function_bodies = false;
SET xmloption = content;
SET client_min_messages = warning;
SET row_security = off;

--
-- Data for Name: Department; Type: TABLE DATA; Schema: public; Owner: -
--

COPY public."Department" (id, name, created_at, updated_at) FROM stdin;
729	هندسة المعلومات والاتصالات	2026-01-30 15:02:59.3	2026-01-30 15:02:59.3
730	هندسة شبكات الحاسوب	2026-01-30 15:02:59.331	2026-01-30 15:02:59.331
731	هندسة الأمن السيبراني	2026-01-30 15:02:59.357	2026-01-30 15:02:59.357
732	هندسة الأتمتة والذكاء الاصطناعي	2026-01-30 15:02:59.379	2026-01-30 15:02:59.379
733	Test Dept	2026-02-13 13:31:25.106	2026-02-13 13:31:25.106
\.


--
-- Data for Name: Stage; Type: TABLE DATA; Schema: public; Owner: -
--

COPY public."Stage" (id, name, level, created_at, updated_at) FROM stdin;
819	المرحلة الأولى	1	2026-01-30 15:02:59.295	2026-01-30 15:02:59.295
820	المرحلة الثانية	2	2026-01-30 15:02:59.298	2026-01-30 15:02:59.298
821	المرحلة الثالثة	3	2026-01-30 15:02:59.299	2026-01-30 15:02:59.299
822	المرحلة الرابعة	4	2026-01-30 15:02:59.299	2026-01-30 15:02:59.299
\.


--
-- Data for Name: Material; Type: TABLE DATA; Schema: public; Owner: -
--

COPY public."Material" (id, name, department_id, stage_id, created_at, updated_at, is_core_subject, prerequisites, semester) FROM stdin;
245	Arabic Language	729	819	2026-01-30 15:02:59.301	2026-01-30 15:02:59.301	f	\N	SEMESTER_1
246	Human Rights	729	819	2026-01-30 15:02:59.303	2026-01-30 15:02:59.303	f	\N	SEMESTER_1
247	Engineering Drawing	729	819	2026-01-30 15:02:59.304	2026-01-30 15:02:59.304	f	\N	SEMESTER_1
248	Computer Fundamentals	729	819	2026-01-30 15:02:59.304	2026-01-30 15:02:59.304	f	\N	SEMESTER_1
249	Calculus I	729	819	2026-01-30 15:02:59.305	2026-01-30 15:02:59.305	f	\N	SEMESTER_1
250	Physics	729	819	2026-01-30 15:02:59.306	2026-01-30 15:02:59.306	f	\N	SEMESTER_1
251	Biology	729	819	2026-01-30 15:02:59.306	2026-01-30 15:02:59.306	f	\N	SEMESTER_2
252	Computer Fundamentals Lab	729	819	2026-01-30 15:02:59.307	2026-01-30 15:02:59.307	f	\N	SEMESTER_2
253	Calculus II	729	819	2026-01-30 15:02:59.308	2026-01-30 15:02:59.308	f	\N	SEMESTER_2
254	Physics Lab	729	819	2026-01-30 15:02:59.308	2026-01-30 15:02:59.308	f	\N	SEMESTER_2
255	Introduction to Programming	729	819	2026-01-30 15:02:59.309	2026-01-30 15:02:59.309	f	\N	SEMESTER_2
256	English Language II	729	820	2026-01-30 15:02:59.31	2026-01-30 15:02:59.31	f	\N	SEMESTER_1
257	Probability and Statistics	729	820	2026-01-30 15:02:59.311	2026-01-30 15:02:59.311	f	\N	SEMESTER_1
258	Electronics	729	820	2026-01-30 15:02:59.311	2026-01-30 15:02:59.311	f	\N	SEMESTER_1
259	Object Oriented Programming	729	820	2026-01-30 15:02:59.312	2026-01-30 15:02:59.312	f	\N	SEMESTER_1
260	Data Structures	729	820	2026-01-30 15:02:59.312	2026-01-30 15:02:59.312	f	\N	SEMESTER_1
261	Electronics Lab	729	820	2026-01-30 15:02:59.313	2026-01-30 15:02:59.313	f	\N	SEMESTER_2
262	OOP Lab	729	820	2026-01-30 15:02:59.314	2026-01-30 15:02:59.314	f	\N	SEMESTER_2
263	Data Structures Lab	729	820	2026-01-30 15:02:59.314	2026-01-30 15:02:59.314	f	\N	SEMESTER_2
264	Database Systems	729	820	2026-01-30 15:02:59.315	2026-01-30 15:02:59.315	f	\N	SEMESTER_2
265	Database Systems Lab	729	820	2026-01-30 15:02:59.315	2026-01-30 15:02:59.315	f	\N	SEMESTER_2
266	Communication Systems	729	821	2026-01-30 15:02:59.316	2026-01-30 15:02:59.316	f	\N	SEMESTER_1
267	Digital Signal Processing	729	821	2026-01-30 15:02:59.317	2026-01-30 15:02:59.317	f	\N	SEMESTER_1
268	Transmission Lines	729	821	2026-01-30 15:02:59.318	2026-01-30 15:02:59.318	f	\N	SEMESTER_1
269	Computer Architecture	729	821	2026-01-30 15:02:59.318	2026-01-30 15:02:59.318	f	\N	SEMESTER_1
270	Numerical Methods	729	821	2026-01-30 15:02:59.319	2026-01-30 15:02:59.319	f	\N	SEMESTER_1
271	Communication Systems Lab	729	821	2026-01-30 15:02:59.319	2026-01-30 15:02:59.319	f	\N	SEMESTER_2
272	DSP Lab	729	821	2026-01-30 15:02:59.32	2026-01-30 15:02:59.32	f	\N	SEMESTER_2
273	Numerical Methods Lab	729	821	2026-01-30 15:02:59.321	2026-01-30 15:02:59.321	f	\N	SEMESTER_2
274	Internet Programming	729	821	2026-01-30 15:02:59.321	2026-01-30 15:02:59.321	f	\N	SEMESTER_2
275	Information Theory	729	821	2026-01-30 15:02:59.322	2026-01-30 15:02:59.322	f	\N	SEMESTER_2
276	Principles of Management	729	821	2026-01-30 15:02:59.322	2026-01-30 15:02:59.322	f	\N	SEMESTER_2
277	Operating Systems	729	822	2026-01-30 15:02:59.323	2026-01-30 15:02:59.323	f	\N	SEMESTER_1
278	Wireless Communications	729	822	2026-01-30 15:02:59.324	2026-01-30 15:02:59.324	f	\N	SEMESTER_1
279	Cryptography	729	822	2026-01-30 15:02:59.324	2026-01-30 15:02:59.324	f	\N	SEMESTER_1
280	Internet of Things	729	822	2026-01-30 15:02:59.325	2026-01-30 15:02:59.325	f	\N	SEMESTER_1
281	Professional Ethics	729	822	2026-01-30 15:02:59.326	2026-01-30 15:02:59.326	f	\N	SEMESTER_1
282	Operating Systems Lab	729	822	2026-01-30 15:02:59.327	2026-01-30 15:02:59.327	f	\N	SEMESTER_2
283	Wireless Communications Lab	729	822	2026-01-30 15:02:59.328	2026-01-30 15:02:59.328	f	\N	SEMESTER_2
284	Cryptography Lab	729	822	2026-01-30 15:02:59.329	2026-01-30 15:02:59.329	f	\N	SEMESTER_2
285	IoT Lab	729	822	2026-01-30 15:02:59.33	2026-01-30 15:02:59.33	f	\N	SEMESTER_2
286	Graduation Project	729	822	2026-01-30 15:02:59.33	2026-01-30 15:02:59.33	f	\N	SEMESTER_2
287	Arabic Language	730	819	2026-01-30 15:02:59.332	2026-01-30 15:02:59.332	f	\N	SEMESTER_1
288	Human Rights	730	819	2026-01-30 15:02:59.332	2026-01-30 15:02:59.332	f	\N	SEMESTER_1
289	Engineering Mathematics I	730	819	2026-01-30 15:02:59.333	2026-01-30 15:02:59.333	f	\N	SEMESTER_1
290	Computer Fundamentals	730	819	2026-01-30 15:02:59.333	2026-01-30 15:02:59.333	f	\N	SEMESTER_1
291	Programming I	730	819	2026-01-30 15:02:59.334	2026-01-30 15:02:59.334	f	\N	SEMESTER_1
292	Physics	730	819	2026-01-30 15:02:59.335	2026-01-30 15:02:59.335	f	\N	SEMESTER_1
293	Programming I Lab	730	819	2026-01-30 15:02:59.335	2026-01-30 15:02:59.335	f	\N	SEMESTER_2
294	Engineering Mathematics II	730	819	2026-01-30 15:02:59.336	2026-01-30 15:02:59.336	f	\N	SEMESTER_2
295	Computer Fundamentals Lab	730	819	2026-01-30 15:02:59.337	2026-01-30 15:02:59.337	f	\N	SEMESTER_2
296	Physics Lab	730	819	2026-01-30 15:02:59.337	2026-01-30 15:02:59.337	f	\N	SEMESTER_2
297	Introduction to Networks	730	819	2026-01-30 15:02:59.338	2026-01-30 15:02:59.338	f	\N	SEMESTER_2
298	Data Structures	730	820	2026-01-30 15:02:59.338	2026-01-30 15:02:59.338	f	\N	SEMESTER_1
299	Probability and Statistics	730	820	2026-01-30 15:02:59.339	2026-01-30 15:02:59.339	f	\N	SEMESTER_1
300	Computer Networks I	730	820	2026-01-30 15:02:59.34	2026-01-30 15:02:59.34	f	\N	SEMESTER_1
301	Operating Systems I	730	820	2026-01-30 15:02:59.34	2026-01-30 15:02:59.34	f	\N	SEMESTER_1
302	Database Systems	730	820	2026-01-30 15:02:59.341	2026-01-30 15:02:59.341	f	\N	SEMESTER_1
303	Data Structures Lab	730	820	2026-01-30 15:02:59.342	2026-01-30 15:02:59.342	f	\N	SEMESTER_2
304	Networks Lab I	730	820	2026-01-30 15:02:59.342	2026-01-30 15:02:59.342	f	\N	SEMESTER_2
305	Operating Systems Lab I	730	820	2026-01-30 15:02:59.343	2026-01-30 15:02:59.343	f	\N	SEMESTER_2
306	Database Lab	730	820	2026-01-30 15:02:59.344	2026-01-30 15:02:59.344	f	\N	SEMESTER_2
307	Discrete Mathematics	730	820	2026-01-30 15:02:59.345	2026-01-30 15:02:59.345	f	\N	SEMESTER_2
308	Computer Networks II	730	821	2026-01-30 15:02:59.346	2026-01-30 15:02:59.346	f	\N	SEMESTER_1
309	Routing and Switching	730	821	2026-01-30 15:02:59.346	2026-01-30 15:02:59.346	f	\N	SEMESTER_1
310	Network Security	730	821	2026-01-30 15:02:59.347	2026-01-30 15:02:59.347	f	\N	SEMESTER_1
311	Distributed Systems	730	821	2026-01-30 15:02:59.348	2026-01-30 15:02:59.348	f	\N	SEMESTER_1
312	Numerical Methods	730	821	2026-01-30 15:02:59.348	2026-01-30 15:02:59.348	f	\N	SEMESTER_1
313	Networks Lab II	730	821	2026-01-30 15:02:59.349	2026-01-30 15:02:59.349	f	\N	SEMESTER_2
314	Network Security Lab	730	821	2026-01-30 15:02:59.349	2026-01-30 15:02:59.349	f	\N	SEMESTER_2
315	Web Programming	730	821	2026-01-30 15:02:59.35	2026-01-30 15:02:59.35	f	\N	SEMESTER_2
316	Web Programming Lab	730	821	2026-01-30 15:02:59.35	2026-01-30 15:02:59.35	f	\N	SEMESTER_2
317	Wireless Networks	730	821	2026-01-30 15:02:59.351	2026-01-30 15:02:59.351	f	\N	SEMESTER_2
318	Advanced Networking	730	822	2026-01-30 15:02:59.352	2026-01-30 15:02:59.352	f	\N	SEMESTER_1
319	Cloud Computing	730	822	2026-01-30 15:02:59.353	2026-01-30 15:02:59.353	f	\N	SEMESTER_1
320	Network Management	730	822	2026-01-30 15:02:59.353	2026-01-30 15:02:59.353	f	\N	SEMESTER_1
321	Professional Ethics	730	822	2026-01-30 15:02:59.354	2026-01-30 15:02:59.354	f	\N	SEMESTER_1
322	Cloud Computing Lab	730	822	2026-01-30 15:02:59.355	2026-01-30 15:02:59.355	f	\N	SEMESTER_2
323	Network Design	730	822	2026-01-30 15:02:59.355	2026-01-30 15:02:59.355	f	\N	SEMESTER_2
324	Graduation Project	730	822	2026-01-30 15:02:59.356	2026-01-30 15:02:59.356	f	\N	SEMESTER_2
325	Arabic Language	731	819	2026-01-30 15:02:59.357	2026-01-30 15:02:59.357	f	\N	SEMESTER_1
326	Human Rights	731	819	2026-01-30 15:02:59.358	2026-01-30 15:02:59.358	f	\N	SEMESTER_1
327	Computer Fundamentals	731	819	2026-01-30 15:02:59.359	2026-01-30 15:02:59.359	f	\N	SEMESTER_1
328	Programming I	731	819	2026-01-30 15:02:59.36	2026-01-30 15:02:59.36	f	\N	SEMESTER_1
329	Calculus I	731	819	2026-01-30 15:02:59.36	2026-01-30 15:02:59.36	f	\N	SEMESTER_1
330	Physics	731	819	2026-01-30 15:02:59.361	2026-01-30 15:02:59.361	f	\N	SEMESTER_1
331	Programming I Lab	731	819	2026-01-30 15:02:59.362	2026-01-30 15:02:59.362	f	\N	SEMESTER_2
332	Information Technology Basics	731	819	2026-01-30 15:02:59.362	2026-01-30 15:02:59.362	f	\N	SEMESTER_2
333	Calculus II	731	819	2026-01-30 15:02:59.363	2026-01-30 15:02:59.363	f	\N	SEMESTER_2
334	Physics Lab	731	819	2026-01-30 15:02:59.363	2026-01-30 15:02:59.363	f	\N	SEMESTER_2
335	Introduction to Cybersecurity	731	819	2026-01-30 15:02:59.364	2026-01-30 15:02:59.364	f	\N	SEMESTER_2
336	Data Structures	731	820	2026-01-30 15:02:59.365	2026-01-30 15:02:59.365	f	\N	SEMESTER_1
337	Computer Networks	731	820	2026-01-30 15:02:59.365	2026-01-30 15:02:59.365	f	\N	SEMESTER_1
338	Operating Systems	731	820	2026-01-30 15:02:59.366	2026-01-30 15:02:59.366	f	\N	SEMESTER_1
339	Probability and Statistics	731	820	2026-01-30 15:02:59.366	2026-01-30 15:02:59.366	f	\N	SEMESTER_1
340	Discrete Mathematics	731	820	2026-01-30 15:02:59.367	2026-01-30 15:02:59.367	f	\N	SEMESTER_1
341	Data Structures Lab	731	820	2026-01-30 15:02:59.367	2026-01-30 15:02:59.367	f	\N	SEMESTER_2
342	Networks Lab	731	820	2026-01-30 15:02:59.368	2026-01-30 15:02:59.368	f	\N	SEMESTER_2
343	Operating Systems Lab	731	820	2026-01-30 15:02:59.368	2026-01-30 15:02:59.368	f	\N	SEMESTER_2
344	Secure Programming	731	820	2026-01-30 15:02:59.369	2026-01-30 15:02:59.369	f	\N	SEMESTER_2
345	Cybersecurity Tools	731	820	2026-01-30 15:02:59.369	2026-01-30 15:02:59.369	f	\N	SEMESTER_2
346	Cryptography I	731	821	2026-01-30 15:02:59.37	2026-01-30 15:02:59.37	f	\N	SEMESTER_1
347	Cyber Security Fundamentals	731	821	2026-01-30 15:02:59.371	2026-01-30 15:02:59.371	f	\N	SEMESTER_1
348	Network Security	731	821	2026-01-30 15:02:59.371	2026-01-30 15:02:59.371	f	\N	SEMESTER_1
349	Digital Forensics	731	821	2026-01-30 15:02:59.372	2026-01-30 15:02:59.372	f	\N	SEMESTER_1
350	Malware Analysis	731	821	2026-01-30 15:02:59.372	2026-01-30 15:02:59.372	f	\N	SEMESTER_1
351	Cryptography Lab	731	821	2026-01-30 15:02:59.373	2026-01-30 15:02:59.373	f	\N	SEMESTER_2
352	Etical Hacking	731	821	2026-01-30 15:02:59.373	2026-01-30 15:02:59.373	f	\N	SEMESTER_2
353	Secure Systems Design	731	821	2026-01-30 15:02:59.374	2026-01-30 15:02:59.374	f	\N	SEMESTER_2
354	Security Monitoring	731	821	2026-01-30 15:02:59.374	2026-01-30 15:02:59.374	f	\N	SEMESTER_2
355	Cryptography II	731	822	2026-01-30 15:02:59.375	2026-01-30 15:02:59.375	f	\N	SEMESTER_1
356	Penetration Testing	731	822	2026-01-30 15:02:59.376	2026-01-30 15:02:59.376	f	\N	SEMESTER_1
357	Incident Response	731	822	2026-01-30 15:02:59.377	2026-01-30 15:02:59.377	f	\N	SEMESTER_1
358	Cyber Law and Ethics	731	822	2026-01-30 15:02:59.377	2026-01-30 15:02:59.377	f	\N	SEMESTER_1
359	Security Management	731	822	2026-01-30 15:02:59.378	2026-01-30 15:02:59.378	f	\N	SEMESTER_2
360	Graduation Project	731	822	2026-01-30 15:02:59.378	2026-01-30 15:02:59.378	f	\N	SEMESTER_2
361	Arabic Language	732	819	2026-01-30 15:02:59.379	2026-01-30 15:02:59.379	f	\N	SEMESTER_1
362	Human Rights	732	819	2026-01-30 15:02:59.38	2026-01-30 15:02:59.38	f	\N	SEMESTER_1
363	Programming I	732	819	2026-01-30 15:02:59.381	2026-01-30 15:02:59.381	f	\N	SEMESTER_1
364	Calculus I	732	819	2026-01-30 15:02:59.381	2026-01-30 15:02:59.381	f	\N	SEMESTER_1
365	Physics	732	819	2026-01-30 15:02:59.382	2026-01-30 15:02:59.382	f	\N	SEMESTER_1
366	Engineering Drawing	732	819	2026-01-30 15:02:59.382	2026-01-30 15:02:59.382	f	\N	SEMESTER_1
367	Programming I Lab	732	819	2026-01-30 15:02:59.383	2026-01-30 15:02:59.383	f	\N	SEMESTER_2
368	Computer Fundamentals	732	819	2026-01-30 15:02:59.384	2026-01-30 15:02:59.384	f	\N	SEMESTER_2
369	Calculus II	732	819	2026-01-30 15:02:59.384	2026-01-30 15:02:59.384	f	\N	SEMESTER_2
370	Physics Lab	732	819	2026-01-30 15:02:59.385	2026-01-30 15:02:59.385	f	\N	SEMESTER_2
371	Introduction to Engineering	732	819	2026-01-30 15:02:59.385	2026-01-30 15:02:59.385	f	\N	SEMESTER_2
372	Data Structures	732	820	2026-01-30 15:02:59.386	2026-01-30 15:02:59.386	f	\N	SEMESTER_1
373	Linear Algebra	732	820	2026-01-30 15:02:59.386	2026-01-30 15:02:59.386	f	\N	SEMESTER_1
374	Probability and Statistics	732	820	2026-01-30 15:02:59.387	2026-01-30 15:02:59.387	f	\N	SEMESTER_1
375	Electronics	732	820	2026-01-30 15:02:59.387	2026-01-30 15:02:59.387	f	\N	SEMESTER_1
376	Object Oriented Programming	732	820	2026-01-30 15:02:59.388	2026-01-30 15:02:59.388	f	\N	SEMESTER_1
377	Data Structures Lab	732	820	2026-01-30 15:02:59.388	2026-01-30 15:02:59.388	f	\N	SEMESTER_2
378	Electronics Lab	732	820	2026-01-30 15:02:59.389	2026-01-30 15:02:59.389	f	\N	SEMESTER_2
379	Control Systems	732	820	2026-01-30 15:02:59.389	2026-01-30 15:02:59.389	f	\N	SEMESTER_2
380	Control Systems Lab	732	820	2026-01-30 15:02:59.39	2026-01-30 15:02:59.39	f	\N	SEMESTER_2
381	Artificial Intelligence	732	821	2026-01-30 15:02:59.39	2026-01-30 15:02:59.39	f	\N	SEMESTER_1
382	Machine Learning	732	821	2026-01-30 15:02:59.391	2026-01-30 15:02:59.391	f	\N	SEMESTER_1
383	Robotics	732	821	2026-01-30 15:02:59.392	2026-01-30 15:02:59.392	f	\N	SEMESTER_1
384	Sensors and Actuators	732	821	2026-01-30 15:02:59.392	2026-01-30 15:02:59.392	f	\N	SEMESTER_1
385	Numerical Methods	732	821	2026-01-30 15:02:59.393	2026-01-30 15:02:59.393	f	\N	SEMESTER_1
386	Machine Learning Lab	732	821	2026-01-30 15:02:59.394	2026-01-30 15:02:59.394	f	\N	SEMESTER_2
387	Embedded Systems	732	821	2026-01-30 15:02:59.394	2026-01-30 15:02:59.394	f	\N	SEMESTER_2
388	IoT Systems	732	821	2026-01-30 15:02:59.395	2026-01-30 15:02:59.395	f	\N	SEMESTER_2
389	IoT Lab	732	821	2026-01-30 15:02:59.396	2026-01-30 15:02:59.396	f	\N	SEMESTER_2
390	Deep Learning	732	822	2026-01-30 15:02:59.396	2026-01-30 15:02:59.396	f	\N	SEMESTER_1
391	Automation Systems	732	822	2026-01-30 15:02:59.397	2026-01-30 15:02:59.397	f	\N	SEMESTER_1
392	Professional Ethics	732	822	2026-01-30 15:02:59.397	2026-01-30 15:02:59.397	f	\N	SEMESTER_1
393	Graduation Project	732	822	2026-01-30 15:02:59.398	2026-01-30 15:02:59.398	f	\N	SEMESTER_2
\.


--
-- Data for Name: Student; Type: TABLE DATA; Schema: public; Owner: -
--

COPY public."Student" (id, student_id, name, email, password, department_id, stage_id, is_verified, fingerprint_hash, created_at, must_change_password, updated_at, email_verification_token, email_verification_expires, password_reset_token, password_reset_expires, email_verified_at, academic_status, academic_year) FROM stdin;
240	STU202636714e5d	Khalid Fawzy	khalid.fawzy.e445e8@gmail.com	$2b$10$3f/P/LJI8syM.qqn2dq...vyS1u1KmAMF0ZW.z6WWpfKRNmi7DRLa	729	819	t	\N	2026-01-30 18:56:09.011	f	2026-01-30 18:56:09.011	\N	\N	\N	\N	\N	REGULAR	2024-2025
241	STU20265493bf16	Youssef Nabil	youssef.nabil.966575@gmail.com	$2b$10$3f/P/LJI8syM.qqn2dq...vyS1u1KmAMF0ZW.z6WWpfKRNmi7DRLa	729	819	t	\N	2026-01-30 18:56:09.012	f	2026-01-30 18:56:09.012	\N	\N	\N	\N	\N	REGULAR	2024-2025
242	STU202618188ea2	Laila Saleh	laila.saleh.abda57@gmail.com	$2b$10$3f/P/LJI8syM.qqn2dq...vyS1u1KmAMF0ZW.z6WWpfKRNmi7DRLa	729	820	t	\N	2026-01-30 18:56:09.014	f	2026-01-30 18:56:09.014	\N	\N	\N	\N	\N	REGULAR	2024-2025
243	STU202670150b37	Hassan Osman	hassan.osman.548961@gmail.com	$2b$10$3f/P/LJI8syM.qqn2dq...vyS1u1KmAMF0ZW.z6WWpfKRNmi7DRLa	729	820	t	\N	2026-01-30 18:56:09.015	f	2026-01-30 18:56:09.015	\N	\N	\N	\N	\N	REGULAR	2024-2025
244	STU20266880d955	Mohamed Zaki	mohamed.zaki.d491ce@gmail.com	$2b$10$3f/P/LJI8syM.qqn2dq...vyS1u1KmAMF0ZW.z6WWpfKRNmi7DRLa	729	820	t	\N	2026-01-30 18:56:09.016	f	2026-01-30 18:56:09.016	\N	\N	\N	\N	\N	REGULAR	2024-2025
245	STU20269953fa88	Omar Ali	omar.ali.ff5c98@gmail.com	$2b$10$3f/P/LJI8syM.qqn2dq...vyS1u1KmAMF0ZW.z6WWpfKRNmi7DRLa	729	820	t	\N	2026-01-30 18:56:09.017	f	2026-01-30 18:56:09.017	\N	\N	\N	\N	\N	REGULAR	2024-2025
246	STU20266990a31f	Salma Osman	salma.osman.bf4264@gmail.com	$2b$10$3f/P/LJI8syM.qqn2dq...vyS1u1KmAMF0ZW.z6WWpfKRNmi7DRLa	729	820	t	\N	2026-01-30 18:56:09.018	f	2026-01-30 18:56:09.018	\N	\N	\N	\N	\N	REGULAR	2024-2025
247	STU202634956302	Fatima Mohamed	fatima.mohamed.4f1632@gmail.com	$2b$10$3f/P/LJI8syM.qqn2dq...vyS1u1KmAMF0ZW.z6WWpfKRNmi7DRLa	729	821	t	\N	2026-01-30 18:56:09.019	f	2026-01-30 18:56:09.019	\N	\N	\N	\N	\N	REGULAR	2024-2025
248	STU20265735d113	Hassan Ibrahim	hassan.ibrahim.65f7c1@gmail.com	$2b$10$3f/P/LJI8syM.qqn2dq...vyS1u1KmAMF0ZW.z6WWpfKRNmi7DRLa	729	821	t	\N	2026-01-30 18:56:09.02	f	2026-01-30 18:56:09.02	\N	\N	\N	\N	\N	REGULAR	2024-2025
249	STU20265117edc0	Mariam Adel	mariam.adel.287d63@gmail.com	$2b$10$3f/P/LJI8syM.qqn2dq...vyS1u1KmAMF0ZW.z6WWpfKRNmi7DRLa	729	821	t	\N	2026-01-30 18:56:09.02	f	2026-01-30 18:56:09.02	\N	\N	\N	\N	\N	REGULAR	2024-2025
250	STU202687890f82	Nour Yasser	nour.yasser.0af713@gmail.com	$2b$10$3f/P/LJI8syM.qqn2dq...vyS1u1KmAMF0ZW.z6WWpfKRNmi7DRLa	729	821	t	\N	2026-01-30 18:56:09.021	f	2026-01-30 18:56:09.021	\N	\N	\N	\N	\N	REGULAR	2024-2025
251	STU20262270766e	Mona Adel	mona.adel.578f4f@gmail.com	$2b$10$3f/P/LJI8syM.qqn2dq...vyS1u1KmAMF0ZW.z6WWpfKRNmi7DRLa	729	821	t	\N	2026-01-30 18:56:09.022	f	2026-01-30 18:56:09.022	\N	\N	\N	\N	\N	REGULAR	2024-2025
252	STU202646995c47	Mohamed Hassan	mohamed.hassan.8280cc@gmail.com	$2b$10$3f/P/LJI8syM.qqn2dq...vyS1u1KmAMF0ZW.z6WWpfKRNmi7DRLa	729	822	t	\N	2026-01-30 18:56:09.023	f	2026-01-30 18:56:09.023	\N	\N	\N	\N	\N	REGULAR	2024-2025
253	STU20267181551f	Omar Hady	omar.hady.a6e1fe@gmail.com	$2b$10$3f/P/LJI8syM.qqn2dq...vyS1u1KmAMF0ZW.z6WWpfKRNmi7DRLa	729	822	t	\N	2026-01-30 18:56:09.024	f	2026-01-30 18:56:09.024	\N	\N	\N	\N	\N	REGULAR	2024-2025
254	STU202638738a16	Amr Ezzat	amr.ezzat.5508dc@gmail.com	$2b$10$3f/P/LJI8syM.qqn2dq...vyS1u1KmAMF0ZW.z6WWpfKRNmi7DRLa	729	822	t	\N	2026-01-30 18:56:09.025	f	2026-01-30 18:56:09.025	\N	\N	\N	\N	\N	REGULAR	2024-2025
255	STU202667220346	Hoda Mahmoud	hoda.mahmoud.da44a6@gmail.com	$2b$10$3f/P/LJI8syM.qqn2dq...vyS1u1KmAMF0ZW.z6WWpfKRNmi7DRLa	729	822	t	\N	2026-01-30 18:56:09.026	f	2026-01-30 18:56:09.026	\N	\N	\N	\N	\N	REGULAR	2024-2025
256	STU202685868752	Amr Samir	amr.samir.8925b9@gmail.com	$2b$10$3f/P/LJI8syM.qqn2dq...vyS1u1KmAMF0ZW.z6WWpfKRNmi7DRLa	729	822	t	\N	2026-01-30 18:56:09.027	f	2026-01-30 18:56:09.027	\N	\N	\N	\N	\N	REGULAR	2024-2025
258	STU20269110e964	Amr Farid	amr.farid.b1e0ba@gmail.com	$2b$10$3f/P/LJI8syM.qqn2dq...vyS1u1KmAMF0ZW.z6WWpfKRNmi7DRLa	730	819	t	\N	2026-01-30 18:56:09.029	f	2026-01-30 18:56:09.029	\N	\N	\N	\N	\N	REGULAR	2024-2025
259	STU20269289205c	Tarek Yasser	tarek.yasser.b1eb33@gmail.com	$2b$10$3f/P/LJI8syM.qqn2dq...vyS1u1KmAMF0ZW.z6WWpfKRNmi7DRLa	730	819	t	\N	2026-01-30 18:56:09.029	f	2026-01-30 18:56:09.029	\N	\N	\N	\N	\N	REGULAR	2024-2025
260	STU20268813d92f	Mohamed Ibrahim	mohamed.ibrahim.c75662@gmail.com	$2b$10$3f/P/LJI8syM.qqn2dq...vyS1u1KmAMF0ZW.z6WWpfKRNmi7DRLa	730	819	t	\N	2026-01-30 18:56:09.03	f	2026-01-30 18:56:09.03	\N	\N	\N	\N	\N	REGULAR	2024-2025
261	STU20262106e6ec	Ali Adel	ali.adel.658552@gmail.com	$2b$10$3f/P/LJI8syM.qqn2dq...vyS1u1KmAMF0ZW.z6WWpfKRNmi7DRLa	730	819	t	\N	2026-01-30 18:56:09.031	f	2026-01-30 18:56:09.031	\N	\N	\N	\N	\N	REGULAR	2024-2025
262	STU202674231170	Omar Farid	omar.farid.061c3c@gmail.com	$2b$10$3f/P/LJI8syM.qqn2dq...vyS1u1KmAMF0ZW.z6WWpfKRNmi7DRLa	730	820	t	\N	2026-01-30 18:56:09.032	f	2026-01-30 18:56:09.032	\N	\N	\N	\N	\N	REGULAR	2024-2025
263	STU20261180d2c3	Amr Ezzat	amr.ezzat.f23960@gmail.com	$2b$10$3f/P/LJI8syM.qqn2dq...vyS1u1KmAMF0ZW.z6WWpfKRNmi7DRLa	730	820	t	\N	2026-01-30 18:56:09.033	f	2026-01-30 18:56:09.033	\N	\N	\N	\N	\N	REGULAR	2024-2025
264	STU202610856bab	Tarek Mohamed	tarek.mohamed.a105a4@gmail.com	$2b$10$3f/P/LJI8syM.qqn2dq...vyS1u1KmAMF0ZW.z6WWpfKRNmi7DRLa	730	820	t	\N	2026-01-30 18:56:09.034	f	2026-01-30 18:56:09.034	\N	\N	\N	\N	\N	REGULAR	2024-2025
265	STU20268050608c	Ahmed Osman	ahmed.osman.e8d357@gmail.com	$2b$10$3f/P/LJI8syM.qqn2dq...vyS1u1KmAMF0ZW.z6WWpfKRNmi7DRLa	730	820	t	\N	2026-01-30 18:56:09.034	f	2026-01-30 18:56:09.034	\N	\N	\N	\N	\N	REGULAR	2024-2025
257	STU202633868ee6	Dina Nabil	dina.nabil.2cc137@gmail.com	$2b$10$3f/P/LJI8syM.qqn2dq...vyS1u1KmAMF0ZW.z6WWpfKRNmi7DRLa	730	819	t	dca894e0a6635bc69fbf794274e29f26e1f37cf64bb77db74336bfbee6477b6e	2026-01-30 18:56:09.028	f	2026-01-30 21:50:58.711	\N	\N	\N	\N	\N	REGULAR	2024-2025
239	STU20269465b215	Khalid Samir	khalid.samir.dc2376@gmail.com	$2b$10$3f/P/LJI8syM.qqn2dq...vyS1u1KmAMF0ZW.z6WWpfKRNmi7DRLa	729	820	t	\N	2026-01-30 18:56:09.01	f	2026-02-15 18:28:17.702	\N	\N	\N	\N	\N	CARRYING	2025-2026
238	STU20261037aeda	Ali Fawzy	ali.fawzy.9499f1@gmail.com	$2b$10$3f/P/LJI8syM.qqn2dq...vyS1u1KmAMF0ZW.z6WWpfKRNmi7DRLa	729	820	t	\N	2026-01-30 18:56:09.009	f	2026-02-15 18:24:54.018	\N	\N	\N	\N	\N	CARRYING	2025-2026
237	STU20264223825e	Salma Ali	salma.ali.ebdfb0@gmail.com	$2b$10$3f/P/LJI8syM.qqn2dq...vyS1u1KmAMF0ZW.z6WWpfKRNmi7DRLa	729	820	t	57ba8ac75003c16aed9b247ef4ea8d9c03ef1348d1badc8a0af6fe5457ec3224	2026-01-30 18:56:09.004	f	2026-02-15 18:24:54.225	\N	\N	\N	\N	\N	REGULAR	2025-2026
266	STU202696147814	Laila Ezzat	laila.ezzat.a16ce9@gmail.com	$2b$10$3f/P/LJI8syM.qqn2dq...vyS1u1KmAMF0ZW.z6WWpfKRNmi7DRLa	730	820	t	\N	2026-01-30 18:56:09.035	f	2026-01-30 18:56:09.035	\N	\N	\N	\N	\N	REGULAR	2024-2025
267	STU2026713121d0	Khalid Salem	khalid.salem.68d6f9@gmail.com	$2b$10$3f/P/LJI8syM.qqn2dq...vyS1u1KmAMF0ZW.z6WWpfKRNmi7DRLa	730	821	t	\N	2026-01-30 18:56:09.036	f	2026-01-30 18:56:09.036	\N	\N	\N	\N	\N	REGULAR	2024-2025
268	STU202659366fca	Ali Saeed	ali.saeed.337df0@gmail.com	$2b$10$3f/P/LJI8syM.qqn2dq...vyS1u1KmAMF0ZW.z6WWpfKRNmi7DRLa	730	821	t	\N	2026-01-30 18:56:09.037	f	2026-01-30 18:56:09.037	\N	\N	\N	\N	\N	REGULAR	2024-2025
269	STU20269982b0fa	Khalid Fawzy	khalid.fawzy.3b3e0a@gmail.com	$2b$10$3f/P/LJI8syM.qqn2dq...vyS1u1KmAMF0ZW.z6WWpfKRNmi7DRLa	730	821	t	\N	2026-01-30 18:56:09.038	f	2026-01-30 18:56:09.038	\N	\N	\N	\N	\N	REGULAR	2024-2025
270	STU20265582f42a	Laila Adel	laila.adel.c9873a@gmail.com	$2b$10$3f/P/LJI8syM.qqn2dq...vyS1u1KmAMF0ZW.z6WWpfKRNmi7DRLa	730	821	t	\N	2026-01-30 18:56:09.038	f	2026-01-30 18:56:09.038	\N	\N	\N	\N	\N	REGULAR	2024-2025
271	STU202656766b36	Laila Hassan	laila.hassan.ec1691@gmail.com	$2b$10$3f/P/LJI8syM.qqn2dq...vyS1u1KmAMF0ZW.z6WWpfKRNmi7DRLa	730	821	t	\N	2026-01-30 18:56:09.039	f	2026-01-30 18:56:09.039	\N	\N	\N	\N	\N	REGULAR	2024-2025
272	STU202686343dcb	Fatima Salem	fatima.salem.d9758c@gmail.com	$2b$10$3f/P/LJI8syM.qqn2dq...vyS1u1KmAMF0ZW.z6WWpfKRNmi7DRLa	730	822	t	\N	2026-01-30 18:56:09.04	f	2026-01-30 18:56:09.04	\N	\N	\N	\N	\N	REGULAR	2024-2025
273	STU20266604fe8f	Rania Nabil	rania.nabil.a3d228@gmail.com	$2b$10$3f/P/LJI8syM.qqn2dq...vyS1u1KmAMF0ZW.z6WWpfKRNmi7DRLa	730	822	t	\N	2026-01-30 18:56:09.041	f	2026-01-30 18:56:09.041	\N	\N	\N	\N	\N	REGULAR	2024-2025
274	STU20264751abd5	Hoda Yasser	hoda.yasser.5a8e76@gmail.com	$2b$10$3f/P/LJI8syM.qqn2dq...vyS1u1KmAMF0ZW.z6WWpfKRNmi7DRLa	730	822	t	\N	2026-01-30 18:56:09.042	f	2026-01-30 18:56:09.042	\N	\N	\N	\N	\N	REGULAR	2024-2025
276	STU20264357ca74	Rania Kamel	rania.kamel.80ec77@gmail.com	$2b$10$3f/P/LJI8syM.qqn2dq...vyS1u1KmAMF0ZW.z6WWpfKRNmi7DRLa	730	822	t	\N	2026-01-30 18:56:09.043	f	2026-01-30 18:56:09.043	\N	\N	\N	\N	\N	REGULAR	2024-2025
277	STU2026762241a5	Rania Mohamed	rania.mohamed.245cb2@gmail.com	$2b$10$3f/P/LJI8syM.qqn2dq...vyS1u1KmAMF0ZW.z6WWpfKRNmi7DRLa	731	819	t	\N	2026-01-30 18:56:09.044	f	2026-01-30 18:56:09.044	\N	\N	\N	\N	\N	REGULAR	2024-2025
278	STU20268036d560	Dina Nabil	dina.nabil.14a470@gmail.com	$2b$10$3f/P/LJI8syM.qqn2dq...vyS1u1KmAMF0ZW.z6WWpfKRNmi7DRLa	731	819	t	\N	2026-01-30 18:56:09.045	f	2026-01-30 18:56:09.045	\N	\N	\N	\N	\N	REGULAR	2024-2025
279	STU20261848e6b8	Omar Osman	omar.osman.eba496@gmail.com	$2b$10$3f/P/LJI8syM.qqn2dq...vyS1u1KmAMF0ZW.z6WWpfKRNmi7DRLa	731	819	t	\N	2026-01-30 18:56:09.046	f	2026-01-30 18:56:09.046	\N	\N	\N	\N	\N	REGULAR	2024-2025
280	STU202617246184	Amr Saleh	amr.saleh.808569@gmail.com	$2b$10$3f/P/LJI8syM.qqn2dq...vyS1u1KmAMF0ZW.z6WWpfKRNmi7DRLa	731	819	t	\N	2026-01-30 18:56:09.047	f	2026-01-30 18:56:09.047	\N	\N	\N	\N	\N	REGULAR	2024-2025
281	STU202644862ec6	Laila Samir	laila.samir.3eb0fe@gmail.com	$2b$10$3f/P/LJI8syM.qqn2dq...vyS1u1KmAMF0ZW.z6WWpfKRNmi7DRLa	731	819	t	\N	2026-01-30 18:56:09.047	f	2026-01-30 18:56:09.047	\N	\N	\N	\N	\N	REGULAR	2024-2025
282	STU20264352ea93	Omar Farid	omar.farid.8811a0@gmail.com	$2b$10$3f/P/LJI8syM.qqn2dq...vyS1u1KmAMF0ZW.z6WWpfKRNmi7DRLa	731	820	t	\N	2026-01-30 18:56:09.048	f	2026-01-30 18:56:09.048	\N	\N	\N	\N	\N	REGULAR	2024-2025
283	STU20268798fe10	Sara Yasser	sara.yasser.af69ac@gmail.com	$2b$10$3f/P/LJI8syM.qqn2dq...vyS1u1KmAMF0ZW.z6WWpfKRNmi7DRLa	731	820	t	\N	2026-01-30 18:56:09.049	f	2026-01-30 18:56:09.049	\N	\N	\N	\N	\N	REGULAR	2024-2025
284	STU202610031b4e	Laila Salem	laila.salem.3a8c75@gmail.com	$2b$10$3f/P/LJI8syM.qqn2dq...vyS1u1KmAMF0ZW.z6WWpfKRNmi7DRLa	731	820	t	\N	2026-01-30 18:56:09.05	f	2026-01-30 18:56:09.05	\N	\N	\N	\N	\N	REGULAR	2024-2025
285	STU202672248f01	Mohamed Farid	mohamed.farid.bfea63@gmail.com	$2b$10$3f/P/LJI8syM.qqn2dq...vyS1u1KmAMF0ZW.z6WWpfKRNmi7DRLa	731	820	t	\N	2026-01-30 18:56:09.051	f	2026-01-30 18:56:09.051	\N	\N	\N	\N	\N	REGULAR	2024-2025
286	STU202634125a60	Sara Zaki	sara.zaki.3851d8@gmail.com	$2b$10$3f/P/LJI8syM.qqn2dq...vyS1u1KmAMF0ZW.z6WWpfKRNmi7DRLa	731	820	t	\N	2026-01-30 18:56:09.051	f	2026-01-30 18:56:09.051	\N	\N	\N	\N	\N	REGULAR	2024-2025
287	STU202677880241	Hoda Farid	hoda.farid.e1d8e5@gmail.com	$2b$10$3f/P/LJI8syM.qqn2dq...vyS1u1KmAMF0ZW.z6WWpfKRNmi7DRLa	731	821	t	\N	2026-01-30 18:56:09.052	f	2026-01-30 18:56:09.052	\N	\N	\N	\N	\N	REGULAR	2024-2025
288	STU2026323591c1	Mona Saleh	mona.saleh.e2bd5c@gmail.com	$2b$10$3f/P/LJI8syM.qqn2dq...vyS1u1KmAMF0ZW.z6WWpfKRNmi7DRLa	731	821	t	\N	2026-01-30 18:56:09.053	f	2026-01-30 18:56:09.053	\N	\N	\N	\N	\N	REGULAR	2024-2025
289	STU20262063d44c	Mariam Ezzat	mariam.ezzat.14d104@gmail.com	$2b$10$3f/P/LJI8syM.qqn2dq...vyS1u1KmAMF0ZW.z6WWpfKRNmi7DRLa	731	821	t	\N	2026-01-30 18:56:09.053	f	2026-01-30 18:56:09.053	\N	\N	\N	\N	\N	REGULAR	2024-2025
290	STU20267181ef9c	Laila Fawzy	laila.fawzy.9fba06@gmail.com	$2b$10$3f/P/LJI8syM.qqn2dq...vyS1u1KmAMF0ZW.z6WWpfKRNmi7DRLa	731	821	t	\N	2026-01-30 18:56:09.054	f	2026-01-30 18:56:09.054	\N	\N	\N	\N	\N	REGULAR	2024-2025
291	STU202615426a58	Nour Kamel	nour.kamel.1191f6@gmail.com	$2b$10$3f/P/LJI8syM.qqn2dq...vyS1u1KmAMF0ZW.z6WWpfKRNmi7DRLa	731	821	t	\N	2026-01-30 18:56:09.055	f	2026-01-30 18:56:09.055	\N	\N	\N	\N	\N	REGULAR	2024-2025
292	STU2026187092b1	Ibrahim Farid	ibrahim.farid.246797@gmail.com	$2b$10$3f/P/LJI8syM.qqn2dq...vyS1u1KmAMF0ZW.z6WWpfKRNmi7DRLa	731	822	t	\N	2026-01-30 18:56:09.056	f	2026-01-30 18:56:09.056	\N	\N	\N	\N	\N	REGULAR	2024-2025
293	STU2026881587e4	Ibrahim Saleh	ibrahim.saleh.3dec1c@gmail.com	$2b$10$3f/P/LJI8syM.qqn2dq...vyS1u1KmAMF0ZW.z6WWpfKRNmi7DRLa	731	822	t	\N	2026-01-30 18:56:09.057	f	2026-01-30 18:56:09.057	\N	\N	\N	\N	\N	REGULAR	2024-2025
294	STU20269886bb14	Mohamed Kamel	mohamed.kamel.fe552f@gmail.com	$2b$10$3f/P/LJI8syM.qqn2dq...vyS1u1KmAMF0ZW.z6WWpfKRNmi7DRLa	731	822	t	\N	2026-01-30 18:56:09.057	f	2026-01-30 18:56:09.057	\N	\N	\N	\N	\N	REGULAR	2024-2025
295	STU20266655d827	Mona Hassan	mona.hassan.8d9bc7@gmail.com	$2b$10$3f/P/LJI8syM.qqn2dq...vyS1u1KmAMF0ZW.z6WWpfKRNmi7DRLa	731	822	t	\N	2026-01-30 18:56:09.058	f	2026-01-30 18:56:09.058	\N	\N	\N	\N	\N	REGULAR	2024-2025
296	STU20269829d9f3	Mona Salem	mona.salem.04f607@gmail.com	$2b$10$3f/P/LJI8syM.qqn2dq...vyS1u1KmAMF0ZW.z6WWpfKRNmi7DRLa	731	822	t	\N	2026-01-30 18:56:09.059	f	2026-01-30 18:56:09.059	\N	\N	\N	\N	\N	REGULAR	2024-2025
297	STU20269539b913	Salma Zaki	salma.zaki.84e38c@gmail.com	$2b$10$3f/P/LJI8syM.qqn2dq...vyS1u1KmAMF0ZW.z6WWpfKRNmi7DRLa	732	819	t	\N	2026-01-30 18:56:09.06	f	2026-01-30 18:56:09.06	\N	\N	\N	\N	\N	REGULAR	2024-2025
298	STU20263777a05b	Ibrahim Samir	ibrahim.samir.2ac6ee@gmail.com	$2b$10$3f/P/LJI8syM.qqn2dq...vyS1u1KmAMF0ZW.z6WWpfKRNmi7DRLa	732	819	t	\N	2026-01-30 18:56:09.06	f	2026-01-30 18:56:09.06	\N	\N	\N	\N	\N	REGULAR	2024-2025
299	STU202664946248	Ibrahim Salem	ibrahim.salem.4db990@gmail.com	$2b$10$3f/P/LJI8syM.qqn2dq...vyS1u1KmAMF0ZW.z6WWpfKRNmi7DRLa	732	819	t	\N	2026-01-30 18:56:09.061	f	2026-01-30 18:56:09.061	\N	\N	\N	\N	\N	REGULAR	2024-2025
300	STU2026128108cd	Omar Ezzat	omar.ezzat.e8d454@gmail.com	$2b$10$3f/P/LJI8syM.qqn2dq...vyS1u1KmAMF0ZW.z6WWpfKRNmi7DRLa	732	819	t	\N	2026-01-30 18:56:09.062	f	2026-01-30 18:56:09.062	\N	\N	\N	\N	\N	REGULAR	2024-2025
301	STU202626524029	Ibrahim Ali	ibrahim.ali.3bd226@gmail.com	$2b$10$3f/P/LJI8syM.qqn2dq...vyS1u1KmAMF0ZW.z6WWpfKRNmi7DRLa	732	819	t	\N	2026-01-30 18:56:09.063	f	2026-01-30 18:56:09.063	\N	\N	\N	\N	\N	REGULAR	2024-2025
302	STU202623908537	Ahmed Fawzy	ahmed.fawzy.5837a8@gmail.com	$2b$10$3f/P/LJI8syM.qqn2dq...vyS1u1KmAMF0ZW.z6WWpfKRNmi7DRLa	732	820	t	\N	2026-01-30 18:56:09.064	f	2026-01-30 18:56:09.064	\N	\N	\N	\N	\N	REGULAR	2024-2025
303	STU202661891b26	Ali Samir	ali.samir.4157b4@gmail.com	$2b$10$3f/P/LJI8syM.qqn2dq...vyS1u1KmAMF0ZW.z6WWpfKRNmi7DRLa	732	820	t	\N	2026-01-30 18:56:09.065	f	2026-01-30 18:56:09.065	\N	\N	\N	\N	\N	REGULAR	2024-2025
304	STU202619418379	Rania Adel	rania.adel.f80bdb@gmail.com	$2b$10$3f/P/LJI8syM.qqn2dq...vyS1u1KmAMF0ZW.z6WWpfKRNmi7DRLa	732	820	t	\N	2026-01-30 18:56:09.065	f	2026-01-30 18:56:09.065	\N	\N	\N	\N	\N	REGULAR	2024-2025
305	STU20265967a991	Mariam Farid	mariam.farid.951b37@gmail.com	$2b$10$3f/P/LJI8syM.qqn2dq...vyS1u1KmAMF0ZW.z6WWpfKRNmi7DRLa	732	820	t	\N	2026-01-30 18:56:09.066	f	2026-01-30 18:56:09.066	\N	\N	\N	\N	\N	REGULAR	2024-2025
306	STU202672433523	Ali Saeed	ali.saeed.453798@gmail.com	$2b$10$3f/P/LJI8syM.qqn2dq...vyS1u1KmAMF0ZW.z6WWpfKRNmi7DRLa	732	820	t	\N	2026-01-30 18:56:09.067	f	2026-01-30 18:56:09.067	\N	\N	\N	\N	\N	REGULAR	2024-2025
307	STU202655618ac5	Ali Saeed	ali.saeed.e7719f@gmail.com	$2b$10$3f/P/LJI8syM.qqn2dq...vyS1u1KmAMF0ZW.z6WWpfKRNmi7DRLa	732	821	t	\N	2026-01-30 18:56:09.069	f	2026-01-30 18:56:09.069	\N	\N	\N	\N	\N	REGULAR	2024-2025
308	STU20262263d3e9	Hoda Yasser	hoda.yasser.aa5dab@gmail.com	$2b$10$3f/P/LJI8syM.qqn2dq...vyS1u1KmAMF0ZW.z6WWpfKRNmi7DRLa	732	821	t	\N	2026-01-30 18:56:09.07	f	2026-01-30 18:56:09.07	\N	\N	\N	\N	\N	REGULAR	2024-2025
309	STU202644049a20	Mohamed Osman	mohamed.osman.6034d7@gmail.com	$2b$10$3f/P/LJI8syM.qqn2dq...vyS1u1KmAMF0ZW.z6WWpfKRNmi7DRLa	732	821	t	\N	2026-01-30 18:56:09.071	f	2026-01-30 18:56:09.071	\N	\N	\N	\N	\N	REGULAR	2024-2025
310	STU2026873870de	Ahmed Ali	ahmed.ali.e08876@gmail.com	$2b$10$3f/P/LJI8syM.qqn2dq...vyS1u1KmAMF0ZW.z6WWpfKRNmi7DRLa	732	821	t	\N	2026-01-30 18:56:09.072	f	2026-01-30 18:56:09.072	\N	\N	\N	\N	\N	REGULAR	2024-2025
311	STU20268912c7e7	Ali Fawzy	ali.fawzy.412fea@gmail.com	$2b$10$3f/P/LJI8syM.qqn2dq...vyS1u1KmAMF0ZW.z6WWpfKRNmi7DRLa	732	821	t	\N	2026-01-30 18:56:09.073	f	2026-01-30 18:56:09.073	\N	\N	\N	\N	\N	REGULAR	2024-2025
312	STU202696737e1d	Ali Adel	ali.adel.f8f823@gmail.com	$2b$10$3f/P/LJI8syM.qqn2dq...vyS1u1KmAMF0ZW.z6WWpfKRNmi7DRLa	732	822	t	\N	2026-01-30 18:56:09.074	f	2026-01-30 18:56:09.074	\N	\N	\N	\N	\N	REGULAR	2024-2025
313	STU202625750609	Amr Hady	amr.hady.675ff4@gmail.com	$2b$10$3f/P/LJI8syM.qqn2dq...vyS1u1KmAMF0ZW.z6WWpfKRNmi7DRLa	732	822	t	\N	2026-01-30 18:56:09.075	f	2026-01-30 18:56:09.075	\N	\N	\N	\N	\N	REGULAR	2024-2025
314	STU2026858781c1	Amr Farid	amr.farid.b45211@gmail.com	$2b$10$3f/P/LJI8syM.qqn2dq...vyS1u1KmAMF0ZW.z6WWpfKRNmi7DRLa	732	822	t	\N	2026-01-30 18:56:09.075	f	2026-01-30 18:56:09.075	\N	\N	\N	\N	\N	REGULAR	2024-2025
315	STU202648858a74	Nour Adel	nour.adel.168da2@gmail.com	$2b$10$3f/P/LJI8syM.qqn2dq...vyS1u1KmAMF0ZW.z6WWpfKRNmi7DRLa	732	822	t	\N	2026-01-30 18:56:09.082	f	2026-01-30 18:56:09.082	\N	\N	\N	\N	\N	REGULAR	2024-2025
316	STU202628222ec5	Youssef Nabil	youssef.nabil.d64e4b@gmail.com	$2b$10$3f/P/LJI8syM.qqn2dq...vyS1u1KmAMF0ZW.z6WWpfKRNmi7DRLa	732	822	t	\N	2026-01-30 18:56:09.083	f	2026-01-30 18:56:09.083	\N	\N	\N	\N	\N	REGULAR	2024-2025
275	STU202682264ab5	Ali Ezzat	ali.ezzat.a94933@gmail.com	$2b$10$3f/P/LJI8syM.qqn2dq...vyS1u1KmAMF0ZW.z6WWpfKRNmi7DRLa	730	822	t	dca894e0a6635bc69fbf794274e29f26e1f37cf64bb77db74336bfbee6477b6e	2026-01-30 18:56:09.042	f	2026-02-02 07:17:52.865	\N	\N	\N	\N	\N	REGULAR	2024-2025
317	ST1770989485135	Test Student	test1770989485135@example.com	password123	733	821	f	\N	2026-02-13 13:31:25.137	t	2026-02-15 18:24:54.342	\N	\N	\N	\N	\N	REGULAR	2025-2026
\.


--
-- Data for Name: AbsenceWarning; Type: TABLE DATA; Schema: public; Owner: -
--

COPY public."AbsenceWarning" (id, warning_type, absence_percentage, consecutive_days, email_sent, sent_at, student_id, material_id) FROM stdin;
1	ABSENCE_FAIL	100	\N	t	2026-02-01 21:22:53.855	276	318
2	ABSENCE_FAIL	100	\N	t	2026-02-01 21:22:53.964	272	318
3	ABSENCE_FAIL	100	\N	t	2026-02-01 21:22:54.369	273	318
4	ABSENCE_FAIL	100	\N	t	2026-02-01 21:22:54.681	275	318
5	ABSENCE_FAIL	100	\N	t	2026-02-01 21:22:54.853	274	318
\.


--
-- Data for Name: Admin; Type: TABLE DATA; Schema: public; Owner: -
--

COPY public."Admin" (id, name, email, password, created_at, updated_at, department_id, password_reset_expires, password_reset_token) FROM stdin;
266	رئيس قسم هندسة شبكات الحاسوب	head.730@university.edu	$2b$10$jf/FfJrPK6E0Mv3KPbAFCOWf0jc.qDJjy7eiZ36ApOSqD/61NZ7x2	2026-01-30 19:28:28.061	2026-01-30 20:21:40.77	730	\N	\N
264	عميد الكلية	dean@university.edu	$2b$10$jf/FfJrPK6E0Mv3KPbAFCOWf0jc.qDJjy7eiZ36ApOSqD/61NZ7x2	2026-01-30 19:28:28.053	2026-01-30 19:28:28.053	\N	\N	\N
265	رئيس قسم هندسة المعلومات والاتصالات	head.729@university.edu	$2b$10$jf/FfJrPK6E0Mv3KPbAFCOWf0jc.qDJjy7eiZ36ApOSqD/61NZ7x2	2026-01-30 19:28:28.059	2026-01-30 19:28:28.059	729	\N	\N
267	رئيس قسم هندسة الأمن السيبراني	head.731@university.edu	$2b$10$jf/FfJrPK6E0Mv3KPbAFCOWf0jc.qDJjy7eiZ36ApOSqD/61NZ7x2	2026-01-30 19:28:28.062	2026-01-30 19:28:28.062	731	\N	\N
268	رئيس قسم هندسة الأتمتة والذكاء الاصطناعي	head.732@university.edu	$2b$10$jf/FfJrPK6E0Mv3KPbAFCOWf0jc.qDJjy7eiZ36ApOSqD/61NZ7x2	2026-01-30 19:28:28.063	2026-01-30 19:28:28.063	732	\N	\N
\.


--
-- Data for Name: Geofence; Type: TABLE DATA; Schema: public; Owner: -
--

COPY public."Geofence" (id, name, latitude, longitude, radius_meters, created_at, updated_at) FROM stdin;
255	University Campus	33.3152	44.3661	500	2026-01-21 07:27:54.106	2026-01-21 07:27:54.106
257	home	33.291019	44.413967	50	2026-01-28 19:25:25.369	2026-01-28 19:25:25.369
258	USA	33.448376	-112.074036	50	2026-02-01 20:19:47.8	2026-02-01 20:19:47.8
\.


--
-- Data for Name: Teacher; Type: TABLE DATA; Schema: public; Owner: -
--

COPY public."Teacher" (id, name, email, password, department_id, created_at, updated_at, password_reset_expires, password_reset_token) FROM stdin;
109	Dr. Ahmed Ali	ahmed.ali@university.edu	$2b$10$01f0Tsp6lCKxNfGAjx7xpeaBtLKQgyq7va.FPkBgBHM3KAYXuuiQe	\N	2026-01-21 07:27:53.901	2026-01-21 07:27:53.901	\N	\N
119	Dr. Nour Hady	nour.hady.d8f1@gmail.com	$2b$10$iCRLpS4JirG7KxldAoh3QOJ61OTpRH8eVAdmtgagwhK8QenRmw9zO	729	2026-01-30 19:04:37.967	2026-01-30 19:04:37.967	\N	\N
121	Dr. Salma Mahmoud	salma.mahmoud.b750@gmail.com	$2b$10$iCRLpS4JirG7KxldAoh3QOJ61OTpRH8eVAdmtgagwhK8QenRmw9zO	731	2026-01-30 19:04:37.974	2026-01-30 19:04:37.974	\N	\N
122	Dr. Rania Hady	rania.hady.5d58@gmail.com	$2b$10$iCRLpS4JirG7KxldAoh3QOJ61OTpRH8eVAdmtgagwhK8QenRmw9zO	732	2026-01-30 19:04:37.976	2026-01-30 19:04:37.976	\N	\N
120	Dr. Amr Adel	amr.adel.a9cf@gmail.com	$2b$10$iCRLpS4JirG7KxldAoh3QOJ61OTpRH8eVAdmtgagwhK8QenRmw9zO	730	2026-01-30 19:04:37.972	2026-01-30 21:56:29.043	\N	\N
\.


--
-- Data for Name: Session; Type: TABLE DATA; Schema: public; Owner: -
--

COPY public."Session" (id, teacher_id, material_id, geofence_id, session_date, qr_secret, is_active, created_at, expires_at) FROM stdin;
213	120	318	257	2026-01-30 21:56:43.743	712490	f	2026-01-30 21:56:43.743	2026-01-30 22:56:43.741
214	120	318	257	2026-01-30 22:11:39.32	296755	f	2026-01-30 22:11:39.32	2026-01-30 23:11:39.319
215	120	318	257	2026-01-31 06:09:57.097	504776	f	2026-01-31 06:09:57.097	2026-01-31 07:09:57.096
216	120	318	257	2026-01-31 17:19:55.744	532819	f	2026-01-31 17:19:55.744	2026-01-31 18:19:55.742
217	120	318	257	2026-01-31 17:28:35.323	453594	f	2026-01-31 17:28:35.323	2026-01-31 18:28:35.322
218	120	318	257	2026-01-31 17:33:04.723	480799	f	2026-01-31 17:33:04.723	2026-01-31 18:33:04.721
219	120	318	257	2026-01-31 17:38:50.739	827118	f	2026-01-31 17:38:50.739	2026-01-31 18:38:50.738
220	120	318	257	2026-01-31 18:53:40.765	362254	f	2026-01-31 18:53:40.765	2026-01-31 19:53:40.764
221	120	318	257	2026-01-31 18:56:08.085	176822	f	2026-01-31 18:56:08.085	2026-01-31 19:01:08.085
222	120	318	257	2026-02-01 08:11:35.712	641970	f	2026-02-01 08:11:35.712	2026-02-01 08:16:35.71
223	120	318	258	2026-02-01 21:22:03.447	287568	f	2026-02-01 21:22:03.447	2026-02-01 21:27:03.446
224	120	318	257	2026-02-01 21:22:58.921	816853	f	2026-02-01 21:22:58.921	2026-02-01 21:27:58.914
225	120	318	258	2026-02-02 07:06:41.073	121634	f	2026-02-02 07:06:41.073	2026-02-02 07:11:41.07
226	120	318	258	2026-02-02 07:11:46.354	999344	f	2026-02-02 07:11:46.354	2026-02-02 07:16:46.353
227	120	318	257	2026-02-02 07:12:20.736	694649	f	2026-02-02 07:12:20.736	2026-02-02 07:17:20.735
228	120	318	257	2026-02-02 07:16:27.666	521497	f	2026-02-02 07:16:27.666	2026-02-02 07:21:27.664
229	120	318	257	2026-02-02 07:18:14.9	949765	f	2026-02-02 07:18:14.9	2026-02-02 07:23:14.899
230	120	318	258	2026-02-02 07:29:00.104	321679	f	2026-02-02 07:29:00.104	2026-02-02 07:34:00.102
231	120	318	257	2026-02-02 07:41:50.848	287763	f	2026-02-02 07:41:50.848	2026-02-02 07:46:50.846
\.


--
-- Data for Name: AttendanceRecord; Type: TABLE DATA; Schema: public; Owner: -
--

COPY public."AttendanceRecord" (id, session_id, student_id, token_hash, latitude, longitude, marked_by, marked_at, status) FROM stdin;
19	213	257	89ea3748f2146ef99138982550826ef177223bd7d793fa7e9ff49bbd079202fc	33.29128051986087	44.41387743184334	qr_scan	2026-01-30 21:57:00.852	PRESENT
20	214	257	26ff95ef8cd0dc83cf415b73af48c1bb2e1496b0437e7dcbdf6cf3d2d5356b9b	33.29124569004276	44.41397296038149	qr_scan	2026-01-30 22:12:12.549	PRESENT
21	216	257	6394adb46b4f8be46ec32e9790063d6033c6b99a7875e0fa1425c2118dc09c99	33.29124923539722	44.41396720753054	qr_scan	2026-01-31 17:22:01.268	PRESENT
22	216	272	\N	\N	\N	system_auto	2026-01-31 17:22:07.099	ABSENT
23	216	273	\N	\N	\N	system_auto	2026-01-31 17:22:07.099	ABSENT
24	216	274	\N	\N	\N	system_auto	2026-01-31 17:22:07.099	ABSENT
25	216	275	\N	\N	\N	system_auto	2026-01-31 17:22:07.099	ABSENT
26	216	276	\N	\N	\N	system_auto	2026-01-31 17:22:07.099	ABSENT
27	217	257	c6df1e864440c10551739db2d9bdd52a96eb1f422a0f94c6f1a69110b1c27e7c	33.29127971889992	44.41387799828157	qr_scan	2026-01-31 17:28:49.445	PRESENT
28	217	272	\N	\N	\N	system_auto	2026-01-31 17:28:53.647	ABSENT
29	217	273	\N	\N	\N	system_auto	2026-01-31 17:28:53.647	ABSENT
30	217	274	\N	\N	\N	system_auto	2026-01-31 17:28:53.647	ABSENT
31	217	275	\N	\N	\N	system_auto	2026-01-31 17:28:53.647	ABSENT
32	217	276	\N	\N	\N	system_auto	2026-01-31 17:28:53.647	ABSENT
33	218	272	\N	\N	\N	system_auto	2026-01-31 17:38:44.463	ABSENT
34	218	273	\N	\N	\N	system_auto	2026-01-31 17:38:44.463	ABSENT
35	218	274	\N	\N	\N	system_auto	2026-01-31 17:38:44.463	ABSENT
36	218	275	\N	\N	\N	system_auto	2026-01-31 17:38:44.463	ABSENT
37	218	276	\N	\N	\N	system_auto	2026-01-31 17:38:44.463	ABSENT
38	219	257	7692a66d22e667a346449e670715e6c07aa52763d1a953bd24e64ec88dee324f	33.29124923539722	44.41396720753054	qr_scan	2026-01-31 17:46:08.96	PRESENT
39	219	272	\N	\N	\N	system_auto	2026-01-31 17:47:30.676	ABSENT
40	219	273	\N	\N	\N	system_auto	2026-01-31 17:47:30.676	ABSENT
41	219	274	\N	\N	\N	system_auto	2026-01-31 17:47:30.676	ABSENT
42	219	275	\N	\N	\N	system_auto	2026-01-31 17:47:30.676	ABSENT
43	219	276	\N	\N	\N	system_auto	2026-01-31 17:47:30.676	ABSENT
44	220	272	\N	\N	\N	system_auto	2026-01-31 18:55:56.161	ABSENT
45	220	273	\N	\N	\N	system_auto	2026-01-31 18:55:56.161	ABSENT
46	220	274	\N	\N	\N	system_auto	2026-01-31 18:55:56.161	ABSENT
47	220	275	\N	\N	\N	system_auto	2026-01-31 18:55:56.161	ABSENT
48	220	276	\N	\N	\N	system_auto	2026-01-31 18:55:56.161	ABSENT
49	221	257	afbc6a2b3162cc26ff9cf390bc230102dc51c9a0750a6f0b8c3da1a478dfc5b7	33.2912797507145	44.41387799017467	qr_scan	2026-01-31 18:56:52.851	PRESENT
50	221	272	\N	\N	\N	system_auto	2026-01-31 18:56:58.652	ABSENT
51	221	273	\N	\N	\N	system_auto	2026-01-31 18:56:58.652	ABSENT
52	221	274	\N	\N	\N	system_auto	2026-01-31 18:56:58.652	ABSENT
53	221	275	\N	\N	\N	system_auto	2026-01-31 18:56:58.653	ABSENT
54	221	276	\N	\N	\N	system_auto	2026-01-31 18:56:58.653	ABSENT
55	222	272	\N	\N	\N	system_auto	2026-02-01 08:11:37.149	ABSENT
56	222	273	\N	\N	\N	system_auto	2026-02-01 08:11:37.149	ABSENT
57	222	274	\N	\N	\N	system_auto	2026-02-01 08:11:37.149	ABSENT
58	222	275	\N	\N	\N	system_auto	2026-02-01 08:11:37.149	ABSENT
59	222	276	\N	\N	\N	system_auto	2026-02-01 08:11:37.149	ABSENT
60	223	272	\N	\N	\N	system_auto	2026-02-01 21:22:51.915	ABSENT
61	223	273	\N	\N	\N	system_auto	2026-02-01 21:22:51.915	ABSENT
62	223	274	\N	\N	\N	system_auto	2026-02-01 21:22:51.915	ABSENT
63	223	275	\N	\N	\N	system_auto	2026-02-01 21:22:51.915	ABSENT
64	223	276	\N	\N	\N	system_auto	2026-02-01 21:22:51.915	ABSENT
65	224	272	\N	\N	\N	system_auto	2026-02-01 21:28:41.032	ABSENT
66	224	273	\N	\N	\N	system_auto	2026-02-01 21:28:41.032	ABSENT
67	224	274	\N	\N	\N	system_auto	2026-02-01 21:28:41.032	ABSENT
68	224	275	\N	\N	\N	system_auto	2026-02-01 21:28:41.032	ABSENT
69	224	276	\N	\N	\N	system_auto	2026-02-01 21:28:41.032	ABSENT
70	225	272	\N	\N	\N	system_auto	2026-02-02 07:07:54.86	ABSENT
71	225	273	\N	\N	\N	system_auto	2026-02-02 07:07:54.86	ABSENT
72	225	274	\N	\N	\N	system_auto	2026-02-02 07:07:54.86	ABSENT
73	225	275	\N	\N	\N	system_auto	2026-02-02 07:07:54.86	ABSENT
74	225	276	\N	\N	\N	system_auto	2026-02-02 07:07:54.86	ABSENT
75	226	272	\N	\N	\N	system_auto	2026-02-02 07:12:02.013	ABSENT
76	226	273	\N	\N	\N	system_auto	2026-02-02 07:12:02.013	ABSENT
77	226	274	\N	\N	\N	system_auto	2026-02-02 07:12:02.013	ABSENT
78	226	275	\N	\N	\N	system_auto	2026-02-02 07:12:02.013	ABSENT
79	226	276	\N	\N	\N	system_auto	2026-02-02 07:12:02.013	ABSENT
80	227	272	\N	\N	\N	system_auto	2026-02-02 07:12:33.374	ABSENT
81	227	273	\N	\N	\N	system_auto	2026-02-02 07:12:33.374	ABSENT
82	227	274	\N	\N	\N	system_auto	2026-02-02 07:12:33.374	ABSENT
83	227	275	\N	\N	\N	system_auto	2026-02-02 07:12:33.374	ABSENT
84	227	276	\N	\N	\N	system_auto	2026-02-02 07:12:33.374	ABSENT
85	228	272	\N	\N	\N	system_auto	2026-02-02 07:16:43.48	ABSENT
86	228	273	\N	\N	\N	system_auto	2026-02-02 07:16:43.48	ABSENT
87	228	274	\N	\N	\N	system_auto	2026-02-02 07:16:43.48	ABSENT
88	228	275	\N	\N	\N	system_auto	2026-02-02 07:16:43.48	ABSENT
89	228	276	\N	\N	\N	system_auto	2026-02-02 07:16:43.48	ABSENT
90	229	275	cac3a578a275a0f1b01b783c34d34ab52738c97c9c211fbd40d241f1d808289d	33.29127971842592	44.41387529835962	qr_scan	2026-02-02 07:18:19.079	PRESENT
91	229	272	\N	\N	\N	system_auto	2026-02-02 07:18:22.326	ABSENT
92	229	273	\N	\N	\N	system_auto	2026-02-02 07:18:22.326	ABSENT
93	229	274	\N	\N	\N	system_auto	2026-02-02 07:18:22.326	ABSENT
94	229	276	\N	\N	\N	system_auto	2026-02-02 07:18:22.326	ABSENT
95	230	272	\N	\N	\N	system_auto	2026-02-02 07:29:14.86	ABSENT
96	230	273	\N	\N	\N	system_auto	2026-02-02 07:29:14.86	ABSENT
97	230	274	\N	\N	\N	system_auto	2026-02-02 07:29:14.86	ABSENT
98	230	276	\N	\N	\N	system_auto	2026-02-02 07:29:14.86	ABSENT
99	230	275	\N	\N	\N	system_auto	2026-02-02 07:29:14.86	ABSENT
100	231	275	a4fce79e1c5fabe154d7ae67b0717da9f8bb870a84ef28b2b60abb4cd2edd5e4	33.29125269934455	44.41397059083599	qr_scan	2026-02-02 07:41:55.659	PRESENT
101	231	272	\N	\N	\N	system_auto	2026-02-02 07:42:01.366	ABSENT
102	231	273	\N	\N	\N	system_auto	2026-02-02 07:42:01.366	ABSENT
103	231	274	\N	\N	\N	system_auto	2026-02-02 07:42:01.366	ABSENT
104	231	276	\N	\N	\N	system_auto	2026-02-02 07:42:01.366	ABSENT
\.


--
-- Data for Name: CarriedSubject; Type: TABLE DATA; Schema: public; Owner: -
--

COPY public."CarriedSubject" (id, academic_year, created_at, student_id, material_id) FROM stdin;
1	2025-2026	2026-02-15 18:24:54.074	238	255
2	2025-2026	2026-02-15 18:24:54.092	238	249
3	2025-2026	2026-02-15 18:28:17.709	239	248
\.


--
-- Data for Name: Enrollment; Type: TABLE DATA; Schema: public; Owner: -
--

COPY public."Enrollment" (id, academic_year, result_status, is_carried, created_at, updated_at, student_id, material_id) FROM stdin;
128	2025	PASSED	f	2026-02-13 13:36:41.092	2026-02-13 13:36:55.377	237	250
123	2025	BLOCKED_BY_ABSENCE	f	2026-02-13 13:36:41.065	2026-02-13 13:36:55.39	237	248
121	2025	PASSED	f	2026-02-13 13:36:41.053	2026-02-13 13:36:55.395	237	249
119	2025	FAILED	f	2026-02-13 13:36:41.004	2026-02-13 13:36:55.399	237	245
126	2025	PASSED	f	2026-02-13 13:36:41.084	2026-02-13 13:37:07.454	237	246
125	2025	PASSED	f	2026-02-13 13:36:41.078	2026-02-13 13:37:07.463	237	247
129	2025	PASSED	f	2026-02-13 13:36:41.099	2026-02-13 13:37:24.496	237	254
127	2025	FAILED	f	2026-02-13 13:36:41.088	2026-02-13 13:37:24.505	237	255
124	2025	PASSED	f	2026-02-13 13:36:41.071	2026-02-13 13:37:24.51	237	252
122	2025	FAILED	f	2026-02-13 13:36:41.058	2026-02-13 13:37:24.513	237	253
120	2025	PASSED	f	2026-02-13 13:36:41.046	2026-02-13 13:37:24.515	237	251
19	2026	IN_PROGRESS	f	2026-02-01 20:21:48.701	2026-02-01 20:21:48.701	237	245
20	2026	IN_PROGRESS	f	2026-02-01 20:21:48.724	2026-02-01 20:21:48.724	237	251
21	2026	IN_PROGRESS	f	2026-02-01 20:21:48.731	2026-02-01 20:21:48.731	237	249
22	2026	IN_PROGRESS	f	2026-02-01 20:21:48.737	2026-02-01 20:21:48.737	237	253
23	2026	IN_PROGRESS	f	2026-02-01 20:21:48.743	2026-02-01 20:21:48.743	237	248
24	2026	IN_PROGRESS	f	2026-02-01 20:21:48.754	2026-02-01 20:21:48.754	237	252
25	2026	IN_PROGRESS	f	2026-02-01 20:21:48.76	2026-02-01 20:21:48.76	237	247
26	2026	IN_PROGRESS	f	2026-02-01 20:21:48.766	2026-02-01 20:21:48.766	237	246
27	2026	IN_PROGRESS	f	2026-02-01 20:21:48.771	2026-02-01 20:21:48.771	237	255
28	2026	IN_PROGRESS	f	2026-02-01 20:21:48.776	2026-02-01 20:21:48.776	237	250
29	2026	IN_PROGRESS	f	2026-02-01 20:21:48.781	2026-02-01 20:21:48.781	237	254
30	202	IN_PROGRESS	f	2026-02-11 08:50:18.757	2026-02-11 08:50:18.757	259	287
31	202	IN_PROGRESS	f	2026-02-11 08:50:18.78	2026-02-11 08:50:18.78	259	290
32	202	IN_PROGRESS	f	2026-02-11 08:50:18.787	2026-02-11 08:50:18.787	259	295
33	202	IN_PROGRESS	f	2026-02-11 08:50:18.792	2026-02-11 08:50:18.792	259	289
34	202	IN_PROGRESS	f	2026-02-11 08:50:18.798	2026-02-11 08:50:18.798	259	294
35	202	IN_PROGRESS	f	2026-02-11 08:50:18.806	2026-02-11 08:50:18.806	259	288
36	202	IN_PROGRESS	f	2026-02-11 08:50:18.813	2026-02-11 08:50:18.813	259	297
37	202	IN_PROGRESS	f	2026-02-11 08:50:18.819	2026-02-11 08:50:18.819	259	292
38	202	IN_PROGRESS	f	2026-02-11 08:50:18.825	2026-02-11 08:50:18.825	259	296
39	202	IN_PROGRESS	f	2026-02-11 08:50:18.83	2026-02-11 08:50:18.83	259	291
40	202	IN_PROGRESS	f	2026-02-11 08:50:18.836	2026-02-11 08:50:18.836	259	293
41	2024-2025	IN_PROGRESS	f	2026-02-13 13:31:25.292	2026-02-13 13:31:25.292	317	256
42	2024-2025	IN_PROGRESS	f	2026-02-13 13:31:25.3	2026-02-13 13:31:25.3	317	257
43	2024-2025	IN_PROGRESS	f	2026-02-13 13:31:25.302	2026-02-13 13:31:25.302	317	258
44	2024-2025	IN_PROGRESS	f	2026-02-13 13:31:25.304	2026-02-13 13:31:25.304	317	259
45	2024-2025	IN_PROGRESS	f	2026-02-13 13:31:25.306	2026-02-13 13:31:25.306	317	260
46	2024-2025	IN_PROGRESS	f	2026-02-13 13:31:25.308	2026-02-13 13:31:25.308	317	261
47	2024-2025	IN_PROGRESS	f	2026-02-13 13:31:25.311	2026-02-13 13:31:25.311	317	262
48	2024-2025	IN_PROGRESS	f	2026-02-13 13:31:25.312	2026-02-13 13:31:25.312	317	263
49	2024-2025	IN_PROGRESS	f	2026-02-13 13:31:25.314	2026-02-13 13:31:25.314	317	264
50	2024-2025	IN_PROGRESS	f	2026-02-13 13:31:25.315	2026-02-13 13:31:25.315	317	265
51	2024-2025	IN_PROGRESS	f	2026-02-13 13:31:25.317	2026-02-13 13:31:25.317	317	298
52	2024-2025	IN_PROGRESS	f	2026-02-13 13:31:25.318	2026-02-13 13:31:25.318	317	299
53	2024-2025	IN_PROGRESS	f	2026-02-13 13:31:25.319	2026-02-13 13:31:25.319	317	300
54	2024-2025	IN_PROGRESS	f	2026-02-13 13:31:25.321	2026-02-13 13:31:25.321	317	301
55	2024-2025	IN_PROGRESS	f	2026-02-13 13:31:25.322	2026-02-13 13:31:25.322	317	302
56	2024-2025	IN_PROGRESS	f	2026-02-13 13:31:25.323	2026-02-13 13:31:25.323	317	303
57	2024-2025	IN_PROGRESS	f	2026-02-13 13:31:25.325	2026-02-13 13:31:25.325	317	304
58	2024-2025	IN_PROGRESS	f	2026-02-13 13:31:25.327	2026-02-13 13:31:25.327	317	305
59	2024-2025	IN_PROGRESS	f	2026-02-13 13:31:25.328	2026-02-13 13:31:25.328	317	306
60	2024-2025	IN_PROGRESS	f	2026-02-13 13:31:25.329	2026-02-13 13:31:25.329	317	307
61	2024-2025	IN_PROGRESS	f	2026-02-13 13:31:25.33	2026-02-13 13:31:25.33	317	336
62	2024-2025	IN_PROGRESS	f	2026-02-13 13:31:25.332	2026-02-13 13:31:25.332	317	337
63	2024-2025	IN_PROGRESS	f	2026-02-13 13:31:25.333	2026-02-13 13:31:25.333	317	338
64	2024-2025	IN_PROGRESS	f	2026-02-13 13:31:25.334	2026-02-13 13:31:25.334	317	339
65	2024-2025	IN_PROGRESS	f	2026-02-13 13:31:25.335	2026-02-13 13:31:25.335	317	340
66	2024-2025	IN_PROGRESS	f	2026-02-13 13:31:25.337	2026-02-13 13:31:25.337	317	341
67	2024-2025	IN_PROGRESS	f	2026-02-13 13:31:25.338	2026-02-13 13:31:25.338	317	342
68	2024-2025	IN_PROGRESS	f	2026-02-13 13:31:25.339	2026-02-13 13:31:25.339	317	343
69	2024-2025	IN_PROGRESS	f	2026-02-13 13:31:25.34	2026-02-13 13:31:25.34	317	344
70	2024-2025	IN_PROGRESS	f	2026-02-13 13:31:25.341	2026-02-13 13:31:25.341	317	345
71	2024-2025	IN_PROGRESS	f	2026-02-13 13:31:25.343	2026-02-13 13:31:25.343	317	372
72	2024-2025	IN_PROGRESS	f	2026-02-13 13:31:25.345	2026-02-13 13:31:25.345	317	373
73	2024-2025	IN_PROGRESS	f	2026-02-13 13:31:25.346	2026-02-13 13:31:25.346	317	374
74	2024-2025	IN_PROGRESS	f	2026-02-13 13:31:25.348	2026-02-13 13:31:25.348	317	375
75	2024-2025	IN_PROGRESS	f	2026-02-13 13:31:25.349	2026-02-13 13:31:25.349	317	376
76	2024-2025	IN_PROGRESS	f	2026-02-13 13:31:25.351	2026-02-13 13:31:25.351	317	377
77	2024-2025	IN_PROGRESS	f	2026-02-13 13:31:25.352	2026-02-13 13:31:25.352	317	378
78	2024-2025	IN_PROGRESS	f	2026-02-13 13:31:25.354	2026-02-13 13:31:25.354	317	379
79	2024-2025	IN_PROGRESS	f	2026-02-13 13:31:25.355	2026-02-13 13:31:25.355	317	380
140	2024-2025	PASSED	f	2026-02-14 21:00:36.348	2026-02-14 21:01:01.11	238	254
139	2024-2025	PASSED	f	2026-02-14 21:00:36.346	2026-02-14 21:01:01.114	238	250
138	2024-2025	FAILED	f	2026-02-14 21:00:36.344	2026-02-14 21:01:01.116	238	255
137	2024-2025	PASSED	f	2026-02-14 21:00:36.342	2026-02-14 21:01:01.119	238	246
136	2024-2025	PASSED	f	2026-02-14 21:00:36.339	2026-02-14 21:01:01.121	238	247
135	2024-2025	PASSED	f	2026-02-14 21:00:36.334	2026-02-14 21:01:01.123	238	252
134	2024-2025	PASSED	f	2026-02-14 21:00:36.333	2026-02-14 21:01:01.124	238	248
133	2024-2025	PASSED	f	2026-02-14 21:00:36.33	2026-02-14 21:01:01.125	238	253
132	2024-2025	FAILED	f	2026-02-14 21:00:36.328	2026-02-14 21:01:01.126	238	249
131	2024-2025	PASSED	f	2026-02-14 21:00:36.325	2026-02-14 21:01:01.127	238	251
130	2024-2025	PASSED	f	2026-02-14 21:00:36.305	2026-02-14 21:01:01.128	238	245
146	2025-2024	PASSED	f	2026-02-14 21:19:50.58	2026-02-14 21:20:14.965	237	252
145	2025-2024	PASSED	f	2026-02-14 21:19:50.576	2026-02-14 21:20:14.967	237	248
144	2025-2024	PASSED	f	2026-02-14 21:19:50.574	2026-02-14 21:20:14.97	237	253
143	2025-2024	PASSED	f	2026-02-14 21:19:50.571	2026-02-14 21:20:14.972	237	249
142	2025-2024	PASSED	f	2026-02-14 21:19:50.566	2026-02-14 21:20:14.973	237	251
141	2025-2024	PASSED	f	2026-02-14 21:19:50.56	2026-02-14 21:20:14.976	237	245
151	2025-2024	PASSED	f	2026-02-14 21:19:50.595	2026-02-14 21:20:14.946	237	254
150	2025-2024	PASSED	f	2026-02-14 21:19:50.594	2026-02-14 21:20:14.954	237	250
149	2025-2024	PASSED	f	2026-02-14 21:19:50.592	2026-02-14 21:20:14.955	237	255
148	2025-2024	PASSED	f	2026-02-14 21:19:50.589	2026-02-14 21:20:14.956	237	246
147	2025-2024	PASSED	f	2026-02-14 21:19:50.584	2026-02-14 21:20:14.958	237	247
162	2024-2025	PASSED	f	2026-02-14 21:23:34.247	2026-02-14 21:23:54.713	237	254
161	2024-2025	PASSED	f	2026-02-14 21:23:34.243	2026-02-14 21:23:54.715	237	250
160	2024-2025	PASSED	f	2026-02-14 21:23:34.24	2026-02-14 21:23:54.716	237	255
159	2024-2025	PASSED	f	2026-02-14 21:23:34.238	2026-02-14 21:23:54.717	237	246
158	2024-2025	PASSED	f	2026-02-14 21:23:34.236	2026-02-14 21:23:54.718	237	247
157	2024-2025	PASSED	f	2026-02-14 21:23:34.235	2026-02-14 21:23:54.718	237	252
156	2024-2025	PASSED	f	2026-02-14 21:23:34.233	2026-02-14 21:23:54.719	237	248
155	2024-2025	PASSED	f	2026-02-14 21:23:34.231	2026-02-14 21:23:54.721	237	253
154	2024-2025	PASSED	f	2026-02-14 21:23:34.23	2026-02-14 21:23:54.722	237	249
153	2024-2025	PASSED	f	2026-02-14 21:23:34.227	2026-02-14 21:23:54.723	237	251
152	2024-2025	PASSED	f	2026-02-14 21:23:34.222	2026-02-14 21:23:54.724	237	245
163	2025-2026	IN_PROGRESS	f	2026-02-15 18:24:54.103	2026-02-15 18:24:54.103	238	256
164	2025-2026	IN_PROGRESS	f	2026-02-15 18:24:54.112	2026-02-15 18:24:54.112	238	257
165	2025-2026	IN_PROGRESS	f	2026-02-15 18:24:54.115	2026-02-15 18:24:54.115	238	258
166	2025-2026	IN_PROGRESS	f	2026-02-15 18:24:54.118	2026-02-15 18:24:54.118	238	259
167	2025-2026	IN_PROGRESS	f	2026-02-15 18:24:54.121	2026-02-15 18:24:54.121	238	260
168	2025-2026	IN_PROGRESS	f	2026-02-15 18:24:54.122	2026-02-15 18:24:54.122	238	261
169	2025-2026	IN_PROGRESS	f	2026-02-15 18:24:54.125	2026-02-15 18:24:54.125	238	262
170	2025-2026	IN_PROGRESS	f	2026-02-15 18:24:54.127	2026-02-15 18:24:54.127	238	263
171	2025-2026	IN_PROGRESS	f	2026-02-15 18:24:54.129	2026-02-15 18:24:54.129	238	264
172	2025-2026	IN_PROGRESS	f	2026-02-15 18:24:54.131	2026-02-15 18:24:54.131	238	265
173	2025-2026	IN_PROGRESS	f	2026-02-15 18:24:54.132	2026-02-15 18:24:54.132	238	298
174	2025-2026	IN_PROGRESS	f	2026-02-15 18:24:54.134	2026-02-15 18:24:54.134	238	299
175	2025-2026	IN_PROGRESS	f	2026-02-15 18:24:54.136	2026-02-15 18:24:54.136	238	300
176	2025-2026	IN_PROGRESS	f	2026-02-15 18:24:54.144	2026-02-15 18:24:54.144	238	301
177	2025-2026	IN_PROGRESS	f	2026-02-15 18:24:54.147	2026-02-15 18:24:54.147	238	302
178	2025-2026	IN_PROGRESS	f	2026-02-15 18:24:54.15	2026-02-15 18:24:54.15	238	303
179	2025-2026	IN_PROGRESS	f	2026-02-15 18:24:54.152	2026-02-15 18:24:54.152	238	304
180	2025-2026	IN_PROGRESS	f	2026-02-15 18:24:54.154	2026-02-15 18:24:54.154	238	305
181	2025-2026	IN_PROGRESS	f	2026-02-15 18:24:54.156	2026-02-15 18:24:54.156	238	306
182	2025-2026	IN_PROGRESS	f	2026-02-15 18:24:54.158	2026-02-15 18:24:54.158	238	307
183	2025-2026	IN_PROGRESS	f	2026-02-15 18:24:54.16	2026-02-15 18:24:54.16	238	336
184	2025-2026	IN_PROGRESS	f	2026-02-15 18:24:54.162	2026-02-15 18:24:54.162	238	337
185	2025-2026	IN_PROGRESS	f	2026-02-15 18:24:54.164	2026-02-15 18:24:54.164	238	338
186	2025-2026	IN_PROGRESS	f	2026-02-15 18:24:54.166	2026-02-15 18:24:54.166	238	339
187	2025-2026	IN_PROGRESS	f	2026-02-15 18:24:54.168	2026-02-15 18:24:54.168	238	340
188	2025-2026	IN_PROGRESS	f	2026-02-15 18:24:54.171	2026-02-15 18:24:54.171	238	341
189	2025-2026	IN_PROGRESS	f	2026-02-15 18:24:54.173	2026-02-15 18:24:54.173	238	342
190	2025-2026	IN_PROGRESS	f	2026-02-15 18:24:54.175	2026-02-15 18:24:54.175	238	343
191	2025-2026	IN_PROGRESS	f	2026-02-15 18:24:54.176	2026-02-15 18:24:54.176	238	344
192	2025-2026	IN_PROGRESS	f	2026-02-15 18:24:54.178	2026-02-15 18:24:54.178	238	345
193	2025-2026	IN_PROGRESS	f	2026-02-15 18:24:54.18	2026-02-15 18:24:54.18	238	372
194	2025-2026	IN_PROGRESS	f	2026-02-15 18:24:54.182	2026-02-15 18:24:54.182	238	373
195	2025-2026	IN_PROGRESS	f	2026-02-15 18:24:54.185	2026-02-15 18:24:54.185	238	374
196	2025-2026	IN_PROGRESS	f	2026-02-15 18:24:54.186	2026-02-15 18:24:54.186	238	375
197	2025-2026	IN_PROGRESS	f	2026-02-15 18:24:54.188	2026-02-15 18:24:54.188	238	376
198	2025-2026	IN_PROGRESS	f	2026-02-15 18:24:54.19	2026-02-15 18:24:54.19	238	377
199	2025-2026	IN_PROGRESS	f	2026-02-15 18:24:54.192	2026-02-15 18:24:54.192	238	378
200	2025-2026	IN_PROGRESS	f	2026-02-15 18:24:54.194	2026-02-15 18:24:54.194	238	379
201	2025-2026	IN_PROGRESS	f	2026-02-15 18:24:54.196	2026-02-15 18:24:54.196	238	380
202	2025-2026	IN_PROGRESS	t	2026-02-15 18:24:54.199	2026-02-15 18:24:54.199	238	255
203	2025-2026	IN_PROGRESS	t	2026-02-15 18:24:54.201	2026-02-15 18:24:54.201	238	249
204	2025-2026	IN_PROGRESS	f	2026-02-15 18:24:54.237	2026-02-15 18:24:54.237	237	256
205	2025-2026	IN_PROGRESS	f	2026-02-15 18:24:54.239	2026-02-15 18:24:54.239	237	257
206	2025-2026	IN_PROGRESS	f	2026-02-15 18:24:54.242	2026-02-15 18:24:54.242	237	258
207	2025-2026	IN_PROGRESS	f	2026-02-15 18:24:54.244	2026-02-15 18:24:54.244	237	259
208	2025-2026	IN_PROGRESS	f	2026-02-15 18:24:54.246	2026-02-15 18:24:54.246	237	260
209	2025-2026	IN_PROGRESS	f	2026-02-15 18:24:54.248	2026-02-15 18:24:54.248	237	261
210	2025-2026	IN_PROGRESS	f	2026-02-15 18:24:54.25	2026-02-15 18:24:54.25	237	262
211	2025-2026	IN_PROGRESS	f	2026-02-15 18:24:54.252	2026-02-15 18:24:54.252	237	263
212	2025-2026	IN_PROGRESS	f	2026-02-15 18:24:54.255	2026-02-15 18:24:54.255	237	264
213	2025-2026	IN_PROGRESS	f	2026-02-15 18:24:54.257	2026-02-15 18:24:54.257	237	265
214	2025-2026	IN_PROGRESS	f	2026-02-15 18:24:54.259	2026-02-15 18:24:54.259	237	298
215	2025-2026	IN_PROGRESS	f	2026-02-15 18:24:54.261	2026-02-15 18:24:54.261	237	299
216	2025-2026	IN_PROGRESS	f	2026-02-15 18:24:54.263	2026-02-15 18:24:54.263	237	300
217	2025-2026	IN_PROGRESS	f	2026-02-15 18:24:54.265	2026-02-15 18:24:54.265	237	301
218	2025-2026	IN_PROGRESS	f	2026-02-15 18:24:54.267	2026-02-15 18:24:54.267	237	302
219	2025-2026	IN_PROGRESS	f	2026-02-15 18:24:54.269	2026-02-15 18:24:54.269	237	303
220	2025-2026	IN_PROGRESS	f	2026-02-15 18:24:54.271	2026-02-15 18:24:54.271	237	304
221	2025-2026	IN_PROGRESS	f	2026-02-15 18:24:54.273	2026-02-15 18:24:54.273	237	305
222	2025-2026	IN_PROGRESS	f	2026-02-15 18:24:54.275	2026-02-15 18:24:54.275	237	306
223	2025-2026	IN_PROGRESS	f	2026-02-15 18:24:54.277	2026-02-15 18:24:54.277	237	307
224	2025-2026	IN_PROGRESS	f	2026-02-15 18:24:54.279	2026-02-15 18:24:54.279	237	336
225	2025-2026	IN_PROGRESS	f	2026-02-15 18:24:54.282	2026-02-15 18:24:54.282	237	337
226	2025-2026	IN_PROGRESS	f	2026-02-15 18:24:54.284	2026-02-15 18:24:54.284	237	338
227	2025-2026	IN_PROGRESS	f	2026-02-15 18:24:54.291	2026-02-15 18:24:54.291	237	339
228	2025-2026	IN_PROGRESS	f	2026-02-15 18:24:54.295	2026-02-15 18:24:54.295	237	340
229	2025-2026	IN_PROGRESS	f	2026-02-15 18:24:54.297	2026-02-15 18:24:54.297	237	341
230	2025-2026	IN_PROGRESS	f	2026-02-15 18:24:54.299	2026-02-15 18:24:54.299	237	342
231	2025-2026	IN_PROGRESS	f	2026-02-15 18:24:54.301	2026-02-15 18:24:54.301	237	343
232	2025-2026	IN_PROGRESS	f	2026-02-15 18:24:54.302	2026-02-15 18:24:54.302	237	344
233	2025-2026	IN_PROGRESS	f	2026-02-15 18:24:54.304	2026-02-15 18:24:54.304	237	345
234	2025-2026	IN_PROGRESS	f	2026-02-15 18:24:54.307	2026-02-15 18:24:54.307	237	372
235	2025-2026	IN_PROGRESS	f	2026-02-15 18:24:54.309	2026-02-15 18:24:54.309	237	373
236	2025-2026	IN_PROGRESS	f	2026-02-15 18:24:54.311	2026-02-15 18:24:54.311	237	374
237	2025-2026	IN_PROGRESS	f	2026-02-15 18:24:54.313	2026-02-15 18:24:54.313	237	375
238	2025-2026	IN_PROGRESS	f	2026-02-15 18:24:54.315	2026-02-15 18:24:54.315	237	376
239	2025-2026	IN_PROGRESS	f	2026-02-15 18:24:54.317	2026-02-15 18:24:54.317	237	377
240	2025-2026	IN_PROGRESS	f	2026-02-15 18:24:54.319	2026-02-15 18:24:54.319	237	378
241	2025-2026	IN_PROGRESS	f	2026-02-15 18:24:54.32	2026-02-15 18:24:54.32	237	379
242	2025-2026	IN_PROGRESS	f	2026-02-15 18:24:54.322	2026-02-15 18:24:54.322	237	380
243	2025-2026	IN_PROGRESS	f	2026-02-15 18:24:54.353	2026-02-15 18:24:54.353	317	266
244	2025-2026	IN_PROGRESS	f	2026-02-15 18:24:54.355	2026-02-15 18:24:54.355	317	267
245	2025-2026	IN_PROGRESS	f	2026-02-15 18:24:54.356	2026-02-15 18:24:54.356	317	268
246	2025-2026	IN_PROGRESS	f	2026-02-15 18:24:54.359	2026-02-15 18:24:54.359	317	269
247	2025-2026	IN_PROGRESS	f	2026-02-15 18:24:54.362	2026-02-15 18:24:54.362	317	270
248	2025-2026	IN_PROGRESS	f	2026-02-15 18:24:54.364	2026-02-15 18:24:54.364	317	271
249	2025-2026	IN_PROGRESS	f	2026-02-15 18:24:54.366	2026-02-15 18:24:54.366	317	272
250	2025-2026	IN_PROGRESS	f	2026-02-15 18:24:54.371	2026-02-15 18:24:54.371	317	273
251	2025-2026	IN_PROGRESS	f	2026-02-15 18:24:54.373	2026-02-15 18:24:54.373	317	274
252	2025-2026	IN_PROGRESS	f	2026-02-15 18:24:54.375	2026-02-15 18:24:54.375	317	275
253	2025-2026	IN_PROGRESS	f	2026-02-15 18:24:54.377	2026-02-15 18:24:54.377	317	276
254	2025-2026	IN_PROGRESS	f	2026-02-15 18:24:54.379	2026-02-15 18:24:54.379	317	308
255	2025-2026	IN_PROGRESS	f	2026-02-15 18:24:54.381	2026-02-15 18:24:54.381	317	309
256	2025-2026	IN_PROGRESS	f	2026-02-15 18:24:54.383	2026-02-15 18:24:54.383	317	310
257	2025-2026	IN_PROGRESS	f	2026-02-15 18:24:54.384	2026-02-15 18:24:54.384	317	311
258	2025-2026	IN_PROGRESS	f	2026-02-15 18:24:54.386	2026-02-15 18:24:54.386	317	312
259	2025-2026	IN_PROGRESS	f	2026-02-15 18:24:54.388	2026-02-15 18:24:54.388	317	313
260	2025-2026	IN_PROGRESS	f	2026-02-15 18:24:54.39	2026-02-15 18:24:54.39	317	314
261	2025-2026	IN_PROGRESS	f	2026-02-15 18:24:54.392	2026-02-15 18:24:54.392	317	315
262	2025-2026	IN_PROGRESS	f	2026-02-15 18:24:54.394	2026-02-15 18:24:54.394	317	316
263	2025-2026	IN_PROGRESS	f	2026-02-15 18:24:54.396	2026-02-15 18:24:54.396	317	317
264	2025-2026	IN_PROGRESS	f	2026-02-15 18:24:54.398	2026-02-15 18:24:54.398	317	346
265	2025-2026	IN_PROGRESS	f	2026-02-15 18:24:54.4	2026-02-15 18:24:54.4	317	347
266	2025-2026	IN_PROGRESS	f	2026-02-15 18:24:54.402	2026-02-15 18:24:54.402	317	348
267	2025-2026	IN_PROGRESS	f	2026-02-15 18:24:54.409	2026-02-15 18:24:54.409	317	349
268	2025-2026	IN_PROGRESS	f	2026-02-15 18:24:54.413	2026-02-15 18:24:54.413	317	350
269	2025-2026	IN_PROGRESS	f	2026-02-15 18:24:54.415	2026-02-15 18:24:54.415	317	351
270	2025-2026	IN_PROGRESS	f	2026-02-15 18:24:54.416	2026-02-15 18:24:54.416	317	352
271	2025-2026	IN_PROGRESS	f	2026-02-15 18:24:54.418	2026-02-15 18:24:54.418	317	353
272	2025-2026	IN_PROGRESS	f	2026-02-15 18:24:54.42	2026-02-15 18:24:54.42	317	354
273	2025-2026	IN_PROGRESS	f	2026-02-15 18:24:54.422	2026-02-15 18:24:54.422	317	381
274	2025-2026	IN_PROGRESS	f	2026-02-15 18:24:54.424	2026-02-15 18:24:54.424	317	382
275	2025-2026	IN_PROGRESS	f	2026-02-15 18:24:54.426	2026-02-15 18:24:54.426	317	383
276	2025-2026	IN_PROGRESS	f	2026-02-15 18:24:54.428	2026-02-15 18:24:54.428	317	384
277	2025-2026	IN_PROGRESS	f	2026-02-15 18:24:54.43	2026-02-15 18:24:54.43	317	385
278	2025-2026	IN_PROGRESS	f	2026-02-15 18:24:54.432	2026-02-15 18:24:54.432	317	386
279	2025-2026	IN_PROGRESS	f	2026-02-15 18:24:54.434	2026-02-15 18:24:54.434	317	387
280	2025-2026	IN_PROGRESS	f	2026-02-15 18:24:54.435	2026-02-15 18:24:54.435	317	388
281	2025-2026	IN_PROGRESS	f	2026-02-15 18:24:54.437	2026-02-15 18:24:54.437	317	389
292	2024-2025	PASSED	f	2026-02-15 18:25:29.464	2026-02-15 18:26:02.251	239	254
291	2024-2025	PASSED	f	2026-02-15 18:25:29.456	2026-02-15 18:26:02.266	239	250
290	2024-2025	PASSED	f	2026-02-15 18:25:29.451	2026-02-15 18:26:02.271	239	255
289	2024-2025	PASSED	f	2026-02-15 18:25:29.445	2026-02-15 18:26:02.274	239	246
288	2024-2025	PASSED	f	2026-02-15 18:25:29.438	2026-02-15 18:26:02.279	239	247
287	2024-2025	PASSED	f	2026-02-15 18:25:29.432	2026-02-15 18:26:02.282	239	252
286	2024-2025	FAILED	f	2026-02-15 18:25:29.426	2026-02-15 18:26:02.286	239	248
285	2024-2025	PASSED	f	2026-02-15 18:25:29.42	2026-02-15 18:26:02.291	239	253
284	2024-2025	PASSED	f	2026-02-15 18:25:29.412	2026-02-15 18:26:02.295	239	249
283	2024-2025	PASSED	f	2026-02-15 18:25:29.404	2026-02-15 18:26:02.298	239	251
282	2024-2025	PASSED	f	2026-02-15 18:25:29.388	2026-02-15 18:26:02.301	239	245
293	2025-2026	IN_PROGRESS	f	2026-02-15 18:28:17.716	2026-02-15 18:28:17.716	239	256
294	2025-2026	IN_PROGRESS	f	2026-02-15 18:28:17.724	2026-02-15 18:28:17.724	239	257
295	2025-2026	IN_PROGRESS	f	2026-02-15 18:28:17.728	2026-02-15 18:28:17.728	239	258
296	2025-2026	IN_PROGRESS	f	2026-02-15 18:28:17.73	2026-02-15 18:28:17.73	239	259
297	2025-2026	IN_PROGRESS	f	2026-02-15 18:28:17.733	2026-02-15 18:28:17.733	239	260
298	2025-2026	IN_PROGRESS	f	2026-02-15 18:28:17.735	2026-02-15 18:28:17.735	239	261
299	2025-2026	IN_PROGRESS	f	2026-02-15 18:28:17.737	2026-02-15 18:28:17.737	239	262
300	2025-2026	IN_PROGRESS	f	2026-02-15 18:28:17.74	2026-02-15 18:28:17.74	239	263
301	2025-2026	IN_PROGRESS	f	2026-02-15 18:28:17.743	2026-02-15 18:28:17.743	239	264
302	2025-2026	IN_PROGRESS	f	2026-02-15 18:28:17.746	2026-02-15 18:28:17.746	239	265
303	2025-2026	IN_PROGRESS	f	2026-02-15 18:28:17.748	2026-02-15 18:28:17.748	239	298
304	2025-2026	IN_PROGRESS	f	2026-02-15 18:28:17.75	2026-02-15 18:28:17.75	239	299
305	2025-2026	IN_PROGRESS	f	2026-02-15 18:28:17.753	2026-02-15 18:28:17.753	239	300
306	2025-2026	IN_PROGRESS	f	2026-02-15 18:28:17.755	2026-02-15 18:28:17.755	239	301
307	2025-2026	IN_PROGRESS	f	2026-02-15 18:28:17.757	2026-02-15 18:28:17.757	239	302
308	2025-2026	IN_PROGRESS	f	2026-02-15 18:28:17.759	2026-02-15 18:28:17.759	239	303
309	2025-2026	IN_PROGRESS	f	2026-02-15 18:28:17.762	2026-02-15 18:28:17.762	239	304
310	2025-2026	IN_PROGRESS	f	2026-02-15 18:28:17.764	2026-02-15 18:28:17.764	239	305
311	2025-2026	IN_PROGRESS	f	2026-02-15 18:28:17.766	2026-02-15 18:28:17.766	239	306
312	2025-2026	IN_PROGRESS	f	2026-02-15 18:28:17.769	2026-02-15 18:28:17.769	239	307
313	2025-2026	IN_PROGRESS	f	2026-02-15 18:28:17.771	2026-02-15 18:28:17.771	239	336
314	2025-2026	IN_PROGRESS	f	2026-02-15 18:28:17.773	2026-02-15 18:28:17.773	239	337
315	2025-2026	IN_PROGRESS	f	2026-02-15 18:28:17.775	2026-02-15 18:28:17.775	239	338
316	2025-2026	IN_PROGRESS	f	2026-02-15 18:28:17.777	2026-02-15 18:28:17.777	239	339
317	2025-2026	IN_PROGRESS	f	2026-02-15 18:28:17.779	2026-02-15 18:28:17.779	239	340
318	2025-2026	IN_PROGRESS	f	2026-02-15 18:28:17.781	2026-02-15 18:28:17.781	239	341
319	2025-2026	IN_PROGRESS	f	2026-02-15 18:28:17.783	2026-02-15 18:28:17.783	239	342
320	2025-2026	IN_PROGRESS	f	2026-02-15 18:28:17.785	2026-02-15 18:28:17.785	239	343
321	2025-2026	IN_PROGRESS	f	2026-02-15 18:28:17.788	2026-02-15 18:28:17.788	239	344
322	2025-2026	IN_PROGRESS	f	2026-02-15 18:28:17.79	2026-02-15 18:28:17.79	239	345
323	2025-2026	IN_PROGRESS	f	2026-02-15 18:28:17.792	2026-02-15 18:28:17.792	239	372
324	2025-2026	IN_PROGRESS	f	2026-02-15 18:28:17.794	2026-02-15 18:28:17.794	239	373
325	2025-2026	IN_PROGRESS	f	2026-02-15 18:28:17.796	2026-02-15 18:28:17.796	239	374
326	2025-2026	IN_PROGRESS	f	2026-02-15 18:28:17.805	2026-02-15 18:28:17.805	239	375
327	2025-2026	IN_PROGRESS	f	2026-02-15 18:28:17.808	2026-02-15 18:28:17.808	239	376
328	2025-2026	IN_PROGRESS	f	2026-02-15 18:28:17.81	2026-02-15 18:28:17.81	239	377
329	2025-2026	IN_PROGRESS	f	2026-02-15 18:28:17.813	2026-02-15 18:28:17.813	239	378
330	2025-2026	IN_PROGRESS	f	2026-02-15 18:28:17.816	2026-02-15 18:28:17.816	239	379
331	2025-2026	IN_PROGRESS	f	2026-02-15 18:28:17.819	2026-02-15 18:28:17.819	239	380
332	2025-2026	IN_PROGRESS	t	2026-02-15 18:28:17.821	2026-02-15 18:28:17.821	239	248
\.


--
-- Data for Name: FailedAttempt; Type: TABLE DATA; Schema: public; Owner: -
--

COPY public."FailedAttempt" (id, session_id, student_id, error_type, error_message, ip_address, device_info, attempted_at, fingerprint_hash) FROM stdin;
72	\N	\N	INVALID_CREDENTIALS	Student login failed: Invalid password for ameerahmedzoro@gmail.com	::1	PostmanRuntime/7.51.0	2026-01-27 18:50:27.138	\N
73	\N	\N	EMAIL_NOT_VERIFIED	Student login failed: Email not verified for ameerahmedzoro@gmail.com	::1	Mozilla/5.0 (Windows NT 10.0; Win64; x64) AppleWebKit/537.36 (KHTML, like Gecko) Chrome/144.0.0.0 Safari/537.36 Edg/144.0.0.0	2026-01-27 18:57:18.385	\N
74	\N	\N	EMAIL_NOT_VERIFIED	Student login failed: Email not verified for ameerahmedzoro@gmail.com	::1	PostmanRuntime/7.51.0	2026-01-27 18:58:15.875	\N
77	\N	\N	INVALID_CREDENTIALS	Student login failed: Invalid password for ameerahmedzoro@gmail.com	::1	Mozilla/5.0 (Windows NT 10.0; Win64; x64) AppleWebKit/537.36 (KHTML, like Gecko) Chrome/144.0.0.0 Safari/537.36 Edg/144.0.0.0	2026-01-28 17:05:39.921	c462eb6dd0e0031cd6a0d06f785073585ba15adb86867aa5a73d4fc4a533b50f
78	\N	\N	INVALID_CREDENTIALS	Student login failed: Invalid password for ameerahmedzoro@gmail.com	::1	PostmanRuntime/7.51.0	2026-01-28 17:07:26.407	\N
79	\N	\N	EMAIL_NOT_VERIFIED	Student login failed: Email not verified for ameerahmedzoro@gmail.com	::1	Mozilla/5.0 (Windows NT 10.0; Win64; x64) AppleWebKit/537.36 (KHTML, like Gecko) Chrome/144.0.0.0 Safari/537.36 Edg/144.0.0.0	2026-01-28 17:08:05.327	c462eb6dd0e0031cd6a0d06f785073585ba15adb86867aa5a73d4fc4a533b50f
80	\N	\N	EMAIL_NOT_VERIFIED	Student login failed: Email not verified for ameerahmedzoro@gmail.com	::1	PostmanRuntime/7.51.0	2026-01-28 17:08:22.344	\N
85	\N	\N	EMAIL_NOT_VERIFIED	Student login failed: Email not verified for ameerahmedzoro@gmail.com	::1	Mozilla/5.0 (Windows NT 10.0; Win64; x64) AppleWebKit/537.36 (KHTML, like Gecko) Chrome/144.0.0.0 Safari/537.36 Edg/144.0.0.0	2026-01-28 17:26:11.382	c462eb6dd0e0031cd6a0d06f785073585ba15adb86867aa5a73d4fc4a533b50f
86	\N	\N	EMAIL_NOT_VERIFIED	Student login failed: Email not verified for ameerahmedzoro@gmail.com	::1	Mozilla/5.0 (Windows NT 10.0; Win64; x64) AppleWebKit/537.36 (KHTML, like Gecko) Chrome/144.0.0.0 Safari/537.36 Edg/144.0.0.0	2026-01-28 17:26:12.533	c462eb6dd0e0031cd6a0d06f785073585ba15adb86867aa5a73d4fc4a533b50f
87	\N	\N	EMAIL_NOT_VERIFIED	Student login failed: Email not verified for ameerahmedzoro@gmail.com	::1	Mozilla/5.0 (Windows NT 10.0; Win64; x64) AppleWebKit/537.36 (KHTML, like Gecko) Chrome/144.0.0.0 Safari/537.36 Edg/144.0.0.0	2026-01-28 17:26:13.785	c462eb6dd0e0031cd6a0d06f785073585ba15adb86867aa5a73d4fc4a533b50f
88	\N	\N	EMAIL_NOT_VERIFIED	Student login failed: Email not verified for ameerahmedzoro@gmail.com	::1	Mozilla/5.0 (Windows NT 10.0; Win64; x64) AppleWebKit/537.36 (KHTML, like Gecko) Chrome/144.0.0.0 Safari/537.36 Edg/144.0.0.0	2026-01-28 17:26:14.5	c462eb6dd0e0031cd6a0d06f785073585ba15adb86867aa5a73d4fc4a533b50f
89	\N	\N	EMAIL_NOT_VERIFIED	Student login failed: Email not verified for ameerahmedzoro@gmail.com	::1	Mozilla/5.0 (Windows NT 10.0; Win64; x64) AppleWebKit/537.36 (KHTML, like Gecko) Chrome/144.0.0.0 Safari/537.36 Edg/144.0.0.0	2026-01-28 17:26:14.862	c462eb6dd0e0031cd6a0d06f785073585ba15adb86867aa5a73d4fc4a533b50f
90	\N	\N	EMAIL_NOT_VERIFIED	Student login failed: Email not verified for ameerahmedzoro@gmail.com	::1	Mozilla/5.0 (Windows NT 10.0; Win64; x64) AppleWebKit/537.36 (KHTML, like Gecko) Chrome/144.0.0.0 Safari/537.36 Edg/144.0.0.0	2026-01-28 17:26:15.224	c462eb6dd0e0031cd6a0d06f785073585ba15adb86867aa5a73d4fc4a533b50f
91	\N	\N	EMAIL_NOT_VERIFIED	Student login failed: Email not verified for ameerahmedzoro@gmail.com	::1	Mozilla/5.0 (Windows NT 10.0; Win64; x64) AppleWebKit/537.36 (KHTML, like Gecko) Chrome/144.0.0.0 Safari/537.36 Edg/144.0.0.0	2026-01-28 17:26:15.633	c462eb6dd0e0031cd6a0d06f785073585ba15adb86867aa5a73d4fc4a533b50f
93	\N	\N	EMAIL_NOT_VERIFIED	Student login failed: Email not verified for ameerahmedzoro@gmail.com	::1	Mozilla/5.0 (Windows NT 10.0; Win64; x64) AppleWebKit/537.36 (KHTML, like Gecko) Chrome/144.0.0.0 Safari/537.36 Edg/144.0.0.0	2026-01-28 17:34:45.076	c462eb6dd0e0031cd6a0d06f785073585ba15adb86867aa5a73d4fc4a533b50f
94	\N	\N	EMAIL_NOT_VERIFIED	Student login failed: Email not verified for ameerahmedzoro@gmail.com	::1	PostmanRuntime/7.51.0	2026-01-28 17:34:51.985	\N
96	\N	\N	FINGERPRINT_MISMATCH	Student login failed: Device fingerprint mismatch for ameerahmedzoro@gmail.com	::ffff:192.168.0.189	Mozilla/5.0 (iPhone; CPU iPhone OS 26_0_0 like Mac OS X) AppleWebKit/605.1.15 (KHTML, like Gecko) CriOS/144.0.7559.95 Mobile/15E148 Safari/604.1	2026-01-28 18:08:14.041	ab039839531a557b818f20d5e4ecd7b9bc3590cb156cfd2faafb145dff657445
97	\N	\N	FINGERPRINT_MISMATCH	Student login failed: Device fingerprint mismatch for ameerahmedzoro@gmail.com	::ffff:192.168.0.189	Mozilla/5.0 (iPhone; CPU iPhone OS 18_6 like Mac OS X) AppleWebKit/605.1.15 (KHTML, like Gecko) Version/26.0 Mobile/15E148 Safari/604.1	2026-01-28 19:09:01.429	69c26915a3935ef65d003daf98a16ff5096d2ed7bd1fbf8d898f9e7d8836cd45
98	\N	\N	FINGERPRINT_MISMATCH	Student login failed: Device fingerprint mismatch for ameerahmedzoro@gmail.com	::1	Mozilla/5.0 (iPhone; CPU iPhone OS 26_0_0 like Mac OS X) AppleWebKit/605.1.15 (KHTML, like Gecko) CriOS/144.0.7559.95 Mobile/15E148 Safari/604.1	2026-01-29 21:52:33.067	57ba8ac75003c16aed9b247ef4ea8d9c03ef1348d1badc8a0af6fe5457ec3224
43	\N	\N	INVALID_CREDENTIALS	Login failed: Email not found - ewfvwcwserdv@gmail.com	::1	Mozilla/5.0 (Windows NT 10.0; Win64; x64) AppleWebKit/537.36 (KHTML, like Gecko) Chrome/144.0.0.0 Safari/537.36 Edg/144.0.0.0	2026-01-27 08:55:52.655	\N
44	\N	\N	INVALID_CREDENTIALS	Login failed: Email not found - ewfvwcwserdv@gmail.com	::1	Mozilla/5.0 (Windows NT 10.0; Win64; x64) AppleWebKit/537.36 (KHTML, like Gecko) Chrome/144.0.0.0 Safari/537.36 Edg/144.0.0.0	2026-01-27 08:55:53.479	\N
45	\N	\N	INVALID_CREDENTIALS	Login failed: Email not found - ewfvwcwserdv@gmail.com	::1	Mozilla/5.0 (Windows NT 10.0; Win64; x64) AppleWebKit/537.36 (KHTML, like Gecko) Chrome/144.0.0.0 Safari/537.36 Edg/144.0.0.0	2026-01-27 08:55:54.17	\N
46	\N	\N	INVALID_CREDENTIALS	Login failed: Email not found - ewfvwcwserdv@gmail.com	::1	Mozilla/5.0 (Windows NT 10.0; Win64; x64) AppleWebKit/537.36 (KHTML, like Gecko) Chrome/144.0.0.0 Safari/537.36 Edg/144.0.0.0	2026-01-27 08:55:54.4	\N
47	\N	\N	INVALID_CREDENTIALS	Login failed: Email not found - ewfvwcwserdv@gmail.com	::1	Mozilla/5.0 (Windows NT 10.0; Win64; x64) AppleWebKit/537.36 (KHTML, like Gecko) Chrome/144.0.0.0 Safari/537.36 Edg/144.0.0.0	2026-01-27 08:56:05.217	\N
48	\N	\N	INVALID_CREDENTIALS	Login failed: Email not found - ewfvwcwserdv@gmail.com	::1	Mozilla/5.0 (Windows NT 10.0; Win64; x64) AppleWebKit/537.36 (KHTML, like Gecko) Chrome/144.0.0.0 Safari/537.36 Edg/144.0.0.0	2026-01-27 08:56:06.364	\N
49	\N	\N	INVALID_CREDENTIALS	Login failed: Email not found - ewfvwcwserdv@gmail.com	::1	Mozilla/5.0 (Windows NT 10.0; Win64; x64) AppleWebKit/537.36 (KHTML, like Gecko) Chrome/144.0.0.0 Safari/537.36 Edg/144.0.0.0	2026-01-27 08:56:06.676	\N
50	\N	\N	INVALID_CREDENTIALS	Login failed: Email not found - ewfvwcwserdv@gmail.com	::1	Mozilla/5.0 (Windows NT 10.0; Win64; x64) AppleWebKit/537.36 (KHTML, like Gecko) Chrome/144.0.0.0 Safari/537.36 Edg/144.0.0.0	2026-01-27 08:56:06.953	\N
180	\N	\N	INVALID_CREDENTIALS	Login failed: Email not found - head.1@university.edu	::1	Mozilla/5.0 (Windows NT 10.0; Win64; x64) AppleWebKit/537.36 (KHTML, like Gecko) Chrome/144.0.0.0 Safari/537.36 Edg/144.0.0.0	2026-01-30 20:02:39.455	b576077dca8686a27b315a2ca986df86e1f67fa376fdacb9a6ef02509b74bfd1
181	\N	\N	INVALID_CREDENTIALS	Login failed: Email not found - head.1@university.edu	::1	Mozilla/5.0 (Windows NT 10.0; Win64; x64) AppleWebKit/537.36 (KHTML, like Gecko) Chrome/144.0.0.0 Safari/537.36 Edg/144.0.0.0	2026-01-30 20:02:54.907	b576077dca8686a27b315a2ca986df86e1f67fa376fdacb9a6ef02509b74bfd1
190	\N	\N	INVALID_CREDENTIALS	Login failed: Email not found - ameerahmed0780@gmail.com	::1	Mozilla/5.0 (Windows NT 10.0; Win64; x64) AppleWebKit/537.36 (KHTML, like Gecko) Chrome/144.0.0.0 Safari/537.36 Edg/144.0.0.0	2026-02-11 08:40:22.116	d572a0392defab80fcf66bc76d441af42a84c63191ad35941118a9b76f5e2d34
191	\N	\N	INVALID_CREDENTIALS	Login failed: Email not found - admin@test.com	::1	Mozilla/5.0 (Windows NT 10.0; Win64; x64) AppleWebKit/537.36 (KHTML, like Gecko) Chrome/144.0.0.0 Safari/537.36 Edg/144.0.0.0	2026-02-11 08:40:37.512	d572a0392defab80fcf66bc76d441af42a84c63191ad35941118a9b76f5e2d34
75	\N	\N	INVALID_CREDENTIALS	Login failed: Email not found - admiuyfiyn@test.com	::1	Mozilla/5.0 (Windows NT 10.0; Win64; x64) AppleWebKit/537.36 (KHTML, like Gecko) Chrome/144.0.0.0 Safari/537.36 Edg/144.0.0.0	2026-01-27 20:23:01.977	\N
76	\N	\N	INVALID_CREDENTIALS	Login failed: Email not found - admiuyfiyn@test.com	::1	Mozilla/5.0 (Windows NT 10.0; Win64; x64) AppleWebKit/537.36 (KHTML, like Gecko) Chrome/144.0.0.0 Safari/537.36 Edg/144.0.0.0	2026-01-27 20:23:02.57	\N
51	\N	\N	EMAIL_NOT_VERIFIED	Student login failed: Email not verified for ameerqahmed@gmail.com	::1	Mozilla/5.0 (Windows NT 10.0; Win64; x64) AppleWebKit/537.36 (KHTML, like Gecko) Chrome/144.0.0.0 Safari/537.36 Edg/144.0.0.0	2026-01-27 18:46:49.266	\N
52	\N	\N	EMAIL_NOT_VERIFIED	Student login failed: Email not verified for ameerqahmed@gmail.com	::1	Mozilla/5.0 (Windows NT 10.0; Win64; x64) AppleWebKit/537.36 (KHTML, like Gecko) Chrome/144.0.0.0 Safari/537.36 Edg/144.0.0.0	2026-01-27 18:46:50.884	\N
53	\N	\N	EMAIL_NOT_VERIFIED	Student login failed: Email not verified for ameerqahmed@gmail.com	::1	Mozilla/5.0 (Windows NT 10.0; Win64; x64) AppleWebKit/537.36 (KHTML, like Gecko) Chrome/144.0.0.0 Safari/537.36 Edg/144.0.0.0	2026-01-27 18:46:51.476	\N
54	\N	\N	EMAIL_NOT_VERIFIED	Student login failed: Email not verified for ameerqahmed@gmail.com	::1	Mozilla/5.0 (Windows NT 10.0; Win64; x64) AppleWebKit/537.36 (KHTML, like Gecko) Chrome/144.0.0.0 Safari/537.36 Edg/144.0.0.0	2026-01-27 18:46:51.641	\N
55	\N	\N	EMAIL_NOT_VERIFIED	Student login failed: Email not verified for ameerqahmed@gmail.com	::1	Mozilla/5.0 (Windows NT 10.0; Win64; x64) AppleWebKit/537.36 (KHTML, like Gecko) Chrome/144.0.0.0 Safari/537.36 Edg/144.0.0.0	2026-01-27 18:46:51.827	\N
56	\N	\N	EMAIL_NOT_VERIFIED	Student login failed: Email not verified for ameerqahmed@gmail.com	::1	Mozilla/5.0 (Windows NT 10.0; Win64; x64) AppleWebKit/537.36 (KHTML, like Gecko) Chrome/144.0.0.0 Safari/537.36 Edg/144.0.0.0	2026-01-27 18:46:51.989	\N
182	\N	257	INVALID_CREDENTIALS	Student login failed: Invalid password for dina.nabil.2cc137@gmail.com	::1	Mozilla/5.0 (iPhone; CPU iPhone OS 26_0_0 like Mac OS X) AppleWebKit/605.1.15 (KHTML, like Gecko) CriOS/144.0.7559.95 Mobile/15E148 Safari/604.1	2026-01-30 21:45:16.69	17a57288f3e76c5cae0b68f5fed80c0910dfa104e11d6a86c1732f0f4789181b
192	\N	275	FINGERPRINT_MISMATCH	Student login failed: Device fingerprint mismatch for ali.ezzat.a94933@gmail.com	::1	Mozilla/5.0 (Windows NT 10.0; Win64; x64) AppleWebKit/537.36 (KHTML, like Gecko) Chrome/144.0.0.0 Safari/537.36 Edg/144.0.0.0	2026-02-11 08:46:44.162	d572a0392defab80fcf66bc76d441af42a84c63191ad35941118a9b76f5e2d34
95	\N	\N	INVALID_CREDENTIALS	Login failed: Email not found - ameerahmed0780@gmail.com	::1	Mozilla/5.0 (Windows NT 10.0; Win64; x64) AppleWebKit/537.36 (KHTML, like Gecko) Chrome/144.0.0.0 Safari/537.36 Edg/144.0.0.0	2026-01-28 17:59:20.375	c462eb6dd0e0031cd6a0d06f785073585ba15adb86867aa5a73d4fc4a533b50f
81	\N	\N	EMAIL_NOT_VERIFIED	Student login failed: Email not verified for ameerahmedzoro@gmail.com	::1	Mozilla/5.0 (Windows NT 10.0; Win64; x64) AppleWebKit/537.36 (KHTML, like Gecko) Chrome/144.0.0.0 Safari/537.36 Edg/144.0.0.0	2026-01-28 17:11:58.585	c462eb6dd0e0031cd6a0d06f785073585ba15adb86867aa5a73d4fc4a533b50f
82	\N	\N	INVALID_CREDENTIALS	Student login failed: Invalid password for ameerahmedzoro@gmail.com	::1	PostmanRuntime/7.51.0	2026-01-28 17:23:43.348	\N
83	\N	\N	EMAIL_NOT_VERIFIED	Student login failed: Email not verified for ameerahmedzoro@gmail.com	::1	Mozilla/5.0 (Windows NT 10.0; Win64; x64) AppleWebKit/537.36 (KHTML, like Gecko) Chrome/144.0.0.0 Safari/537.36 Edg/144.0.0.0	2026-01-28 17:24:05.006	c462eb6dd0e0031cd6a0d06f785073585ba15adb86867aa5a73d4fc4a533b50f
84	\N	\N	EMAIL_NOT_VERIFIED	Student login failed: Email not verified for ameerahmedzoro@gmail.com	::1	Mozilla/5.0 (Windows NT 10.0; Win64; x64) AppleWebKit/537.36 (KHTML, like Gecko) Chrome/144.0.0.0 Safari/537.36 Edg/144.0.0.0	2026-01-28 17:26:08.995	c462eb6dd0e0031cd6a0d06f785073585ba15adb86867aa5a73d4fc4a533b50f
92	\N	\N	EMAIL_NOT_VERIFIED	Student login failed: Email not verified for ameerahmedzoro@gmail.com	::1	PostmanRuntime/7.51.0	2026-01-28 17:26:22.675	\N
99	\N	\N	FINGERPRINT_MISMATCH	Student login failed: Device fingerprint mismatch for ameerahmedzoro@gmail.com	::1	Mozilla/5.0 (iPhone; CPU iPhone OS 26_0_0 like Mac OS X) AppleWebKit/605.1.15 (KHTML, like Gecko) CriOS/144.0.7559.95 Mobile/15E148 Safari/604.1	2026-01-29 21:52:34.57	57ba8ac75003c16aed9b247ef4ea8d9c03ef1348d1badc8a0af6fe5457ec3224
100	\N	\N	FINGERPRINT_MISMATCH	Student login failed: Device fingerprint mismatch for ameerahmedzoro@gmail.com	::1	Mozilla/5.0 (iPhone; CPU iPhone OS 26_0_0 like Mac OS X) AppleWebKit/605.1.15 (KHTML, like Gecko) CriOS/144.0.7559.95 Mobile/15E148 Safari/604.1	2026-01-29 21:52:35.907	57ba8ac75003c16aed9b247ef4ea8d9c03ef1348d1badc8a0af6fe5457ec3224
113	\N	\N	DUPLICATE_USAGE	Token already used	::1	Mozilla/5.0 (iPhone; CPU iPhone OS 26_0_0 like Mac OS X) AppleWebKit/605.1.15 (KHTML, like Gecko) CriOS/144.0.7559.95 Mobile/15E148 Safari/604.1	2026-01-29 21:54:02.673	\N
114	\N	\N	DUPLICATE_USAGE	Token already used	::1	Mozilla/5.0 (iPhone; CPU iPhone OS 26_0_0 like Mac OS X) AppleWebKit/605.1.15 (KHTML, like Gecko) CriOS/144.0.7559.95 Mobile/15E148 Safari/604.1	2026-01-29 21:54:02.785	\N
115	\N	\N	DUPLICATE_USAGE	Token already used	::1	Mozilla/5.0 (iPhone; CPU iPhone OS 26_0_0 like Mac OS X) AppleWebKit/605.1.15 (KHTML, like Gecko) CriOS/144.0.7559.95 Mobile/15E148 Safari/604.1	2026-01-29 21:54:02.897	\N
116	\N	\N	DUPLICATE_USAGE	Token already used	::1	Mozilla/5.0 (iPhone; CPU iPhone OS 26_0_0 like Mac OS X) AppleWebKit/605.1.15 (KHTML, like Gecko) CriOS/144.0.7559.95 Mobile/15E148 Safari/604.1	2026-01-29 21:54:03.021	\N
117	\N	\N	DUPLICATE_USAGE	Token already used	::1	Mozilla/5.0 (iPhone; CPU iPhone OS 26_0_0 like Mac OS X) AppleWebKit/605.1.15 (KHTML, like Gecko) CriOS/144.0.7559.95 Mobile/15E148 Safari/604.1	2026-01-29 21:54:03.132	\N
118	\N	\N	DUPLICATE_USAGE	Token already used	::1	Mozilla/5.0 (iPhone; CPU iPhone OS 26_0_0 like Mac OS X) AppleWebKit/605.1.15 (KHTML, like Gecko) CriOS/144.0.7559.95 Mobile/15E148 Safari/604.1	2026-01-29 21:54:03.246	\N
119	\N	\N	DUPLICATE_USAGE	Token already used	::1	Mozilla/5.0 (iPhone; CPU iPhone OS 26_0_0 like Mac OS X) AppleWebKit/605.1.15 (KHTML, like Gecko) CriOS/144.0.7559.95 Mobile/15E148 Safari/604.1	2026-01-29 21:54:03.358	\N
120	\N	\N	DUPLICATE_USAGE	Token already used	::1	Mozilla/5.0 (iPhone; CPU iPhone OS 26_0_0 like Mac OS X) AppleWebKit/605.1.15 (KHTML, like Gecko) CriOS/144.0.7559.95 Mobile/15E148 Safari/604.1	2026-01-29 21:54:03.478	\N
121	\N	\N	DUPLICATE_USAGE	Token already used	::1	Mozilla/5.0 (iPhone; CPU iPhone OS 26_0_0 like Mac OS X) AppleWebKit/605.1.15 (KHTML, like Gecko) CriOS/144.0.7559.95 Mobile/15E148 Safari/604.1	2026-01-29 21:54:03.594	\N
122	\N	\N	DUPLICATE_USAGE	Token already used	::1	Mozilla/5.0 (iPhone; CPU iPhone OS 26_0_0 like Mac OS X) AppleWebKit/605.1.15 (KHTML, like Gecko) CriOS/144.0.7559.95 Mobile/15E148 Safari/604.1	2026-01-29 21:54:03.689	\N
123	\N	\N	DUPLICATE_USAGE	Token already used	::1	Mozilla/5.0 (iPhone; CPU iPhone OS 26_0_0 like Mac OS X) AppleWebKit/605.1.15 (KHTML, like Gecko) CriOS/144.0.7559.95 Mobile/15E148 Safari/604.1	2026-01-29 21:54:03.804	\N
124	\N	\N	DUPLICATE_USAGE	Token already used	::1	Mozilla/5.0 (iPhone; CPU iPhone OS 26_0_0 like Mac OS X) AppleWebKit/605.1.15 (KHTML, like Gecko) CriOS/144.0.7559.95 Mobile/15E148 Safari/604.1	2026-01-29 21:54:03.916	\N
125	\N	\N	DUPLICATE_USAGE	Token already used	::1	Mozilla/5.0 (iPhone; CPU iPhone OS 26_0_0 like Mac OS X) AppleWebKit/605.1.15 (KHTML, like Gecko) CriOS/144.0.7559.95 Mobile/15E148 Safari/604.1	2026-01-29 21:54:04.028	\N
126	\N	\N	DUPLICATE_USAGE	Token already used	::1	Mozilla/5.0 (iPhone; CPU iPhone OS 26_0_0 like Mac OS X) AppleWebKit/605.1.15 (KHTML, like Gecko) CriOS/144.0.7559.95 Mobile/15E148 Safari/604.1	2026-01-29 21:54:04.145	\N
127	\N	\N	DUPLICATE_USAGE	Token already used	::1	Mozilla/5.0 (iPhone; CPU iPhone OS 26_0_0 like Mac OS X) AppleWebKit/605.1.15 (KHTML, like Gecko) CriOS/144.0.7559.95 Mobile/15E148 Safari/604.1	2026-01-29 21:54:04.257	\N
128	\N	\N	DUPLICATE_USAGE	Token already used	::1	Mozilla/5.0 (iPhone; CPU iPhone OS 26_0_0 like Mac OS X) AppleWebKit/605.1.15 (KHTML, like Gecko) CriOS/144.0.7559.95 Mobile/15E148 Safari/604.1	2026-01-29 21:54:04.355	\N
129	\N	\N	DUPLICATE_USAGE	Token already used	::1	Mozilla/5.0 (iPhone; CPU iPhone OS 26_0_0 like Mac OS X) AppleWebKit/605.1.15 (KHTML, like Gecko) CriOS/144.0.7559.95 Mobile/15E148 Safari/604.1	2026-01-29 21:54:04.483	\N
130	\N	\N	DUPLICATE_USAGE	Token already used	::1	Mozilla/5.0 (iPhone; CPU iPhone OS 26_0_0 like Mac OS X) AppleWebKit/605.1.15 (KHTML, like Gecko) CriOS/144.0.7559.95 Mobile/15E148 Safari/604.1	2026-01-29 21:54:04.588	\N
131	\N	\N	DUPLICATE_USAGE	Token already used	::1	Mozilla/5.0 (iPhone; CPU iPhone OS 26_0_0 like Mac OS X) AppleWebKit/605.1.15 (KHTML, like Gecko) CriOS/144.0.7559.95 Mobile/15E148 Safari/604.1	2026-01-29 21:54:04.699	\N
132	\N	\N	DUPLICATE_USAGE	Token already used	::1	Mozilla/5.0 (iPhone; CPU iPhone OS 26_0_0 like Mac OS X) AppleWebKit/605.1.15 (KHTML, like Gecko) CriOS/144.0.7559.95 Mobile/15E148 Safari/604.1	2026-01-29 21:54:04.812	\N
133	\N	\N	DUPLICATE_USAGE	Token already used	::1	Mozilla/5.0 (iPhone; CPU iPhone OS 26_0_0 like Mac OS X) AppleWebKit/605.1.15 (KHTML, like Gecko) CriOS/144.0.7559.95 Mobile/15E148 Safari/604.1	2026-01-29 21:54:04.936	\N
134	\N	\N	DUPLICATE_USAGE	Token already used	::1	Mozilla/5.0 (iPhone; CPU iPhone OS 26_0_0 like Mac OS X) AppleWebKit/605.1.15 (KHTML, like Gecko) CriOS/144.0.7559.95 Mobile/15E148 Safari/604.1	2026-01-29 21:54:05.046	\N
135	\N	\N	DUPLICATE_USAGE	Token already used	::1	Mozilla/5.0 (iPhone; CPU iPhone OS 26_0_0 like Mac OS X) AppleWebKit/605.1.15 (KHTML, like Gecko) CriOS/144.0.7559.95 Mobile/15E148 Safari/604.1	2026-01-29 21:54:05.158	\N
136	\N	\N	DUPLICATE_USAGE	Token already used	::1	Mozilla/5.0 (iPhone; CPU iPhone OS 26_0_0 like Mac OS X) AppleWebKit/605.1.15 (KHTML, like Gecko) CriOS/144.0.7559.95 Mobile/15E148 Safari/604.1	2026-01-29 21:54:05.262	\N
137	\N	\N	DUPLICATE_USAGE	Token already used	::1	Mozilla/5.0 (iPhone; CPU iPhone OS 26_0_0 like Mac OS X) AppleWebKit/605.1.15 (KHTML, like Gecko) CriOS/144.0.7559.95 Mobile/15E148 Safari/604.1	2026-01-29 21:54:05.381	\N
138	\N	\N	DUPLICATE_USAGE	Token already used	::1	Mozilla/5.0 (iPhone; CPU iPhone OS 26_0_0 like Mac OS X) AppleWebKit/605.1.15 (KHTML, like Gecko) CriOS/144.0.7559.95 Mobile/15E148 Safari/604.1	2026-01-29 21:54:05.665	\N
139	\N	\N	DUPLICATE_USAGE	Token already used	::1	Mozilla/5.0 (iPhone; CPU iPhone OS 26_0_0 like Mac OS X) AppleWebKit/605.1.15 (KHTML, like Gecko) CriOS/144.0.7559.95 Mobile/15E148 Safari/604.1	2026-01-29 21:54:05.694	\N
140	\N	\N	DUPLICATE_USAGE	Token already used	::1	Mozilla/5.0 (iPhone; CPU iPhone OS 26_0_0 like Mac OS X) AppleWebKit/605.1.15 (KHTML, like Gecko) CriOS/144.0.7559.95 Mobile/15E148 Safari/604.1	2026-01-29 21:54:05.719	\N
141	\N	\N	DUPLICATE_USAGE	Token already used	::1	Mozilla/5.0 (iPhone; CPU iPhone OS 26_0_0 like Mac OS X) AppleWebKit/605.1.15 (KHTML, like Gecko) CriOS/144.0.7559.95 Mobile/15E148 Safari/604.1	2026-01-29 21:54:05.829	\N
142	\N	\N	DUPLICATE_USAGE	Token already used	::1	Mozilla/5.0 (iPhone; CPU iPhone OS 26_0_0 like Mac OS X) AppleWebKit/605.1.15 (KHTML, like Gecko) CriOS/144.0.7559.95 Mobile/15E148 Safari/604.1	2026-01-29 21:54:05.938	\N
143	\N	\N	DUPLICATE_USAGE	Token already used	::1	Mozilla/5.0 (iPhone; CPU iPhone OS 26_0_0 like Mac OS X) AppleWebKit/605.1.15 (KHTML, like Gecko) CriOS/144.0.7559.95 Mobile/15E148 Safari/604.1	2026-01-29 21:54:06.06	\N
144	\N	\N	DUPLICATE_USAGE	Token already used	::1	Mozilla/5.0 (iPhone; CPU iPhone OS 26_0_0 like Mac OS X) AppleWebKit/605.1.15 (KHTML, like Gecko) CriOS/144.0.7559.95 Mobile/15E148 Safari/604.1	2026-01-29 21:54:06.184	\N
145	\N	\N	DUPLICATE_USAGE	Token already used	::1	Mozilla/5.0 (iPhone; CPU iPhone OS 26_0_0 like Mac OS X) AppleWebKit/605.1.15 (KHTML, like Gecko) CriOS/144.0.7559.95 Mobile/15E148 Safari/604.1	2026-01-29 21:54:06.278	\N
146	\N	\N	DUPLICATE_USAGE	Token already used	::1	Mozilla/5.0 (iPhone; CPU iPhone OS 26_0_0 like Mac OS X) AppleWebKit/605.1.15 (KHTML, like Gecko) CriOS/144.0.7559.95 Mobile/15E148 Safari/604.1	2026-01-29 21:54:06.385	\N
147	\N	\N	DUPLICATE_USAGE	Token already used	::1	Mozilla/5.0 (iPhone; CPU iPhone OS 26_0_0 like Mac OS X) AppleWebKit/605.1.15 (KHTML, like Gecko) CriOS/144.0.7559.95 Mobile/15E148 Safari/604.1	2026-01-29 21:54:06.49	\N
148	\N	\N	DUPLICATE_USAGE	Token already used	::1	Mozilla/5.0 (iPhone; CPU iPhone OS 26_0_0 like Mac OS X) AppleWebKit/605.1.15 (KHTML, like Gecko) CriOS/144.0.7559.95 Mobile/15E148 Safari/604.1	2026-01-29 21:54:06.606	\N
149	\N	\N	DUPLICATE_USAGE	Token already used	::1	Mozilla/5.0 (iPhone; CPU iPhone OS 26_0_0 like Mac OS X) AppleWebKit/605.1.15 (KHTML, like Gecko) CriOS/144.0.7559.95 Mobile/15E148 Safari/604.1	2026-01-29 21:54:06.718	\N
150	\N	\N	DUPLICATE_USAGE	Token already used	::1	Mozilla/5.0 (iPhone; CPU iPhone OS 26_0_0 like Mac OS X) AppleWebKit/605.1.15 (KHTML, like Gecko) CriOS/144.0.7559.95 Mobile/15E148 Safari/604.1	2026-01-29 21:54:06.819	\N
151	\N	\N	DUPLICATE_USAGE	Token already used	::1	Mozilla/5.0 (iPhone; CPU iPhone OS 26_0_0 like Mac OS X) AppleWebKit/605.1.15 (KHTML, like Gecko) CriOS/144.0.7559.95 Mobile/15E148 Safari/604.1	2026-01-29 21:54:06.931	\N
152	\N	\N	DUPLICATE_USAGE	Token already used	::1	Mozilla/5.0 (iPhone; CPU iPhone OS 26_0_0 like Mac OS X) AppleWebKit/605.1.15 (KHTML, like Gecko) CriOS/144.0.7559.95 Mobile/15E148 Safari/604.1	2026-01-29 21:54:07.035	\N
158	\N	\N	DUPLICATE_USAGE	Token already used	::1	Mozilla/5.0 (iPhone; CPU iPhone OS 26_0_0 like Mac OS X) AppleWebKit/605.1.15 (KHTML, like Gecko) CriOS/144.0.7559.95 Mobile/15E148 Safari/604.1	2026-01-29 21:54:07.681	\N
159	\N	\N	DUPLICATE_USAGE	Token already used	::1	Mozilla/5.0 (iPhone; CPU iPhone OS 26_0_0 like Mac OS X) AppleWebKit/605.1.15 (KHTML, like Gecko) CriOS/144.0.7559.95 Mobile/15E148 Safari/604.1	2026-01-29 21:54:07.791	\N
160	\N	\N	DUPLICATE_USAGE	Token already used	::1	Mozilla/5.0 (iPhone; CPU iPhone OS 26_0_0 like Mac OS X) AppleWebKit/605.1.15 (KHTML, like Gecko) CriOS/144.0.7559.95 Mobile/15E148 Safari/604.1	2026-01-29 21:54:07.908	\N
161	\N	\N	DUPLICATE_USAGE	Token already used	::1	Mozilla/5.0 (iPhone; CPU iPhone OS 26_0_0 like Mac OS X) AppleWebKit/605.1.15 (KHTML, like Gecko) CriOS/144.0.7559.95 Mobile/15E148 Safari/604.1	2026-01-29 21:54:08.016	\N
162	\N	\N	DUPLICATE_USAGE	Token already used	::1	Mozilla/5.0 (iPhone; CPU iPhone OS 26_0_0 like Mac OS X) AppleWebKit/605.1.15 (KHTML, like Gecko) CriOS/144.0.7559.95 Mobile/15E148 Safari/604.1	2026-01-29 21:54:08.139	\N
163	\N	\N	DUPLICATE_USAGE	Token already used	::1	Mozilla/5.0 (iPhone; CPU iPhone OS 26_0_0 like Mac OS X) AppleWebKit/605.1.15 (KHTML, like Gecko) CriOS/144.0.7559.95 Mobile/15E148 Safari/604.1	2026-01-29 21:54:08.24	\N
164	\N	\N	DUPLICATE_USAGE	Token already used	::1	Mozilla/5.0 (iPhone; CPU iPhone OS 26_0_0 like Mac OS X) AppleWebKit/605.1.15 (KHTML, like Gecko) CriOS/144.0.7559.95 Mobile/15E148 Safari/604.1	2026-01-29 21:54:08.344	\N
165	\N	\N	DUPLICATE_USAGE	Token already used	::1	Mozilla/5.0 (iPhone; CPU iPhone OS 26_0_0 like Mac OS X) AppleWebKit/605.1.15 (KHTML, like Gecko) CriOS/144.0.7559.95 Mobile/15E148 Safari/604.1	2026-01-29 21:54:08.456	\N
166	\N	\N	DUPLICATE_USAGE	Token already used	::1	Mozilla/5.0 (iPhone; CPU iPhone OS 26_0_0 like Mac OS X) AppleWebKit/605.1.15 (KHTML, like Gecko) CriOS/144.0.7559.95 Mobile/15E148 Safari/604.1	2026-01-29 21:54:08.568	\N
167	\N	\N	DUPLICATE_USAGE	Token already used	::1	Mozilla/5.0 (iPhone; CPU iPhone OS 26_0_0 like Mac OS X) AppleWebKit/605.1.15 (KHTML, like Gecko) CriOS/144.0.7559.95 Mobile/15E148 Safari/604.1	2026-01-29 21:54:08.68	\N
168	\N	\N	DUPLICATE_USAGE	Token already used	::1	Mozilla/5.0 (iPhone; CPU iPhone OS 26_0_0 like Mac OS X) AppleWebKit/605.1.15 (KHTML, like Gecko) CriOS/144.0.7559.95 Mobile/15E148 Safari/604.1	2026-01-29 21:54:08.787	\N
169	\N	\N	DUPLICATE_USAGE	Token already used	::1	Mozilla/5.0 (iPhone; CPU iPhone OS 26_0_0 like Mac OS X) AppleWebKit/605.1.15 (KHTML, like Gecko) CriOS/144.0.7559.95 Mobile/15E148 Safari/604.1	2026-01-29 21:54:08.895	\N
170	\N	\N	DUPLICATE_USAGE	Token already used	::1	Mozilla/5.0 (iPhone; CPU iPhone OS 26_0_0 like Mac OS X) AppleWebKit/605.1.15 (KHTML, like Gecko) CriOS/144.0.7559.95 Mobile/15E148 Safari/604.1	2026-01-29 21:54:08.999	\N
171	\N	\N	DUPLICATE_USAGE	Token already used	::1	Mozilla/5.0 (iPhone; CPU iPhone OS 26_0_0 like Mac OS X) AppleWebKit/605.1.15 (KHTML, like Gecko) CriOS/144.0.7559.95 Mobile/15E148 Safari/604.1	2026-01-29 21:54:09.096	\N
172	\N	\N	DUPLICATE_USAGE	Token already used	::1	Mozilla/5.0 (iPhone; CPU iPhone OS 26_0_0 like Mac OS X) AppleWebKit/605.1.15 (KHTML, like Gecko) CriOS/144.0.7559.95 Mobile/15E148 Safari/604.1	2026-01-29 21:54:09.219	\N
173	\N	\N	DUPLICATE_USAGE	Token already used	::1	Mozilla/5.0 (iPhone; CPU iPhone OS 26_0_0 like Mac OS X) AppleWebKit/605.1.15 (KHTML, like Gecko) CriOS/144.0.7559.95 Mobile/15E148 Safari/604.1	2026-01-29 21:54:09.316	\N
174	\N	\N	DUPLICATE_USAGE	Token already used	::1	Mozilla/5.0 (iPhone; CPU iPhone OS 26_0_0 like Mac OS X) AppleWebKit/605.1.15 (KHTML, like Gecko) CriOS/144.0.7559.95 Mobile/15E148 Safari/604.1	2026-01-29 21:59:01.212	\N
175	\N	\N	DUPLICATE_USAGE	Token already used	::1	Mozilla/5.0 (iPhone; CPU iPhone OS 26_0_0 like Mac OS X) AppleWebKit/605.1.15 (KHTML, like Gecko) CriOS/144.0.7559.95 Mobile/15E148 Safari/604.1	2026-01-29 21:59:01.211	\N
176	\N	\N	DUPLICATE_USAGE	Token already used	::1	Mozilla/5.0 (iPhone; CPU iPhone OS 26_0_0 like Mac OS X) AppleWebKit/605.1.15 (KHTML, like Gecko) CriOS/144.0.7559.95 Mobile/15E148 Safari/604.1	2026-01-29 21:59:01.241	\N
177	\N	\N	DUPLICATE_USAGE	Token already used	::1	Mozilla/5.0 (iPhone; CPU iPhone OS 26_0_0 like Mac OS X) AppleWebKit/605.1.15 (KHTML, like Gecko) CriOS/144.0.7559.95 Mobile/15E148 Safari/604.1	2026-01-29 21:59:01.275	\N
178	\N	\N	DUPLICATE_USAGE	Token already used	::1	Mozilla/5.0 (iPhone; CPU iPhone OS 26_0_0 like Mac OS X) AppleWebKit/605.1.15 (KHTML, like Gecko) CriOS/144.0.7559.95 Mobile/15E148 Safari/604.1	2026-01-29 21:59:01.275	\N
179	\N	\N	DUPLICATE_USAGE	Token already used	::1	Mozilla/5.0 (iPhone; CPU iPhone OS 26_0_0 like Mac OS X) AppleWebKit/605.1.15 (KHTML, like Gecko) CriOS/144.0.7559.95 Mobile/15E148 Safari/604.1	2026-01-29 21:59:10.936	\N
57	\N	\N	EMAIL_NOT_VERIFIED	Student login failed: Email not verified for ameerqahmed@gmail.com	::1	Mozilla/5.0 (Windows NT 10.0; Win64; x64) AppleWebKit/537.36 (KHTML, like Gecko) Chrome/144.0.0.0 Safari/537.36 Edg/144.0.0.0	2026-01-27 18:46:52.184	\N
101	\N	\N	DUPLICATE_USAGE	Token already used	::1	Mozilla/5.0 (iPhone; CPU iPhone OS 26_0_0 like Mac OS X) AppleWebKit/605.1.15 (KHTML, like Gecko) CriOS/144.0.7559.95 Mobile/15E148 Safari/604.1	2026-01-29 21:54:01.345	\N
102	\N	\N	DUPLICATE_USAGE	Token already used	::1	Mozilla/5.0 (iPhone; CPU iPhone OS 26_0_0 like Mac OS X) AppleWebKit/605.1.15 (KHTML, like Gecko) CriOS/144.0.7559.95 Mobile/15E148 Safari/604.1	2026-01-29 21:54:01.462	\N
103	\N	\N	DUPLICATE_USAGE	Token already used	::1	Mozilla/5.0 (iPhone; CPU iPhone OS 26_0_0 like Mac OS X) AppleWebKit/605.1.15 (KHTML, like Gecko) CriOS/144.0.7559.95 Mobile/15E148 Safari/604.1	2026-01-29 21:54:01.564	\N
104	\N	\N	DUPLICATE_USAGE	Token already used	::1	Mozilla/5.0 (iPhone; CPU iPhone OS 26_0_0 like Mac OS X) AppleWebKit/605.1.15 (KHTML, like Gecko) CriOS/144.0.7559.95 Mobile/15E148 Safari/604.1	2026-01-29 21:54:01.68	\N
105	\N	\N	DUPLICATE_USAGE	Token already used	::1	Mozilla/5.0 (iPhone; CPU iPhone OS 26_0_0 like Mac OS X) AppleWebKit/605.1.15 (KHTML, like Gecko) CriOS/144.0.7559.95 Mobile/15E148 Safari/604.1	2026-01-29 21:54:01.775	\N
106	\N	\N	DUPLICATE_USAGE	Token already used	::1	Mozilla/5.0 (iPhone; CPU iPhone OS 26_0_0 like Mac OS X) AppleWebKit/605.1.15 (KHTML, like Gecko) CriOS/144.0.7559.95 Mobile/15E148 Safari/604.1	2026-01-29 21:54:01.886	\N
107	\N	\N	DUPLICATE_USAGE	Token already used	::1	Mozilla/5.0 (iPhone; CPU iPhone OS 26_0_0 like Mac OS X) AppleWebKit/605.1.15 (KHTML, like Gecko) CriOS/144.0.7559.95 Mobile/15E148 Safari/604.1	2026-01-29 21:54:02.14	\N
108	\N	\N	DUPLICATE_USAGE	Token already used	::1	Mozilla/5.0 (iPhone; CPU iPhone OS 26_0_0 like Mac OS X) AppleWebKit/605.1.15 (KHTML, like Gecko) CriOS/144.0.7559.95 Mobile/15E148 Safari/604.1	2026-01-29 21:54:02.224	\N
109	\N	\N	DUPLICATE_USAGE	Token already used	::1	Mozilla/5.0 (iPhone; CPU iPhone OS 26_0_0 like Mac OS X) AppleWebKit/605.1.15 (KHTML, like Gecko) CriOS/144.0.7559.95 Mobile/15E148 Safari/604.1	2026-01-29 21:54:02.236	\N
110	\N	\N	DUPLICATE_USAGE	Token already used	::1	Mozilla/5.0 (iPhone; CPU iPhone OS 26_0_0 like Mac OS X) AppleWebKit/605.1.15 (KHTML, like Gecko) CriOS/144.0.7559.95 Mobile/15E148 Safari/604.1	2026-01-29 21:54:02.337	\N
111	\N	\N	DUPLICATE_USAGE	Token already used	::1	Mozilla/5.0 (iPhone; CPU iPhone OS 26_0_0 like Mac OS X) AppleWebKit/605.1.15 (KHTML, like Gecko) CriOS/144.0.7559.95 Mobile/15E148 Safari/604.1	2026-01-29 21:54:02.444	\N
112	\N	\N	DUPLICATE_USAGE	Token already used	::1	Mozilla/5.0 (iPhone; CPU iPhone OS 26_0_0 like Mac OS X) AppleWebKit/605.1.15 (KHTML, like Gecko) CriOS/144.0.7559.95 Mobile/15E148 Safari/604.1	2026-01-29 21:54:02.558	\N
183	\N	257	FINGERPRINT_MISMATCH	Student login failed: Device fingerprint mismatch for dina.nabil.2cc137@gmail.com	::1	Mozilla/5.0 (iPhone; CPU iPhone OS 26_0_0 like Mac OS X) AppleWebKit/605.1.15 (KHTML, like Gecko) CriOS/144.0.7559.95 Mobile/15E148 Safari/604.1	2026-01-30 21:49:50.75	dca894e0a6635bc69fbf794274e29f26e1f37cf64bb77db74336bfbee6477b6e
184	\N	257	FINGERPRINT_MISMATCH	Student login failed: Device fingerprint mismatch for dina.nabil.2cc137@gmail.com	::1	Mozilla/5.0 (iPhone; CPU iPhone OS 26_0_0 like Mac OS X) AppleWebKit/605.1.15 (KHTML, like Gecko) CriOS/144.0.7559.95 Mobile/15E148 Safari/604.1	2026-01-30 21:49:53.425	dca894e0a6635bc69fbf794274e29f26e1f37cf64bb77db74336bfbee6477b6e
193	\N	275	FINGERPRINT_MISMATCH	Student login failed: Device fingerprint mismatch for ali.ezzat.a94933@gmail.com	::1	Mozilla/5.0 (iPhone; CPU iPhone OS 26_0_0 like Mac OS X) AppleWebKit/605.1.15 (KHTML, like Gecko) CriOS/144.0.7559.95 Mobile/15E148 Safari/604.1	2026-02-11 08:54:04.628	0765e81fbc0fc4798f1564d75d2d3caf30e05146d52e37c5a6fc962d7b9f75b1
194	\N	275	FINGERPRINT_MISMATCH	Student login failed: Device fingerprint mismatch for ali.ezzat.a94933@gmail.com	::1	Mozilla/5.0 (iPhone; CPU iPhone OS 26_0_0 like Mac OS X) AppleWebKit/605.1.15 (KHTML, like Gecko) CriOS/144.0.7559.95 Mobile/15E148 Safari/604.1	2026-02-11 08:54:06.48	0765e81fbc0fc4798f1564d75d2d3caf30e05146d52e37c5a6fc962d7b9f75b1
185	218	257	EXPIRED_TOKEN	Token expired	::1	Mozilla/5.0 (iPhone; CPU iPhone OS 26_0_0 like Mac OS X) AppleWebKit/605.1.15 (KHTML, like Gecko) CriOS/144.0.7559.95 Mobile/15E148 Safari/604.1	2026-01-31 17:33:45.124	\N
186	218	257	EXPIRED_TOKEN	Token expired	::1	Mozilla/5.0 (iPhone; CPU iPhone OS 26_0_0 like Mac OS X) AppleWebKit/605.1.15 (KHTML, like Gecko) CriOS/144.0.7559.95 Mobile/15E148 Safari/604.1	2026-01-31 17:33:50.238	\N
195	\N	275	FINGERPRINT_MISMATCH	Student login failed: Device fingerprint mismatch for ali.ezzat.a94933@gmail.com	::1	Mozilla/5.0 (iPhone; CPU iPhone OS 26_0_0 like Mac OS X) AppleWebKit/605.1.15 (KHTML, like Gecko) CriOS/144.0.7559.95 Mobile/15E148 Safari/604.1	2026-02-11 08:55:04.969	0765e81fbc0fc4798f1564d75d2d3caf30e05146d52e37c5a6fc962d7b9f75b1
187	230	275	GEOFENCE_ERROR	Distance: 12213829m, Allowed: 50m	::1	Mozilla/5.0 (iPhone; CPU iPhone OS 26_0_0 like Mac OS X) AppleWebKit/605.1.15 (KHTML, like Gecko) CriOS/144.0.7559.95 Mobile/15E148 Safari/604.1	2026-02-02 07:29:02.817	\N
153	\N	\N	DUPLICATE_USAGE	Token already used	::1	Mozilla/5.0 (iPhone; CPU iPhone OS 26_0_0 like Mac OS X) AppleWebKit/605.1.15 (KHTML, like Gecko) CriOS/144.0.7559.95 Mobile/15E148 Safari/604.1	2026-01-29 21:54:07.144	\N
154	\N	\N	DUPLICATE_USAGE	Token already used	::1	Mozilla/5.0 (iPhone; CPU iPhone OS 26_0_0 like Mac OS X) AppleWebKit/605.1.15 (KHTML, like Gecko) CriOS/144.0.7559.95 Mobile/15E148 Safari/604.1	2026-01-29 21:54:07.256	\N
155	\N	\N	DUPLICATE_USAGE	Token already used	::1	Mozilla/5.0 (iPhone; CPU iPhone OS 26_0_0 like Mac OS X) AppleWebKit/605.1.15 (KHTML, like Gecko) CriOS/144.0.7559.95 Mobile/15E148 Safari/604.1	2026-01-29 21:54:07.363	\N
156	\N	\N	DUPLICATE_USAGE	Token already used	::1	Mozilla/5.0 (iPhone; CPU iPhone OS 26_0_0 like Mac OS X) AppleWebKit/605.1.15 (KHTML, like Gecko) CriOS/144.0.7559.95 Mobile/15E148 Safari/604.1	2026-01-29 21:54:07.472	\N
157	\N	\N	DUPLICATE_USAGE	Token already used	::1	Mozilla/5.0 (iPhone; CPU iPhone OS 26_0_0 like Mac OS X) AppleWebKit/605.1.15 (KHTML, like Gecko) CriOS/144.0.7559.95 Mobile/15E148 Safari/604.1	2026-01-29 21:54:07.596	\N
58	\N	\N	EMAIL_NOT_VERIFIED	Student login failed: Email not verified for ameerqahmed@gmail.com	::1	Mozilla/5.0 (Windows NT 10.0; Win64; x64) AppleWebKit/537.36 (KHTML, like Gecko) Chrome/144.0.0.0 Safari/537.36 Edg/144.0.0.0	2026-01-27 18:46:52.354	\N
59	\N	\N	EMAIL_NOT_VERIFIED	Student login failed: Email not verified for ameerqahmed@gmail.com	::1	Mozilla/5.0 (Windows NT 10.0; Win64; x64) AppleWebKit/537.36 (KHTML, like Gecko) Chrome/144.0.0.0 Safari/537.36 Edg/144.0.0.0	2026-01-27 18:46:52.719	\N
60	\N	\N	EMAIL_NOT_VERIFIED	Student login failed: Email not verified for ameerqahmed@gmail.com	::1	Mozilla/5.0 (Windows NT 10.0; Win64; x64) AppleWebKit/537.36 (KHTML, like Gecko) Chrome/144.0.0.0 Safari/537.36 Edg/144.0.0.0	2026-01-27 18:46:53.136	\N
61	\N	\N	EMAIL_NOT_VERIFIED	Student login failed: Email not verified for ameerqahmed@gmail.com	::1	Mozilla/5.0 (Windows NT 10.0; Win64; x64) AppleWebKit/537.36 (KHTML, like Gecko) Chrome/144.0.0.0 Safari/537.36 Edg/144.0.0.0	2026-01-27 18:46:53.721	\N
62	\N	\N	EMAIL_NOT_VERIFIED	Student login failed: Email not verified for ameerqahmed@gmail.com	::1	Mozilla/5.0 (Windows NT 10.0; Win64; x64) AppleWebKit/537.36 (KHTML, like Gecko) Chrome/144.0.0.0 Safari/537.36 Edg/144.0.0.0	2026-01-27 18:46:53.899	\N
63	\N	\N	EMAIL_NOT_VERIFIED	Student login failed: Email not verified for ameerqahmed@gmail.com	::1	Mozilla/5.0 (Windows NT 10.0; Win64; x64) AppleWebKit/537.36 (KHTML, like Gecko) Chrome/144.0.0.0 Safari/537.36 Edg/144.0.0.0	2026-01-27 18:46:54.095	\N
64	\N	\N	EMAIL_NOT_VERIFIED	Student login failed: Email not verified for ameerqahmed@gmail.com	::1	Mozilla/5.0 (Windows NT 10.0; Win64; x64) AppleWebKit/537.36 (KHTML, like Gecko) Chrome/144.0.0.0 Safari/537.36 Edg/144.0.0.0	2026-01-27 18:46:54.298	\N
65	\N	\N	EMAIL_NOT_VERIFIED	Student login failed: Email not verified for ameerqahmed@gmail.com	::1	Mozilla/5.0 (Windows NT 10.0; Win64; x64) AppleWebKit/537.36 (KHTML, like Gecko) Chrome/144.0.0.0 Safari/537.36 Edg/144.0.0.0	2026-01-27 18:46:54.446	\N
66	\N	\N	EMAIL_NOT_VERIFIED	Student login failed: Email not verified for ameerqahmed@gmail.com	::1	Mozilla/5.0 (Windows NT 10.0; Win64; x64) AppleWebKit/537.36 (KHTML, like Gecko) Chrome/144.0.0.0 Safari/537.36 Edg/144.0.0.0	2026-01-27 18:46:54.629	\N
67	\N	\N	EMAIL_NOT_VERIFIED	Student login failed: Email not verified for ameerqahmed@gmail.com	::1	Mozilla/5.0 (Windows NT 10.0; Win64; x64) AppleWebKit/537.36 (KHTML, like Gecko) Chrome/144.0.0.0 Safari/537.36 Edg/144.0.0.0	2026-01-27 18:46:55.015	\N
68	\N	\N	EMAIL_NOT_VERIFIED	Student login failed: Email not verified for ameerqahmed@gmail.com	::1	Mozilla/5.0 (Windows NT 10.0; Win64; x64) AppleWebKit/537.36 (KHTML, like Gecko) Chrome/144.0.0.0 Safari/537.36 Edg/144.0.0.0	2026-01-27 18:46:55.184	\N
69	\N	\N	EMAIL_NOT_VERIFIED	Student login failed: Email not verified for ameerqahmed@gmail.com	::1	Mozilla/5.0 (Windows NT 10.0; Win64; x64) AppleWebKit/537.36 (KHTML, like Gecko) Chrome/144.0.0.0 Safari/537.36 Edg/144.0.0.0	2026-01-27 18:46:55.353	\N
70	\N	\N	EMAIL_NOT_VERIFIED	Student login failed: Email not verified for ameerqahmed@gmail.com	::1	Mozilla/5.0 (Windows NT 10.0; Win64; x64) AppleWebKit/537.36 (KHTML, like Gecko) Chrome/144.0.0.0 Safari/537.36 Edg/144.0.0.0	2026-01-27 18:46:55.53	\N
71	\N	\N	EMAIL_NOT_VERIFIED	Student login failed: Email not verified for ameerqahmed@gmail.com	::1	Mozilla/5.0 (Windows NT 10.0; Win64; x64) AppleWebKit/537.36 (KHTML, like Gecko) Chrome/144.0.0.0 Safari/537.36 Edg/144.0.0.0	2026-01-27 18:46:55.646	\N
188	\N	\N	INVALID_CREDENTIALS	Login failed: Email not found - ameerahmed0780@gmail.com	::1	Mozilla/5.0 (iPhone; CPU iPhone OS 26_0_0 like Mac OS X) AppleWebKit/605.1.15 (KHTML, like Gecko) CriOS/144.0.7559.95 Mobile/15E148 Safari/604.1	2026-02-02 23:05:27.313	95a3cd3575b3a5202441227196cc94322fede75c6234c6438ba4f24989ae9605
189	\N	\N	INVALID_CREDENTIALS	Login failed: Email not found - ameerahmed0780@gmail.com	::1	Mozilla/5.0 (iPhone; CPU iPhone OS 26_0_0 like Mac OS X) AppleWebKit/605.1.15 (KHTML, like Gecko) CriOS/144.0.7559.95 Mobile/15E148 Safari/604.1	2026-02-02 23:05:29.441	95a3cd3575b3a5202441227196cc94322fede75c6234c6438ba4f24989ae9605
\.


--
-- Data for Name: PromotionConfig; Type: TABLE DATA; Schema: public; Owner: -
--

COPY public."PromotionConfig" (id, max_carry_subjects, fail_threshold_for_repeat, disable_carry_for_final_year, block_carry_for_core, repeat_mode, created_at, updated_at, department_id) FROM stdin;
\.


--
-- Data for Name: PromotionRecord; Type: TABLE DATA; Schema: public; Owner: -
--

COPY public."PromotionRecord" (id, academic_year_from, academic_year_to, decision, failed_count, carried_count, notes, processed_at, processed_by, student_id, stage_from_id, stage_to_id) FROM stdin;
16	2023-2024	2024-2025	PROMOTED	0	0	\N	2026-02-13 13:31:25.271	TestRunner	317	819	820
18	2024-2025	2025-2026	PROMOTED_WITH_CARRY	2	2	\N	2026-02-15 18:24:54.056	Admin	238	819	820
19	2024-2025	2025-2026	PROMOTED	0	0	\N	2026-02-15 18:24:54.229	Admin	237	819	820
20	2024-2025	2025-2026	PROMOTED	0	0	\N	2026-02-15 18:24:54.346	Admin	317	820	821
21	2024-2025	2025-2026	PROMOTED_WITH_CARRY	1	1	\N	2026-02-15 18:28:17.706	Admin	239	819	820
\.


--
-- Data for Name: QRToken; Type: TABLE DATA; Schema: public; Owner: -
--

COPY public."QRToken" (id, session_id, token_hash, generated_at, expires_at, used_by_student_id, used_at) FROM stdin;
\.


--
-- Data for Name: TeacherMaterial; Type: TABLE DATA; Schema: public; Owner: -
--

COPY public."TeacherMaterial" (id, created_at, teacher_id, material_id) FROM stdin;
4	2026-01-30 21:56:29.043	120	318
\.


--
-- Data for Name: _prisma_migrations; Type: TABLE DATA; Schema: public; Owner: -
--

COPY public._prisma_migrations (id, checksum, finished_at, migration_name, logs, rolled_back_at, started_at, applied_steps_count) FROM stdin;
c7499972-e759-489e-a13b-0d93eee1124d	a4113888ceadf1e1f1dc65a07856dad386a26292d6e9da3b6fb9add7ffced035	2026-01-16 13:12:42.620581-08	20251110123437_init	\N	\N	2026-01-16 13:12:42.5855-08	1
80d3cca4-1797-4623-94e3-ff73f10afbca	e797d8fadc734d2fdf11a0dcb82d9582ac511bbbf6559086aca6d947a43b6300	2026-01-16 13:12:42.622605-08	20251110134410_add_is_verified_to_student	\N	\N	2026-01-16 13:12:42.621041-08	1
f39fe45c-affe-45b6-b491-86c92be1e456	0e2aad8de9af01740a94354b63316d08cb059bfa84c7866f2f3cb28ef4277bbe	2026-01-16 13:12:42.624688-08	20251118132024_add_fingerprint_fields	\N	\N	2026-01-16 13:12:42.622942-08	1
43c2545c-c1b9-40ec-ab6b-a4d8e2a37bc7	ebe9610b9bc5abdd700704bdc2eabebbe7a74f6ad57c020f307a841c14a54b10	2026-01-16 13:12:42.626225-08	20251119185215_add_fingerprint_to_student	\N	\N	2026-01-16 13:12:42.625002-08	1
0f3b6b18-2e49-4b43-a5d8-957f60500e6f	aec67d86ad2a2b423a89089ba66526ad9a82902714ad95068f6f32c5a50caced	2026-01-16 13:13:35.380463-08	20260116211335_setup_database	\N	\N	2026-01-16 13:13:35.359522-08	1
011f8fc5-42f5-4f10-9e09-cbe0bd28f4e9	c9b98e69f3637249bc1f66d26f50e86f749d140b9fde2cf435485fea49a89add	2026-01-23 00:29:55.948105-08	20260123112933_add_email_verification_fields	\N	\N	2026-01-23 00:29:55.939891-08	1
baaf5afa-725a-47e9-b16b-e6a0b88974b4	85a610269f7c92f190bbef8de434ba6829edc82723af46f2b45c821108ff6ba9	2026-01-23 02:45:06.038227-08	20260123134327_add_teacher_material_relation	\N	\N	2026-01-23 02:45:06.025701-08	1
f61c46ea-3a0f-4f17-b2ca-93b81f6e3e24	5643fcd26c6d5eb2362e5428fd2e65f064c54484c9caf8b2dd9489b41b7a911e	2026-01-30 04:08:26.723527-08	20260130120826_add_carried_over_materials	\N	\N	2026-01-30 04:08:26.69644-08	1
f8a686c5-637a-42a1-96ba-b14cd6f0e8b4	ffbdc5f957a571ec384542575bba2bc753e9d1cca4a6c87ef9a67198e21ce6e9	2026-01-30 05:43:30.271227-08	20260130134330_add_promotion_system	\N	\N	2026-01-30 05:43:30.239591-08	1
374cc38a-eafa-434c-b733-133123064d15	68639291cd37f60c706b4a13606b3594a045294bda2091f6a83406a3d11f0431	2026-01-30 06:46:37.190349-08	20260130144637_add_semester_system	\N	\N	2026-01-30 06:46:37.187816-08	1
cf03ac35-62c4-4223-967e-3120887e6c35	0de83efd8bc8c9e4a9bb8d22da670f0382c3d08a363470d06d5e52f2b73ea08b	2026-01-30 11:13:29.47975-08	20260130191329_add_department_admin_roles	\N	\N	2026-01-30 11:13:29.474431-08	1
42e09ca6-4426-4de5-8d59-3394313d18cc	c5105ae0145e44bdafdc0f95dfd167aafda180b065753092ffd4e76bb5370eea	2026-01-30 11:26:27.588814-08	20260130192627_add_admin_role_system	\N	\N	2026-01-30 11:26:27.584457-08	1
0098b79d-b157-4c90-8145-1f701bd28ae5	50cad40c3a7eba8fda8e78786d7a25822e442cfc488f22eda5fc5f57090faa3b	2026-01-30 12:12:48.340049-08	20260130201248_remove_admin_role	\N	\N	2026-01-30 12:12:48.324281-08	1
\.


--
-- Name: AbsenceWarning_id_seq; Type: SEQUENCE SET; Schema: public; Owner: -
--

SELECT pg_catalog.setval('public."AbsenceWarning_id_seq"', 5, true);


--
-- Name: Admin_id_seq; Type: SEQUENCE SET; Schema: public; Owner: -
--

SELECT pg_catalog.setval('public."Admin_id_seq"', 269, true);


--
-- Name: AttendanceRecord_id_seq; Type: SEQUENCE SET; Schema: public; Owner: -
--

SELECT pg_catalog.setval('public."AttendanceRecord_id_seq"', 104, true);


--
-- Name: CarriedSubject_id_seq; Type: SEQUENCE SET; Schema: public; Owner: -
--

SELECT pg_catalog.setval('public."CarriedSubject_id_seq"', 3, true);


--
-- Name: Department_id_seq; Type: SEQUENCE SET; Schema: public; Owner: -
--

SELECT pg_catalog.setval('public."Department_id_seq"', 733, true);


--
-- Name: Enrollment_id_seq; Type: SEQUENCE SET; Schema: public; Owner: -
--

SELECT pg_catalog.setval('public."Enrollment_id_seq"', 332, true);


--
-- Name: FailedAttempt_id_seq; Type: SEQUENCE SET; Schema: public; Owner: -
--

SELECT pg_catalog.setval('public."FailedAttempt_id_seq"', 195, true);


--
-- Name: Geofence_id_seq; Type: SEQUENCE SET; Schema: public; Owner: -
--

SELECT pg_catalog.setval('public."Geofence_id_seq"', 258, true);


--
-- Name: Material_id_seq; Type: SEQUENCE SET; Schema: public; Owner: -
--

SELECT pg_catalog.setval('public."Material_id_seq"', 393, true);


--
-- Name: PromotionConfig_id_seq; Type: SEQUENCE SET; Schema: public; Owner: -
--

SELECT pg_catalog.setval('public."PromotionConfig_id_seq"', 1, false);


--
-- Name: PromotionRecord_id_seq; Type: SEQUENCE SET; Schema: public; Owner: -
--

SELECT pg_catalog.setval('public."PromotionRecord_id_seq"', 21, true);


--
-- Name: QRToken_id_seq; Type: SEQUENCE SET; Schema: public; Owner: -
--

SELECT pg_catalog.setval('public."QRToken_id_seq"', 106, true);


--
-- Name: Session_id_seq; Type: SEQUENCE SET; Schema: public; Owner: -
--

SELECT pg_catalog.setval('public."Session_id_seq"', 231, true);


--
-- Name: Stage_id_seq; Type: SEQUENCE SET; Schema: public; Owner: -
--

SELECT pg_catalog.setval('public."Stage_id_seq"', 822, true);


--
-- Name: Student_id_seq; Type: SEQUENCE SET; Schema: public; Owner: -
--

SELECT pg_catalog.setval('public."Student_id_seq"', 318, true);


--
-- Name: TeacherMaterial_id_seq; Type: SEQUENCE SET; Schema: public; Owner: -
--

SELECT pg_catalog.setval('public."TeacherMaterial_id_seq"', 4, true);


--
-- Name: Teacher_id_seq; Type: SEQUENCE SET; Schema: public; Owner: -
--

SELECT pg_catalog.setval('public."Teacher_id_seq"', 122, true);


--
-- PostgreSQL database dump complete
--

\unrestrict dUdm1qYXmfF9eja4QT5IceSIrcsQe883A6e0ZBnkiTCX4BIhez9MwmfTk2DvBSn

