--
-- PostgreSQL database dump
--

\restrict SsGxIeetj69H1cvIuUqgv44elpF6EgQc3XUHYbrbs9Ffr6H5LoHsmAfAp9nQUk0

-- Dumped from database version 17.7
-- Dumped by pg_dump version 17.7

SET statement_timeout = 0;
SET lock_timeout = 0;
SET idle_in_transaction_session_timeout = 0;
SET transaction_timeout = 0;
SET client_encoding = 'UTF8';
SET standard_conforming_strings = on;
SELECT pg_catalog.set_config('search_path', '', false);
SET check_function_bodies = false;
SET xmloption = content;
SET client_min_messages = warning;
SET row_security = off;

--
-- Data for Name: Department; Type: TABLE DATA; Schema: public; Owner: -
--

INSERT INTO public."Department" (id, name, created_at, updated_at) VALUES (729, 'هندسة المعلومات والاتصالات', '2026-01-30 15:02:59.3', '2026-01-30 15:02:59.3');
INSERT INTO public."Department" (id, name, created_at, updated_at) VALUES (730, 'هندسة شبكات الحاسوب', '2026-01-30 15:02:59.331', '2026-01-30 15:02:59.331');
INSERT INTO public."Department" (id, name, created_at, updated_at) VALUES (731, 'هندسة الأمن السيبراني', '2026-01-30 15:02:59.357', '2026-01-30 15:02:59.357');
INSERT INTO public."Department" (id, name, created_at, updated_at) VALUES (732, 'هندسة الأتمتة والذكاء الاصطناعي', '2026-01-30 15:02:59.379', '2026-01-30 15:02:59.379');
INSERT INTO public."Department" (id, name, created_at, updated_at) VALUES (733, 'Test Dept', '2026-02-13 13:31:25.106', '2026-02-13 13:31:25.106');


--
-- Data for Name: Stage; Type: TABLE DATA; Schema: public; Owner: -
--

INSERT INTO public."Stage" (id, name, level, created_at, updated_at) VALUES (819, 'المرحلة الأولى', 1, '2026-01-30 15:02:59.295', '2026-01-30 15:02:59.295');
INSERT INTO public."Stage" (id, name, level, created_at, updated_at) VALUES (820, 'المرحلة الثانية', 2, '2026-01-30 15:02:59.298', '2026-01-30 15:02:59.298');
INSERT INTO public."Stage" (id, name, level, created_at, updated_at) VALUES (821, 'المرحلة الثالثة', 3, '2026-01-30 15:02:59.299', '2026-01-30 15:02:59.299');
INSERT INTO public."Stage" (id, name, level, created_at, updated_at) VALUES (822, 'المرحلة الرابعة', 4, '2026-01-30 15:02:59.299', '2026-01-30 15:02:59.299');


--
-- Data for Name: Material; Type: TABLE DATA; Schema: public; Owner: -
--

INSERT INTO public."Material" (id, name, department_id, stage_id, created_at, updated_at, is_core_subject, prerequisites, semester) VALUES (245, 'Arabic Language', 729, 819, '2026-01-30 15:02:59.301', '2026-01-30 15:02:59.301', false, NULL, 'SEMESTER_1');
INSERT INTO public."Material" (id, name, department_id, stage_id, created_at, updated_at, is_core_subject, prerequisites, semester) VALUES (246, 'Human Rights', 729, 819, '2026-01-30 15:02:59.303', '2026-01-30 15:02:59.303', false, NULL, 'SEMESTER_1');
INSERT INTO public."Material" (id, name, department_id, stage_id, created_at, updated_at, is_core_subject, prerequisites, semester) VALUES (247, 'Engineering Drawing', 729, 819, '2026-01-30 15:02:59.304', '2026-01-30 15:02:59.304', false, NULL, 'SEMESTER_1');
INSERT INTO public."Material" (id, name, department_id, stage_id, created_at, updated_at, is_core_subject, prerequisites, semester) VALUES (248, 'Computer Fundamentals', 729, 819, '2026-01-30 15:02:59.304', '2026-01-30 15:02:59.304', false, NULL, 'SEMESTER_1');
INSERT INTO public."Material" (id, name, department_id, stage_id, created_at, updated_at, is_core_subject, prerequisites, semester) VALUES (249, 'Calculus I', 729, 819, '2026-01-30 15:02:59.305', '2026-01-30 15:02:59.305', false, NULL, 'SEMESTER_1');
INSERT INTO public."Material" (id, name, department_id, stage_id, created_at, updated_at, is_core_subject, prerequisites, semester) VALUES (250, 'Physics', 729, 819, '2026-01-30 15:02:59.306', '2026-01-30 15:02:59.306', false, NULL, 'SEMESTER_1');
INSERT INTO public."Material" (id, name, department_id, stage_id, created_at, updated_at, is_core_subject, prerequisites, semester) VALUES (251, 'Biology', 729, 819, '2026-01-30 15:02:59.306', '2026-01-30 15:02:59.306', false, NULL, 'SEMESTER_2');
INSERT INTO public."Material" (id, name, department_id, stage_id, created_at, updated_at, is_core_subject, prerequisites, semester) VALUES (252, 'Computer Fundamentals Lab', 729, 819, '2026-01-30 15:02:59.307', '2026-01-30 15:02:59.307', false, NULL, 'SEMESTER_2');
INSERT INTO public."Material" (id, name, department_id, stage_id, created_at, updated_at, is_core_subject, prerequisites, semester) VALUES (253, 'Calculus II', 729, 819, '2026-01-30 15:02:59.308', '2026-01-30 15:02:59.308', false, NULL, 'SEMESTER_2');
INSERT INTO public."Material" (id, name, department_id, stage_id, created_at, updated_at, is_core_subject, prerequisites, semester) VALUES (254, 'Physics Lab', 729, 819, '2026-01-30 15:02:59.308', '2026-01-30 15:02:59.308', false, NULL, 'SEMESTER_2');
INSERT INTO public."Material" (id, name, department_id, stage_id, created_at, updated_at, is_core_subject, prerequisites, semester) VALUES (255, 'Introduction to Programming', 729, 819, '2026-01-30 15:02:59.309', '2026-01-30 15:02:59.309', false, NULL, 'SEMESTER_2');
INSERT INTO public."Material" (id, name, department_id, stage_id, created_at, updated_at, is_core_subject, prerequisites, semester) VALUES (256, 'English Language II', 729, 820, '2026-01-30 15:02:59.31', '2026-01-30 15:02:59.31', false, NULL, 'SEMESTER_1');
INSERT INTO public."Material" (id, name, department_id, stage_id, created_at, updated_at, is_core_subject, prerequisites, semester) VALUES (257, 'Probability and Statistics', 729, 820, '2026-01-30 15:02:59.311', '2026-01-30 15:02:59.311', false, NULL, 'SEMESTER_1');
INSERT INTO public."Material" (id, name, department_id, stage_id, created_at, updated_at, is_core_subject, prerequisites, semester) VALUES (258, 'Electronics', 729, 820, '2026-01-30 15:02:59.311', '2026-01-30 15:02:59.311', false, NULL, 'SEMESTER_1');
INSERT INTO public."Material" (id, name, department_id, stage_id, created_at, updated_at, is_core_subject, prerequisites, semester) VALUES (259, 'Object Oriented Programming', 729, 820, '2026-01-30 15:02:59.312', '2026-01-30 15:02:59.312', false, NULL, 'SEMESTER_1');
INSERT INTO public."Material" (id, name, department_id, stage_id, created_at, updated_at, is_core_subject, prerequisites, semester) VALUES (260, 'Data Structures', 729, 820, '2026-01-30 15:02:59.312', '2026-01-30 15:02:59.312', false, NULL, 'SEMESTER_1');
INSERT INTO public."Material" (id, name, department_id, stage_id, created_at, updated_at, is_core_subject, prerequisites, semester) VALUES (261, 'Electronics Lab', 729, 820, '2026-01-30 15:02:59.313', '2026-01-30 15:02:59.313', false, NULL, 'SEMESTER_2');
INSERT INTO public."Material" (id, name, department_id, stage_id, created_at, updated_at, is_core_subject, prerequisites, semester) VALUES (262, 'OOP Lab', 729, 820, '2026-01-30 15:02:59.314', '2026-01-30 15:02:59.314', false, NULL, 'SEMESTER_2');
INSERT INTO public."Material" (id, name, department_id, stage_id, created_at, updated_at, is_core_subject, prerequisites, semester) VALUES (263, 'Data Structures Lab', 729, 820, '2026-01-30 15:02:59.314', '2026-01-30 15:02:59.314', false, NULL, 'SEMESTER_2');
INSERT INTO public."Material" (id, name, department_id, stage_id, created_at, updated_at, is_core_subject, prerequisites, semester) VALUES (264, 'Database Systems', 729, 820, '2026-01-30 15:02:59.315', '2026-01-30 15:02:59.315', false, NULL, 'SEMESTER_2');
INSERT INTO public."Material" (id, name, department_id, stage_id, created_at, updated_at, is_core_subject, prerequisites, semester) VALUES (265, 'Database Systems Lab', 729, 820, '2026-01-30 15:02:59.315', '2026-01-30 15:02:59.315', false, NULL, 'SEMESTER_2');
INSERT INTO public."Material" (id, name, department_id, stage_id, created_at, updated_at, is_core_subject, prerequisites, semester) VALUES (266, 'Communication Systems', 729, 821, '2026-01-30 15:02:59.316', '2026-01-30 15:02:59.316', false, NULL, 'SEMESTER_1');
INSERT INTO public."Material" (id, name, department_id, stage_id, created_at, updated_at, is_core_subject, prerequisites, semester) VALUES (267, 'Digital Signal Processing', 729, 821, '2026-01-30 15:02:59.317', '2026-01-30 15:02:59.317', false, NULL, 'SEMESTER_1');
INSERT INTO public."Material" (id, name, department_id, stage_id, created_at, updated_at, is_core_subject, prerequisites, semester) VALUES (268, 'Transmission Lines', 729, 821, '2026-01-30 15:02:59.318', '2026-01-30 15:02:59.318', false, NULL, 'SEMESTER_1');
INSERT INTO public."Material" (id, name, department_id, stage_id, created_at, updated_at, is_core_subject, prerequisites, semester) VALUES (269, 'Computer Architecture', 729, 821, '2026-01-30 15:02:59.318', '2026-01-30 15:02:59.318', false, NULL, 'SEMESTER_1');
INSERT INTO public."Material" (id, name, department_id, stage_id, created_at, updated_at, is_core_subject, prerequisites, semester) VALUES (270, 'Numerical Methods', 729, 821, '2026-01-30 15:02:59.319', '2026-01-30 15:02:59.319', false, NULL, 'SEMESTER_1');
INSERT INTO public."Material" (id, name, department_id, stage_id, created_at, updated_at, is_core_subject, prerequisites, semester) VALUES (271, 'Communication Systems Lab', 729, 821, '2026-01-30 15:02:59.319', '2026-01-30 15:02:59.319', false, NULL, 'SEMESTER_2');
INSERT INTO public."Material" (id, name, department_id, stage_id, created_at, updated_at, is_core_subject, prerequisites, semester) VALUES (272, 'DSP Lab', 729, 821, '2026-01-30 15:02:59.32', '2026-01-30 15:02:59.32', false, NULL, 'SEMESTER_2');
INSERT INTO public."Material" (id, name, department_id, stage_id, created_at, updated_at, is_core_subject, prerequisites, semester) VALUES (273, 'Numerical Methods Lab', 729, 821, '2026-01-30 15:02:59.321', '2026-01-30 15:02:59.321', false, NULL, 'SEMESTER_2');
INSERT INTO public."Material" (id, name, department_id, stage_id, created_at, updated_at, is_core_subject, prerequisites, semester) VALUES (274, 'Internet Programming', 729, 821, '2026-01-30 15:02:59.321', '2026-01-30 15:02:59.321', false, NULL, 'SEMESTER_2');
INSERT INTO public."Material" (id, name, department_id, stage_id, created_at, updated_at, is_core_subject, prerequisites, semester) VALUES (275, 'Information Theory', 729, 821, '2026-01-30 15:02:59.322', '2026-01-30 15:02:59.322', false, NULL, 'SEMESTER_2');
INSERT INTO public."Material" (id, name, department_id, stage_id, created_at, updated_at, is_core_subject, prerequisites, semester) VALUES (276, 'Principles of Management', 729, 821, '2026-01-30 15:02:59.322', '2026-01-30 15:02:59.322', false, NULL, 'SEMESTER_2');
INSERT INTO public."Material" (id, name, department_id, stage_id, created_at, updated_at, is_core_subject, prerequisites, semester) VALUES (277, 'Operating Systems', 729, 822, '2026-01-30 15:02:59.323', '2026-01-30 15:02:59.323', false, NULL, 'SEMESTER_1');
INSERT INTO public."Material" (id, name, department_id, stage_id, created_at, updated_at, is_core_subject, prerequisites, semester) VALUES (278, 'Wireless Communications', 729, 822, '2026-01-30 15:02:59.324', '2026-01-30 15:02:59.324', false, NULL, 'SEMESTER_1');
INSERT INTO public."Material" (id, name, department_id, stage_id, created_at, updated_at, is_core_subject, prerequisites, semester) VALUES (279, 'Cryptography', 729, 822, '2026-01-30 15:02:59.324', '2026-01-30 15:02:59.324', false, NULL, 'SEMESTER_1');
INSERT INTO public."Material" (id, name, department_id, stage_id, created_at, updated_at, is_core_subject, prerequisites, semester) VALUES (280, 'Internet of Things', 729, 822, '2026-01-30 15:02:59.325', '2026-01-30 15:02:59.325', false, NULL, 'SEMESTER_1');
INSERT INTO public."Material" (id, name, department_id, stage_id, created_at, updated_at, is_core_subject, prerequisites, semester) VALUES (281, 'Professional Ethics', 729, 822, '2026-01-30 15:02:59.326', '2026-01-30 15:02:59.326', false, NULL, 'SEMESTER_1');
INSERT INTO public."Material" (id, name, department_id, stage_id, created_at, updated_at, is_core_subject, prerequisites, semester) VALUES (282, 'Operating Systems Lab', 729, 822, '2026-01-30 15:02:59.327', '2026-01-30 15:02:59.327', false, NULL, 'SEMESTER_2');
INSERT INTO public."Material" (id, name, department_id, stage_id, created_at, updated_at, is_core_subject, prerequisites, semester) VALUES (283, 'Wireless Communications Lab', 729, 822, '2026-01-30 15:02:59.328', '2026-01-30 15:02:59.328', false, NULL, 'SEMESTER_2');
INSERT INTO public."Material" (id, name, department_id, stage_id, created_at, updated_at, is_core_subject, prerequisites, semester) VALUES (284, 'Cryptography Lab', 729, 822, '2026-01-30 15:02:59.329', '2026-01-30 15:02:59.329', false, NULL, 'SEMESTER_2');
INSERT INTO public."Material" (id, name, department_id, stage_id, created_at, updated_at, is_core_subject, prerequisites, semester) VALUES (285, 'IoT Lab', 729, 822, '2026-01-30 15:02:59.33', '2026-01-30 15:02:59.33', false, NULL, 'SEMESTER_2');
INSERT INTO public."Material" (id, name, department_id, stage_id, created_at, updated_at, is_core_subject, prerequisites, semester) VALUES (286, 'Graduation Project', 729, 822, '2026-01-30 15:02:59.33', '2026-01-30 15:02:59.33', false, NULL, 'SEMESTER_2');
INSERT INTO public."Material" (id, name, department_id, stage_id, created_at, updated_at, is_core_subject, prerequisites, semester) VALUES (287, 'Arabic Language', 730, 819, '2026-01-30 15:02:59.332', '2026-01-30 15:02:59.332', false, NULL, 'SEMESTER_1');
INSERT INTO public."Material" (id, name, department_id, stage_id, created_at, updated_at, is_core_subject, prerequisites, semester) VALUES (288, 'Human Rights', 730, 819, '2026-01-30 15:02:59.332', '2026-01-30 15:02:59.332', false, NULL, 'SEMESTER_1');
INSERT INTO public."Material" (id, name, department_id, stage_id, created_at, updated_at, is_core_subject, prerequisites, semester) VALUES (289, 'Engineering Mathematics I', 730, 819, '2026-01-30 15:02:59.333', '2026-01-30 15:02:59.333', false, NULL, 'SEMESTER_1');
INSERT INTO public."Material" (id, name, department_id, stage_id, created_at, updated_at, is_core_subject, prerequisites, semester) VALUES (290, 'Computer Fundamentals', 730, 819, '2026-01-30 15:02:59.333', '2026-01-30 15:02:59.333', false, NULL, 'SEMESTER_1');
INSERT INTO public."Material" (id, name, department_id, stage_id, created_at, updated_at, is_core_subject, prerequisites, semester) VALUES (291, 'Programming I', 730, 819, '2026-01-30 15:02:59.334', '2026-01-30 15:02:59.334', false, NULL, 'SEMESTER_1');
INSERT INTO public."Material" (id, name, department_id, stage_id, created_at, updated_at, is_core_subject, prerequisites, semester) VALUES (292, 'Physics', 730, 819, '2026-01-30 15:02:59.335', '2026-01-30 15:02:59.335', false, NULL, 'SEMESTER_1');
INSERT INTO public."Material" (id, name, department_id, stage_id, created_at, updated_at, is_core_subject, prerequisites, semester) VALUES (293, 'Programming I Lab', 730, 819, '2026-01-30 15:02:59.335', '2026-01-30 15:02:59.335', false, NULL, 'SEMESTER_2');
INSERT INTO public."Material" (id, name, department_id, stage_id, created_at, updated_at, is_core_subject, prerequisites, semester) VALUES (294, 'Engineering Mathematics II', 730, 819, '2026-01-30 15:02:59.336', '2026-01-30 15:02:59.336', false, NULL, 'SEMESTER_2');
INSERT INTO public."Material" (id, name, department_id, stage_id, created_at, updated_at, is_core_subject, prerequisites, semester) VALUES (295, 'Computer Fundamentals Lab', 730, 819, '2026-01-30 15:02:59.337', '2026-01-30 15:02:59.337', false, NULL, 'SEMESTER_2');
INSERT INTO public."Material" (id, name, department_id, stage_id, created_at, updated_at, is_core_subject, prerequisites, semester) VALUES (296, 'Physics Lab', 730, 819, '2026-01-30 15:02:59.337', '2026-01-30 15:02:59.337', false, NULL, 'SEMESTER_2');
INSERT INTO public."Material" (id, name, department_id, stage_id, created_at, updated_at, is_core_subject, prerequisites, semester) VALUES (297, 'Introduction to Networks', 730, 819, '2026-01-30 15:02:59.338', '2026-01-30 15:02:59.338', false, NULL, 'SEMESTER_2');
INSERT INTO public."Material" (id, name, department_id, stage_id, created_at, updated_at, is_core_subject, prerequisites, semester) VALUES (298, 'Data Structures', 730, 820, '2026-01-30 15:02:59.338', '2026-01-30 15:02:59.338', false, NULL, 'SEMESTER_1');
INSERT INTO public."Material" (id, name, department_id, stage_id, created_at, updated_at, is_core_subject, prerequisites, semester) VALUES (299, 'Probability and Statistics', 730, 820, '2026-01-30 15:02:59.339', '2026-01-30 15:02:59.339', false, NULL, 'SEMESTER_1');
INSERT INTO public."Material" (id, name, department_id, stage_id, created_at, updated_at, is_core_subject, prerequisites, semester) VALUES (300, 'Computer Networks I', 730, 820, '2026-01-30 15:02:59.34', '2026-01-30 15:02:59.34', false, NULL, 'SEMESTER_1');
INSERT INTO public."Material" (id, name, department_id, stage_id, created_at, updated_at, is_core_subject, prerequisites, semester) VALUES (301, 'Operating Systems I', 730, 820, '2026-01-30 15:02:59.34', '2026-01-30 15:02:59.34', false, NULL, 'SEMESTER_1');
INSERT INTO public."Material" (id, name, department_id, stage_id, created_at, updated_at, is_core_subject, prerequisites, semester) VALUES (302, 'Database Systems', 730, 820, '2026-01-30 15:02:59.341', '2026-01-30 15:02:59.341', false, NULL, 'SEMESTER_1');
INSERT INTO public."Material" (id, name, department_id, stage_id, created_at, updated_at, is_core_subject, prerequisites, semester) VALUES (303, 'Data Structures Lab', 730, 820, '2026-01-30 15:02:59.342', '2026-01-30 15:02:59.342', false, NULL, 'SEMESTER_2');
INSERT INTO public."Material" (id, name, department_id, stage_id, created_at, updated_at, is_core_subject, prerequisites, semester) VALUES (304, 'Networks Lab I', 730, 820, '2026-01-30 15:02:59.342', '2026-01-30 15:02:59.342', false, NULL, 'SEMESTER_2');
INSERT INTO public."Material" (id, name, department_id, stage_id, created_at, updated_at, is_core_subject, prerequisites, semester) VALUES (305, 'Operating Systems Lab I', 730, 820, '2026-01-30 15:02:59.343', '2026-01-30 15:02:59.343', false, NULL, 'SEMESTER_2');
INSERT INTO public."Material" (id, name, department_id, stage_id, created_at, updated_at, is_core_subject, prerequisites, semester) VALUES (306, 'Database Lab', 730, 820, '2026-01-30 15:02:59.344', '2026-01-30 15:02:59.344', false, NULL, 'SEMESTER_2');
INSERT INTO public."Material" (id, name, department_id, stage_id, created_at, updated_at, is_core_subject, prerequisites, semester) VALUES (307, 'Discrete Mathematics', 730, 820, '2026-01-30 15:02:59.345', '2026-01-30 15:02:59.345', false, NULL, 'SEMESTER_2');
INSERT INTO public."Material" (id, name, department_id, stage_id, created_at, updated_at, is_core_subject, prerequisites, semester) VALUES (308, 'Computer Networks II', 730, 821, '2026-01-30 15:02:59.346', '2026-01-30 15:02:59.346', false, NULL, 'SEMESTER_1');
INSERT INTO public."Material" (id, name, department_id, stage_id, created_at, updated_at, is_core_subject, prerequisites, semester) VALUES (309, 'Routing and Switching', 730, 821, '2026-01-30 15:02:59.346', '2026-01-30 15:02:59.346', false, NULL, 'SEMESTER_1');
INSERT INTO public."Material" (id, name, department_id, stage_id, created_at, updated_at, is_core_subject, prerequisites, semester) VALUES (310, 'Network Security', 730, 821, '2026-01-30 15:02:59.347', '2026-01-30 15:02:59.347', false, NULL, 'SEMESTER_1');
INSERT INTO public."Material" (id, name, department_id, stage_id, created_at, updated_at, is_core_subject, prerequisites, semester) VALUES (311, 'Distributed Systems', 730, 821, '2026-01-30 15:02:59.348', '2026-01-30 15:02:59.348', false, NULL, 'SEMESTER_1');
INSERT INTO public."Material" (id, name, department_id, stage_id, created_at, updated_at, is_core_subject, prerequisites, semester) VALUES (312, 'Numerical Methods', 730, 821, '2026-01-30 15:02:59.348', '2026-01-30 15:02:59.348', false, NULL, 'SEMESTER_1');
INSERT INTO public."Material" (id, name, department_id, stage_id, created_at, updated_at, is_core_subject, prerequisites, semester) VALUES (313, 'Networks Lab II', 730, 821, '2026-01-30 15:02:59.349', '2026-01-30 15:02:59.349', false, NULL, 'SEMESTER_2');
INSERT INTO public."Material" (id, name, department_id, stage_id, created_at, updated_at, is_core_subject, prerequisites, semester) VALUES (314, 'Network Security Lab', 730, 821, '2026-01-30 15:02:59.349', '2026-01-30 15:02:59.349', false, NULL, 'SEMESTER_2');
INSERT INTO public."Material" (id, name, department_id, stage_id, created_at, updated_at, is_core_subject, prerequisites, semester) VALUES (315, 'Web Programming', 730, 821, '2026-01-30 15:02:59.35', '2026-01-30 15:02:59.35', false, NULL, 'SEMESTER_2');
INSERT INTO public."Material" (id, name, department_id, stage_id, created_at, updated_at, is_core_subject, prerequisites, semester) VALUES (316, 'Web Programming Lab', 730, 821, '2026-01-30 15:02:59.35', '2026-01-30 15:02:59.35', false, NULL, 'SEMESTER_2');
INSERT INTO public."Material" (id, name, department_id, stage_id, created_at, updated_at, is_core_subject, prerequisites, semester) VALUES (317, 'Wireless Networks', 730, 821, '2026-01-30 15:02:59.351', '2026-01-30 15:02:59.351', false, NULL, 'SEMESTER_2');
INSERT INTO public."Material" (id, name, department_id, stage_id, created_at, updated_at, is_core_subject, prerequisites, semester) VALUES (318, 'Advanced Networking', 730, 822, '2026-01-30 15:02:59.352', '2026-01-30 15:02:59.352', false, NULL, 'SEMESTER_1');
INSERT INTO public."Material" (id, name, department_id, stage_id, created_at, updated_at, is_core_subject, prerequisites, semester) VALUES (319, 'Cloud Computing', 730, 822, '2026-01-30 15:02:59.353', '2026-01-30 15:02:59.353', false, NULL, 'SEMESTER_1');
INSERT INTO public."Material" (id, name, department_id, stage_id, created_at, updated_at, is_core_subject, prerequisites, semester) VALUES (320, 'Network Management', 730, 822, '2026-01-30 15:02:59.353', '2026-01-30 15:02:59.353', false, NULL, 'SEMESTER_1');
INSERT INTO public."Material" (id, name, department_id, stage_id, created_at, updated_at, is_core_subject, prerequisites, semester) VALUES (321, 'Professional Ethics', 730, 822, '2026-01-30 15:02:59.354', '2026-01-30 15:02:59.354', false, NULL, 'SEMESTER_1');
INSERT INTO public."Material" (id, name, department_id, stage_id, created_at, updated_at, is_core_subject, prerequisites, semester) VALUES (322, 'Cloud Computing Lab', 730, 822, '2026-01-30 15:02:59.355', '2026-01-30 15:02:59.355', false, NULL, 'SEMESTER_2');
INSERT INTO public."Material" (id, name, department_id, stage_id, created_at, updated_at, is_core_subject, prerequisites, semester) VALUES (323, 'Network Design', 730, 822, '2026-01-30 15:02:59.355', '2026-01-30 15:02:59.355', false, NULL, 'SEMESTER_2');
INSERT INTO public."Material" (id, name, department_id, stage_id, created_at, updated_at, is_core_subject, prerequisites, semester) VALUES (324, 'Graduation Project', 730, 822, '2026-01-30 15:02:59.356', '2026-01-30 15:02:59.356', false, NULL, 'SEMESTER_2');
INSERT INTO public."Material" (id, name, department_id, stage_id, created_at, updated_at, is_core_subject, prerequisites, semester) VALUES (325, 'Arabic Language', 731, 819, '2026-01-30 15:02:59.357', '2026-01-30 15:02:59.357', false, NULL, 'SEMESTER_1');
INSERT INTO public."Material" (id, name, department_id, stage_id, created_at, updated_at, is_core_subject, prerequisites, semester) VALUES (326, 'Human Rights', 731, 819, '2026-01-30 15:02:59.358', '2026-01-30 15:02:59.358', false, NULL, 'SEMESTER_1');
INSERT INTO public."Material" (id, name, department_id, stage_id, created_at, updated_at, is_core_subject, prerequisites, semester) VALUES (327, 'Computer Fundamentals', 731, 819, '2026-01-30 15:02:59.359', '2026-01-30 15:02:59.359', false, NULL, 'SEMESTER_1');
INSERT INTO public."Material" (id, name, department_id, stage_id, created_at, updated_at, is_core_subject, prerequisites, semester) VALUES (328, 'Programming I', 731, 819, '2026-01-30 15:02:59.36', '2026-01-30 15:02:59.36', false, NULL, 'SEMESTER_1');
INSERT INTO public."Material" (id, name, department_id, stage_id, created_at, updated_at, is_core_subject, prerequisites, semester) VALUES (329, 'Calculus I', 731, 819, '2026-01-30 15:02:59.36', '2026-01-30 15:02:59.36', false, NULL, 'SEMESTER_1');
INSERT INTO public."Material" (id, name, department_id, stage_id, created_at, updated_at, is_core_subject, prerequisites, semester) VALUES (330, 'Physics', 731, 819, '2026-01-30 15:02:59.361', '2026-01-30 15:02:59.361', false, NULL, 'SEMESTER_1');
INSERT INTO public."Material" (id, name, department_id, stage_id, created_at, updated_at, is_core_subject, prerequisites, semester) VALUES (331, 'Programming I Lab', 731, 819, '2026-01-30 15:02:59.362', '2026-01-30 15:02:59.362', false, NULL, 'SEMESTER_2');
INSERT INTO public."Material" (id, name, department_id, stage_id, created_at, updated_at, is_core_subject, prerequisites, semester) VALUES (332, 'Information Technology Basics', 731, 819, '2026-01-30 15:02:59.362', '2026-01-30 15:02:59.362', false, NULL, 'SEMESTER_2');
INSERT INTO public."Material" (id, name, department_id, stage_id, created_at, updated_at, is_core_subject, prerequisites, semester) VALUES (333, 'Calculus II', 731, 819, '2026-01-30 15:02:59.363', '2026-01-30 15:02:59.363', false, NULL, 'SEMESTER_2');
INSERT INTO public."Material" (id, name, department_id, stage_id, created_at, updated_at, is_core_subject, prerequisites, semester) VALUES (334, 'Physics Lab', 731, 819, '2026-01-30 15:02:59.363', '2026-01-30 15:02:59.363', false, NULL, 'SEMESTER_2');
INSERT INTO public."Material" (id, name, department_id, stage_id, created_at, updated_at, is_core_subject, prerequisites, semester) VALUES (335, 'Introduction to Cybersecurity', 731, 819, '2026-01-30 15:02:59.364', '2026-01-30 15:02:59.364', false, NULL, 'SEMESTER_2');
INSERT INTO public."Material" (id, name, department_id, stage_id, created_at, updated_at, is_core_subject, prerequisites, semester) VALUES (336, 'Data Structures', 731, 820, '2026-01-30 15:02:59.365', '2026-01-30 15:02:59.365', false, NULL, 'SEMESTER_1');
INSERT INTO public."Material" (id, name, department_id, stage_id, created_at, updated_at, is_core_subject, prerequisites, semester) VALUES (337, 'Computer Networks', 731, 820, '2026-01-30 15:02:59.365', '2026-01-30 15:02:59.365', false, NULL, 'SEMESTER_1');
INSERT INTO public."Material" (id, name, department_id, stage_id, created_at, updated_at, is_core_subject, prerequisites, semester) VALUES (338, 'Operating Systems', 731, 820, '2026-01-30 15:02:59.366', '2026-01-30 15:02:59.366', false, NULL, 'SEMESTER_1');
INSERT INTO public."Material" (id, name, department_id, stage_id, created_at, updated_at, is_core_subject, prerequisites, semester) VALUES (339, 'Probability and Statistics', 731, 820, '2026-01-30 15:02:59.366', '2026-01-30 15:02:59.366', false, NULL, 'SEMESTER_1');
INSERT INTO public."Material" (id, name, department_id, stage_id, created_at, updated_at, is_core_subject, prerequisites, semester) VALUES (340, 'Discrete Mathematics', 731, 820, '2026-01-30 15:02:59.367', '2026-01-30 15:02:59.367', false, NULL, 'SEMESTER_1');
INSERT INTO public."Material" (id, name, department_id, stage_id, created_at, updated_at, is_core_subject, prerequisites, semester) VALUES (341, 'Data Structures Lab', 731, 820, '2026-01-30 15:02:59.367', '2026-01-30 15:02:59.367', false, NULL, 'SEMESTER_2');
INSERT INTO public."Material" (id, name, department_id, stage_id, created_at, updated_at, is_core_subject, prerequisites, semester) VALUES (342, 'Networks Lab', 731, 820, '2026-01-30 15:02:59.368', '2026-01-30 15:02:59.368', false, NULL, 'SEMESTER_2');
INSERT INTO public."Material" (id, name, department_id, stage_id, created_at, updated_at, is_core_subject, prerequisites, semester) VALUES (343, 'Operating Systems Lab', 731, 820, '2026-01-30 15:02:59.368', '2026-01-30 15:02:59.368', false, NULL, 'SEMESTER_2');
INSERT INTO public."Material" (id, name, department_id, stage_id, created_at, updated_at, is_core_subject, prerequisites, semester) VALUES (344, 'Secure Programming', 731, 820, '2026-01-30 15:02:59.369', '2026-01-30 15:02:59.369', false, NULL, 'SEMESTER_2');
INSERT INTO public."Material" (id, name, department_id, stage_id, created_at, updated_at, is_core_subject, prerequisites, semester) VALUES (345, 'Cybersecurity Tools', 731, 820, '2026-01-30 15:02:59.369', '2026-01-30 15:02:59.369', false, NULL, 'SEMESTER_2');
INSERT INTO public."Material" (id, name, department_id, stage_id, created_at, updated_at, is_core_subject, prerequisites, semester) VALUES (346, 'Cryptography I', 731, 821, '2026-01-30 15:02:59.37', '2026-01-30 15:02:59.37', false, NULL, 'SEMESTER_1');
INSERT INTO public."Material" (id, name, department_id, stage_id, created_at, updated_at, is_core_subject, prerequisites, semester) VALUES (347, 'Cyber Security Fundamentals', 731, 821, '2026-01-30 15:02:59.371', '2026-01-30 15:02:59.371', false, NULL, 'SEMESTER_1');
INSERT INTO public."Material" (id, name, department_id, stage_id, created_at, updated_at, is_core_subject, prerequisites, semester) VALUES (348, 'Network Security', 731, 821, '2026-01-30 15:02:59.371', '2026-01-30 15:02:59.371', false, NULL, 'SEMESTER_1');
INSERT INTO public."Material" (id, name, department_id, stage_id, created_at, updated_at, is_core_subject, prerequisites, semester) VALUES (349, 'Digital Forensics', 731, 821, '2026-01-30 15:02:59.372', '2026-01-30 15:02:59.372', false, NULL, 'SEMESTER_1');
INSERT INTO public."Material" (id, name, department_id, stage_id, created_at, updated_at, is_core_subject, prerequisites, semester) VALUES (350, 'Malware Analysis', 731, 821, '2026-01-30 15:02:59.372', '2026-01-30 15:02:59.372', false, NULL, 'SEMESTER_1');
INSERT INTO public."Material" (id, name, department_id, stage_id, created_at, updated_at, is_core_subject, prerequisites, semester) VALUES (351, 'Cryptography Lab', 731, 821, '2026-01-30 15:02:59.373', '2026-01-30 15:02:59.373', false, NULL, 'SEMESTER_2');
INSERT INTO public."Material" (id, name, department_id, stage_id, created_at, updated_at, is_core_subject, prerequisites, semester) VALUES (352, 'Etical Hacking', 731, 821, '2026-01-30 15:02:59.373', '2026-01-30 15:02:59.373', false, NULL, 'SEMESTER_2');
INSERT INTO public."Material" (id, name, department_id, stage_id, created_at, updated_at, is_core_subject, prerequisites, semester) VALUES (353, 'Secure Systems Design', 731, 821, '2026-01-30 15:02:59.374', '2026-01-30 15:02:59.374', false, NULL, 'SEMESTER_2');
INSERT INTO public."Material" (id, name, department_id, stage_id, created_at, updated_at, is_core_subject, prerequisites, semester) VALUES (354, 'Security Monitoring', 731, 821, '2026-01-30 15:02:59.374', '2026-01-30 15:02:59.374', false, NULL, 'SEMESTER_2');
INSERT INTO public."Material" (id, name, department_id, stage_id, created_at, updated_at, is_core_subject, prerequisites, semester) VALUES (355, 'Cryptography II', 731, 822, '2026-01-30 15:02:59.375', '2026-01-30 15:02:59.375', false, NULL, 'SEMESTER_1');
INSERT INTO public."Material" (id, name, department_id, stage_id, created_at, updated_at, is_core_subject, prerequisites, semester) VALUES (356, 'Penetration Testing', 731, 822, '2026-01-30 15:02:59.376', '2026-01-30 15:02:59.376', false, NULL, 'SEMESTER_1');
INSERT INTO public."Material" (id, name, department_id, stage_id, created_at, updated_at, is_core_subject, prerequisites, semester) VALUES (357, 'Incident Response', 731, 822, '2026-01-30 15:02:59.377', '2026-01-30 15:02:59.377', false, NULL, 'SEMESTER_1');
INSERT INTO public."Material" (id, name, department_id, stage_id, created_at, updated_at, is_core_subject, prerequisites, semester) VALUES (358, 'Cyber Law and Ethics', 731, 822, '2026-01-30 15:02:59.377', '2026-01-30 15:02:59.377', false, NULL, 'SEMESTER_1');
INSERT INTO public."Material" (id, name, department_id, stage_id, created_at, updated_at, is_core_subject, prerequisites, semester) VALUES (359, 'Security Management', 731, 822, '2026-01-30 15:02:59.378', '2026-01-30 15:02:59.378', false, NULL, 'SEMESTER_2');
INSERT INTO public."Material" (id, name, department_id, stage_id, created_at, updated_at, is_core_subject, prerequisites, semester) VALUES (360, 'Graduation Project', 731, 822, '2026-01-30 15:02:59.378', '2026-01-30 15:02:59.378', false, NULL, 'SEMESTER_2');
INSERT INTO public."Material" (id, name, department_id, stage_id, created_at, updated_at, is_core_subject, prerequisites, semester) VALUES (361, 'Arabic Language', 732, 819, '2026-01-30 15:02:59.379', '2026-01-30 15:02:59.379', false, NULL, 'SEMESTER_1');
INSERT INTO public."Material" (id, name, department_id, stage_id, created_at, updated_at, is_core_subject, prerequisites, semester) VALUES (362, 'Human Rights', 732, 819, '2026-01-30 15:02:59.38', '2026-01-30 15:02:59.38', false, NULL, 'SEMESTER_1');
INSERT INTO public."Material" (id, name, department_id, stage_id, created_at, updated_at, is_core_subject, prerequisites, semester) VALUES (363, 'Programming I', 732, 819, '2026-01-30 15:02:59.381', '2026-01-30 15:02:59.381', false, NULL, 'SEMESTER_1');
INSERT INTO public."Material" (id, name, department_id, stage_id, created_at, updated_at, is_core_subject, prerequisites, semester) VALUES (364, 'Calculus I', 732, 819, '2026-01-30 15:02:59.381', '2026-01-30 15:02:59.381', false, NULL, 'SEMESTER_1');
INSERT INTO public."Material" (id, name, department_id, stage_id, created_at, updated_at, is_core_subject, prerequisites, semester) VALUES (365, 'Physics', 732, 819, '2026-01-30 15:02:59.382', '2026-01-30 15:02:59.382', false, NULL, 'SEMESTER_1');
INSERT INTO public."Material" (id, name, department_id, stage_id, created_at, updated_at, is_core_subject, prerequisites, semester) VALUES (366, 'Engineering Drawing', 732, 819, '2026-01-30 15:02:59.382', '2026-01-30 15:02:59.382', false, NULL, 'SEMESTER_1');
INSERT INTO public."Material" (id, name, department_id, stage_id, created_at, updated_at, is_core_subject, prerequisites, semester) VALUES (367, 'Programming I Lab', 732, 819, '2026-01-30 15:02:59.383', '2026-01-30 15:02:59.383', false, NULL, 'SEMESTER_2');
INSERT INTO public."Material" (id, name, department_id, stage_id, created_at, updated_at, is_core_subject, prerequisites, semester) VALUES (368, 'Computer Fundamentals', 732, 819, '2026-01-30 15:02:59.384', '2026-01-30 15:02:59.384', false, NULL, 'SEMESTER_2');
INSERT INTO public."Material" (id, name, department_id, stage_id, created_at, updated_at, is_core_subject, prerequisites, semester) VALUES (369, 'Calculus II', 732, 819, '2026-01-30 15:02:59.384', '2026-01-30 15:02:59.384', false, NULL, 'SEMESTER_2');
INSERT INTO public."Material" (id, name, department_id, stage_id, created_at, updated_at, is_core_subject, prerequisites, semester) VALUES (370, 'Physics Lab', 732, 819, '2026-01-30 15:02:59.385', '2026-01-30 15:02:59.385', false, NULL, 'SEMESTER_2');
INSERT INTO public."Material" (id, name, department_id, stage_id, created_at, updated_at, is_core_subject, prerequisites, semester) VALUES (371, 'Introduction to Engineering', 732, 819, '2026-01-30 15:02:59.385', '2026-01-30 15:02:59.385', false, NULL, 'SEMESTER_2');
INSERT INTO public."Material" (id, name, department_id, stage_id, created_at, updated_at, is_core_subject, prerequisites, semester) VALUES (372, 'Data Structures', 732, 820, '2026-01-30 15:02:59.386', '2026-01-30 15:02:59.386', false, NULL, 'SEMESTER_1');
INSERT INTO public."Material" (id, name, department_id, stage_id, created_at, updated_at, is_core_subject, prerequisites, semester) VALUES (373, 'Linear Algebra', 732, 820, '2026-01-30 15:02:59.386', '2026-01-30 15:02:59.386', false, NULL, 'SEMESTER_1');
INSERT INTO public."Material" (id, name, department_id, stage_id, created_at, updated_at, is_core_subject, prerequisites, semester) VALUES (374, 'Probability and Statistics', 732, 820, '2026-01-30 15:02:59.387', '2026-01-30 15:02:59.387', false, NULL, 'SEMESTER_1');
INSERT INTO public."Material" (id, name, department_id, stage_id, created_at, updated_at, is_core_subject, prerequisites, semester) VALUES (375, 'Electronics', 732, 820, '2026-01-30 15:02:59.387', '2026-01-30 15:02:59.387', false, NULL, 'SEMESTER_1');
INSERT INTO public."Material" (id, name, department_id, stage_id, created_at, updated_at, is_core_subject, prerequisites, semester) VALUES (376, 'Object Oriented Programming', 732, 820, '2026-01-30 15:02:59.388', '2026-01-30 15:02:59.388', false, NULL, 'SEMESTER_1');
INSERT INTO public."Material" (id, name, department_id, stage_id, created_at, updated_at, is_core_subject, prerequisites, semester) VALUES (377, 'Data Structures Lab', 732, 820, '2026-01-30 15:02:59.388', '2026-01-30 15:02:59.388', false, NULL, 'SEMESTER_2');
INSERT INTO public."Material" (id, name, department_id, stage_id, created_at, updated_at, is_core_subject, prerequisites, semester) VALUES (378, 'Electronics Lab', 732, 820, '2026-01-30 15:02:59.389', '2026-01-30 15:02:59.389', false, NULL, 'SEMESTER_2');
INSERT INTO public."Material" (id, name, department_id, stage_id, created_at, updated_at, is_core_subject, prerequisites, semester) VALUES (379, 'Control Systems', 732, 820, '2026-01-30 15:02:59.389', '2026-01-30 15:02:59.389', false, NULL, 'SEMESTER_2');
INSERT INTO public."Material" (id, name, department_id, stage_id, created_at, updated_at, is_core_subject, prerequisites, semester) VALUES (380, 'Control Systems Lab', 732, 820, '2026-01-30 15:02:59.39', '2026-01-30 15:02:59.39', false, NULL, 'SEMESTER_2');
INSERT INTO public."Material" (id, name, department_id, stage_id, created_at, updated_at, is_core_subject, prerequisites, semester) VALUES (381, 'Artificial Intelligence', 732, 821, '2026-01-30 15:02:59.39', '2026-01-30 15:02:59.39', false, NULL, 'SEMESTER_1');
INSERT INTO public."Material" (id, name, department_id, stage_id, created_at, updated_at, is_core_subject, prerequisites, semester) VALUES (382, 'Machine Learning', 732, 821, '2026-01-30 15:02:59.391', '2026-01-30 15:02:59.391', false, NULL, 'SEMESTER_1');
INSERT INTO public."Material" (id, name, department_id, stage_id, created_at, updated_at, is_core_subject, prerequisites, semester) VALUES (383, 'Robotics', 732, 821, '2026-01-30 15:02:59.392', '2026-01-30 15:02:59.392', false, NULL, 'SEMESTER_1');
INSERT INTO public."Material" (id, name, department_id, stage_id, created_at, updated_at, is_core_subject, prerequisites, semester) VALUES (384, 'Sensors and Actuators', 732, 821, '2026-01-30 15:02:59.392', '2026-01-30 15:02:59.392', false, NULL, 'SEMESTER_1');
INSERT INTO public."Material" (id, name, department_id, stage_id, created_at, updated_at, is_core_subject, prerequisites, semester) VALUES (385, 'Numerical Methods', 732, 821, '2026-01-30 15:02:59.393', '2026-01-30 15:02:59.393', false, NULL, 'SEMESTER_1');
INSERT INTO public."Material" (id, name, department_id, stage_id, created_at, updated_at, is_core_subject, prerequisites, semester) VALUES (386, 'Machine Learning Lab', 732, 821, '2026-01-30 15:02:59.394', '2026-01-30 15:02:59.394', false, NULL, 'SEMESTER_2');
INSERT INTO public."Material" (id, name, department_id, stage_id, created_at, updated_at, is_core_subject, prerequisites, semester) VALUES (387, 'Embedded Systems', 732, 821, '2026-01-30 15:02:59.394', '2026-01-30 15:02:59.394', false, NULL, 'SEMESTER_2');
INSERT INTO public."Material" (id, name, department_id, stage_id, created_at, updated_at, is_core_subject, prerequisites, semester) VALUES (388, 'IoT Systems', 732, 821, '2026-01-30 15:02:59.395', '2026-01-30 15:02:59.395', false, NULL, 'SEMESTER_2');
INSERT INTO public."Material" (id, name, department_id, stage_id, created_at, updated_at, is_core_subject, prerequisites, semester) VALUES (389, 'IoT Lab', 732, 821, '2026-01-30 15:02:59.396', '2026-01-30 15:02:59.396', false, NULL, 'SEMESTER_2');
INSERT INTO public."Material" (id, name, department_id, stage_id, created_at, updated_at, is_core_subject, prerequisites, semester) VALUES (390, 'Deep Learning', 732, 822, '2026-01-30 15:02:59.396', '2026-01-30 15:02:59.396', false, NULL, 'SEMESTER_1');
INSERT INTO public."Material" (id, name, department_id, stage_id, created_at, updated_at, is_core_subject, prerequisites, semester) VALUES (391, 'Automation Systems', 732, 822, '2026-01-30 15:02:59.397', '2026-01-30 15:02:59.397', false, NULL, 'SEMESTER_1');
INSERT INTO public."Material" (id, name, department_id, stage_id, created_at, updated_at, is_core_subject, prerequisites, semester) VALUES (392, 'Professional Ethics', 732, 822, '2026-01-30 15:02:59.397', '2026-01-30 15:02:59.397', false, NULL, 'SEMESTER_1');
INSERT INTO public."Material" (id, name, department_id, stage_id, created_at, updated_at, is_core_subject, prerequisites, semester) VALUES (393, 'Graduation Project', 732, 822, '2026-01-30 15:02:59.398', '2026-01-30 15:02:59.398', false, NULL, 'SEMESTER_2');


--
-- Data for Name: Student; Type: TABLE DATA; Schema: public; Owner: -
--

INSERT INTO public."Student" (id, student_id, name, email, password, department_id, stage_id, is_verified, fingerprint_hash, created_at, must_change_password, updated_at, email_verification_token, email_verification_expires, password_reset_token, password_reset_expires, email_verified_at, academic_status, academic_year) VALUES (240, 'STU202636714e5d', 'Khalid Fawzy', 'khalid.fawzy.e445e8@gmail.com', '$2b$10$3f/P/LJI8syM.qqn2dq...vyS1u1KmAMF0ZW.z6WWpfKRNmi7DRLa', 729, 819, true, NULL, '2026-01-30 18:56:09.011', false, '2026-01-30 18:56:09.011', NULL, NULL, NULL, NULL, NULL, 'REGULAR', '2024-2025');
INSERT INTO public."Student" (id, student_id, name, email, password, department_id, stage_id, is_verified, fingerprint_hash, created_at, must_change_password, updated_at, email_verification_token, email_verification_expires, password_reset_token, password_reset_expires, email_verified_at, academic_status, academic_year) VALUES (241, 'STU20265493bf16', 'Youssef Nabil', 'youssef.nabil.966575@gmail.com', '$2b$10$3f/P/LJI8syM.qqn2dq...vyS1u1KmAMF0ZW.z6WWpfKRNmi7DRLa', 729, 819, true, NULL, '2026-01-30 18:56:09.012', false, '2026-01-30 18:56:09.012', NULL, NULL, NULL, NULL, NULL, 'REGULAR', '2024-2025');
INSERT INTO public."Student" (id, student_id, name, email, password, department_id, stage_id, is_verified, fingerprint_hash, created_at, must_change_password, updated_at, email_verification_token, email_verification_expires, password_reset_token, password_reset_expires, email_verified_at, academic_status, academic_year) VALUES (242, 'STU202618188ea2', 'Laila Saleh', 'laila.saleh.abda57@gmail.com', '$2b$10$3f/P/LJI8syM.qqn2dq...vyS1u1KmAMF0ZW.z6WWpfKRNmi7DRLa', 729, 820, true, NULL, '2026-01-30 18:56:09.014', false, '2026-01-30 18:56:09.014', NULL, NULL, NULL, NULL, NULL, 'REGULAR', '2024-2025');
INSERT INTO public."Student" (id, student_id, name, email, password, department_id, stage_id, is_verified, fingerprint_hash, created_at, must_change_password, updated_at, email_verification_token, email_verification_expires, password_reset_token, password_reset_expires, email_verified_at, academic_status, academic_year) VALUES (243, 'STU202670150b37', 'Hassan Osman', 'hassan.osman.548961@gmail.com', '$2b$10$3f/P/LJI8syM.qqn2dq...vyS1u1KmAMF0ZW.z6WWpfKRNmi7DRLa', 729, 820, true, NULL, '2026-01-30 18:56:09.015', false, '2026-01-30 18:56:09.015', NULL, NULL, NULL, NULL, NULL, 'REGULAR', '2024-2025');
INSERT INTO public."Student" (id, student_id, name, email, password, department_id, stage_id, is_verified, fingerprint_hash, created_at, must_change_password, updated_at, email_verification_token, email_verification_expires, password_reset_token, password_reset_expires, email_verified_at, academic_status, academic_year) VALUES (244, 'STU20266880d955', 'Mohamed Zaki', 'mohamed.zaki.d491ce@gmail.com', '$2b$10$3f/P/LJI8syM.qqn2dq...vyS1u1KmAMF0ZW.z6WWpfKRNmi7DRLa', 729, 820, true, NULL, '2026-01-30 18:56:09.016', false, '2026-01-30 18:56:09.016', NULL, NULL, NULL, NULL, NULL, 'REGULAR', '2024-2025');
INSERT INTO public."Student" (id, student_id, name, email, password, department_id, stage_id, is_verified, fingerprint_hash, created_at, must_change_password, updated_at, email_verification_token, email_verification_expires, password_reset_token, password_reset_expires, email_verified_at, academic_status, academic_year) VALUES (245, 'STU20269953fa88', 'Omar Ali', 'omar.ali.ff5c98@gmail.com', '$2b$10$3f/P/LJI8syM.qqn2dq...vyS1u1KmAMF0ZW.z6WWpfKRNmi7DRLa', 729, 820, true, NULL, '2026-01-30 18:56:09.017', false, '2026-01-30 18:56:09.017', NULL, NULL, NULL, NULL, NULL, 'REGULAR', '2024-2025');
INSERT INTO public."Student" (id, student_id, name, email, password, department_id, stage_id, is_verified, fingerprint_hash, created_at, must_change_password, updated_at, email_verification_token, email_verification_expires, password_reset_token, password_reset_expires, email_verified_at, academic_status, academic_year) VALUES (246, 'STU20266990a31f', 'Salma Osman', 'salma.osman.bf4264@gmail.com', '$2b$10$3f/P/LJI8syM.qqn2dq...vyS1u1KmAMF0ZW.z6WWpfKRNmi7DRLa', 729, 820, true, NULL, '2026-01-30 18:56:09.018', false, '2026-01-30 18:56:09.018', NULL, NULL, NULL, NULL, NULL, 'REGULAR', '2024-2025');
INSERT INTO public."Student" (id, student_id, name, email, password, department_id, stage_id, is_verified, fingerprint_hash, created_at, must_change_password, updated_at, email_verification_token, email_verification_expires, password_reset_token, password_reset_expires, email_verified_at, academic_status, academic_year) VALUES (247, 'STU202634956302', 'Fatima Mohamed', 'fatima.mohamed.4f1632@gmail.com', '$2b$10$3f/P/LJI8syM.qqn2dq...vyS1u1KmAMF0ZW.z6WWpfKRNmi7DRLa', 729, 821, true, NULL, '2026-01-30 18:56:09.019', false, '2026-01-30 18:56:09.019', NULL, NULL, NULL, NULL, NULL, 'REGULAR', '2024-2025');
INSERT INTO public."Student" (id, student_id, name, email, password, department_id, stage_id, is_verified, fingerprint_hash, created_at, must_change_password, updated_at, email_verification_token, email_verification_expires, password_reset_token, password_reset_expires, email_verified_at, academic_status, academic_year) VALUES (248, 'STU20265735d113', 'Hassan Ibrahim', 'hassan.ibrahim.65f7c1@gmail.com', '$2b$10$3f/P/LJI8syM.qqn2dq...vyS1u1KmAMF0ZW.z6WWpfKRNmi7DRLa', 729, 821, true, NULL, '2026-01-30 18:56:09.02', false, '2026-01-30 18:56:09.02', NULL, NULL, NULL, NULL, NULL, 'REGULAR', '2024-2025');
INSERT INTO public."Student" (id, student_id, name, email, password, department_id, stage_id, is_verified, fingerprint_hash, created_at, must_change_password, updated_at, email_verification_token, email_verification_expires, password_reset_token, password_reset_expires, email_verified_at, academic_status, academic_year) VALUES (249, 'STU20265117edc0', 'Mariam Adel', 'mariam.adel.287d63@gmail.com', '$2b$10$3f/P/LJI8syM.qqn2dq...vyS1u1KmAMF0ZW.z6WWpfKRNmi7DRLa', 729, 821, true, NULL, '2026-01-30 18:56:09.02', false, '2026-01-30 18:56:09.02', NULL, NULL, NULL, NULL, NULL, 'REGULAR', '2024-2025');
INSERT INTO public."Student" (id, student_id, name, email, password, department_id, stage_id, is_verified, fingerprint_hash, created_at, must_change_password, updated_at, email_verification_token, email_verification_expires, password_reset_token, password_reset_expires, email_verified_at, academic_status, academic_year) VALUES (250, 'STU202687890f82', 'Nour Yasser', 'nour.yasser.0af713@gmail.com', '$2b$10$3f/P/LJI8syM.qqn2dq...vyS1u1KmAMF0ZW.z6WWpfKRNmi7DRLa', 729, 821, true, NULL, '2026-01-30 18:56:09.021', false, '2026-01-30 18:56:09.021', NULL, NULL, NULL, NULL, NULL, 'REGULAR', '2024-2025');
INSERT INTO public."Student" (id, student_id, name, email, password, department_id, stage_id, is_verified, fingerprint_hash, created_at, must_change_password, updated_at, email_verification_token, email_verification_expires, password_reset_token, password_reset_expires, email_verified_at, academic_status, academic_year) VALUES (251, 'STU20262270766e', 'Mona Adel', 'mona.adel.578f4f@gmail.com', '$2b$10$3f/P/LJI8syM.qqn2dq...vyS1u1KmAMF0ZW.z6WWpfKRNmi7DRLa', 729, 821, true, NULL, '2026-01-30 18:56:09.022', false, '2026-01-30 18:56:09.022', NULL, NULL, NULL, NULL, NULL, 'REGULAR', '2024-2025');
INSERT INTO public."Student" (id, student_id, name, email, password, department_id, stage_id, is_verified, fingerprint_hash, created_at, must_change_password, updated_at, email_verification_token, email_verification_expires, password_reset_token, password_reset_expires, email_verified_at, academic_status, academic_year) VALUES (252, 'STU202646995c47', 'Mohamed Hassan', 'mohamed.hassan.8280cc@gmail.com', '$2b$10$3f/P/LJI8syM.qqn2dq...vyS1u1KmAMF0ZW.z6WWpfKRNmi7DRLa', 729, 822, true, NULL, '2026-01-30 18:56:09.023', false, '2026-01-30 18:56:09.023', NULL, NULL, NULL, NULL, NULL, 'REGULAR', '2024-2025');
INSERT INTO public."Student" (id, student_id, name, email, password, department_id, stage_id, is_verified, fingerprint_hash, created_at, must_change_password, updated_at, email_verification_token, email_verification_expires, password_reset_token, password_reset_expires, email_verified_at, academic_status, academic_year) VALUES (253, 'STU20267181551f', 'Omar Hady', 'omar.hady.a6e1fe@gmail.com', '$2b$10$3f/P/LJI8syM.qqn2dq...vyS1u1KmAMF0ZW.z6WWpfKRNmi7DRLa', 729, 822, true, NULL, '2026-01-30 18:56:09.024', false, '2026-01-30 18:56:09.024', NULL, NULL, NULL, NULL, NULL, 'REGULAR', '2024-2025');
INSERT INTO public."Student" (id, student_id, name, email, password, department_id, stage_id, is_verified, fingerprint_hash, created_at, must_change_password, updated_at, email_verification_token, email_verification_expires, password_reset_token, password_reset_expires, email_verified_at, academic_status, academic_year) VALUES (254, 'STU202638738a16', 'Amr Ezzat', 'amr.ezzat.5508dc@gmail.com', '$2b$10$3f/P/LJI8syM.qqn2dq...vyS1u1KmAMF0ZW.z6WWpfKRNmi7DRLa', 729, 822, true, NULL, '2026-01-30 18:56:09.025', false, '2026-01-30 18:56:09.025', NULL, NULL, NULL, NULL, NULL, 'REGULAR', '2024-2025');
INSERT INTO public."Student" (id, student_id, name, email, password, department_id, stage_id, is_verified, fingerprint_hash, created_at, must_change_password, updated_at, email_verification_token, email_verification_expires, password_reset_token, password_reset_expires, email_verified_at, academic_status, academic_year) VALUES (255, 'STU202667220346', 'Hoda Mahmoud', 'hoda.mahmoud.da44a6@gmail.com', '$2b$10$3f/P/LJI8syM.qqn2dq...vyS1u1KmAMF0ZW.z6WWpfKRNmi7DRLa', 729, 822, true, NULL, '2026-01-30 18:56:09.026', false, '2026-01-30 18:56:09.026', NULL, NULL, NULL, NULL, NULL, 'REGULAR', '2024-2025');
INSERT INTO public."Student" (id, student_id, name, email, password, department_id, stage_id, is_verified, fingerprint_hash, created_at, must_change_password, updated_at, email_verification_token, email_verification_expires, password_reset_token, password_reset_expires, email_verified_at, academic_status, academic_year) VALUES (256, 'STU202685868752', 'Amr Samir', 'amr.samir.8925b9@gmail.com', '$2b$10$3f/P/LJI8syM.qqn2dq...vyS1u1KmAMF0ZW.z6WWpfKRNmi7DRLa', 729, 822, true, NULL, '2026-01-30 18:56:09.027', false, '2026-01-30 18:56:09.027', NULL, NULL, NULL, NULL, NULL, 'REGULAR', '2024-2025');
INSERT INTO public."Student" (id, student_id, name, email, password, department_id, stage_id, is_verified, fingerprint_hash, created_at, must_change_password, updated_at, email_verification_token, email_verification_expires, password_reset_token, password_reset_expires, email_verified_at, academic_status, academic_year) VALUES (258, 'STU20269110e964', 'Amr Farid', 'amr.farid.b1e0ba@gmail.com', '$2b$10$3f/P/LJI8syM.qqn2dq...vyS1u1KmAMF0ZW.z6WWpfKRNmi7DRLa', 730, 819, true, NULL, '2026-01-30 18:56:09.029', false, '2026-01-30 18:56:09.029', NULL, NULL, NULL, NULL, NULL, 'REGULAR', '2024-2025');
INSERT INTO public."Student" (id, student_id, name, email, password, department_id, stage_id, is_verified, fingerprint_hash, created_at, must_change_password, updated_at, email_verification_token, email_verification_expires, password_reset_token, password_reset_expires, email_verified_at, academic_status, academic_year) VALUES (259, 'STU20269289205c', 'Tarek Yasser', 'tarek.yasser.b1eb33@gmail.com', '$2b$10$3f/P/LJI8syM.qqn2dq...vyS1u1KmAMF0ZW.z6WWpfKRNmi7DRLa', 730, 819, true, NULL, '2026-01-30 18:56:09.029', false, '2026-01-30 18:56:09.029', NULL, NULL, NULL, NULL, NULL, 'REGULAR', '2024-2025');
INSERT INTO public."Student" (id, student_id, name, email, password, department_id, stage_id, is_verified, fingerprint_hash, created_at, must_change_password, updated_at, email_verification_token, email_verification_expires, password_reset_token, password_reset_expires, email_verified_at, academic_status, academic_year) VALUES (260, 'STU20268813d92f', 'Mohamed Ibrahim', 'mohamed.ibrahim.c75662@gmail.com', '$2b$10$3f/P/LJI8syM.qqn2dq...vyS1u1KmAMF0ZW.z6WWpfKRNmi7DRLa', 730, 819, true, NULL, '2026-01-30 18:56:09.03', false, '2026-01-30 18:56:09.03', NULL, NULL, NULL, NULL, NULL, 'REGULAR', '2024-2025');
INSERT INTO public."Student" (id, student_id, name, email, password, department_id, stage_id, is_verified, fingerprint_hash, created_at, must_change_password, updated_at, email_verification_token, email_verification_expires, password_reset_token, password_reset_expires, email_verified_at, academic_status, academic_year) VALUES (261, 'STU20262106e6ec', 'Ali Adel', 'ali.adel.658552@gmail.com', '$2b$10$3f/P/LJI8syM.qqn2dq...vyS1u1KmAMF0ZW.z6WWpfKRNmi7DRLa', 730, 819, true, NULL, '2026-01-30 18:56:09.031', false, '2026-01-30 18:56:09.031', NULL, NULL, NULL, NULL, NULL, 'REGULAR', '2024-2025');
INSERT INTO public."Student" (id, student_id, name, email, password, department_id, stage_id, is_verified, fingerprint_hash, created_at, must_change_password, updated_at, email_verification_token, email_verification_expires, password_reset_token, password_reset_expires, email_verified_at, academic_status, academic_year) VALUES (262, 'STU202674231170', 'Omar Farid', 'omar.farid.061c3c@gmail.com', '$2b$10$3f/P/LJI8syM.qqn2dq...vyS1u1KmAMF0ZW.z6WWpfKRNmi7DRLa', 730, 820, true, NULL, '2026-01-30 18:56:09.032', false, '2026-01-30 18:56:09.032', NULL, NULL, NULL, NULL, NULL, 'REGULAR', '2024-2025');
INSERT INTO public."Student" (id, student_id, name, email, password, department_id, stage_id, is_verified, fingerprint_hash, created_at, must_change_password, updated_at, email_verification_token, email_verification_expires, password_reset_token, password_reset_expires, email_verified_at, academic_status, academic_year) VALUES (263, 'STU20261180d2c3', 'Amr Ezzat', 'amr.ezzat.f23960@gmail.com', '$2b$10$3f/P/LJI8syM.qqn2dq...vyS1u1KmAMF0ZW.z6WWpfKRNmi7DRLa', 730, 820, true, NULL, '2026-01-30 18:56:09.033', false, '2026-01-30 18:56:09.033', NULL, NULL, NULL, NULL, NULL, 'REGULAR', '2024-2025');
INSERT INTO public."Student" (id, student_id, name, email, password, department_id, stage_id, is_verified, fingerprint_hash, created_at, must_change_password, updated_at, email_verification_token, email_verification_expires, password_reset_token, password_reset_expires, email_verified_at, academic_status, academic_year) VALUES (264, 'STU202610856bab', 'Tarek Mohamed', 'tarek.mohamed.a105a4@gmail.com', '$2b$10$3f/P/LJI8syM.qqn2dq...vyS1u1KmAMF0ZW.z6WWpfKRNmi7DRLa', 730, 820, true, NULL, '2026-01-30 18:56:09.034', false, '2026-01-30 18:56:09.034', NULL, NULL, NULL, NULL, NULL, 'REGULAR', '2024-2025');
INSERT INTO public."Student" (id, student_id, name, email, password, department_id, stage_id, is_verified, fingerprint_hash, created_at, must_change_password, updated_at, email_verification_token, email_verification_expires, password_reset_token, password_reset_expires, email_verified_at, academic_status, academic_year) VALUES (265, 'STU20268050608c', 'Ahmed Osman', 'ahmed.osman.e8d357@gmail.com', '$2b$10$3f/P/LJI8syM.qqn2dq...vyS1u1KmAMF0ZW.z6WWpfKRNmi7DRLa', 730, 820, true, NULL, '2026-01-30 18:56:09.034', false, '2026-01-30 18:56:09.034', NULL, NULL, NULL, NULL, NULL, 'REGULAR', '2024-2025');
INSERT INTO public."Student" (id, student_id, name, email, password, department_id, stage_id, is_verified, fingerprint_hash, created_at, must_change_password, updated_at, email_verification_token, email_verification_expires, password_reset_token, password_reset_expires, email_verified_at, academic_status, academic_year) VALUES (257, 'STU202633868ee6', 'Dina Nabil', 'dina.nabil.2cc137@gmail.com', '$2b$10$3f/P/LJI8syM.qqn2dq...vyS1u1KmAMF0ZW.z6WWpfKRNmi7DRLa', 730, 819, true, 'dca894e0a6635bc69fbf794274e29f26e1f37cf64bb77db74336bfbee6477b6e', '2026-01-30 18:56:09.028', false, '2026-01-30 21:50:58.711', NULL, NULL, NULL, NULL, NULL, 'REGULAR', '2024-2025');
INSERT INTO public."Student" (id, student_id, name, email, password, department_id, stage_id, is_verified, fingerprint_hash, created_at, must_change_password, updated_at, email_verification_token, email_verification_expires, password_reset_token, password_reset_expires, email_verified_at, academic_status, academic_year) VALUES (239, 'STU20269465b215', 'Khalid Samir', 'khalid.samir.dc2376@gmail.com', '$2b$10$3f/P/LJI8syM.qqn2dq...vyS1u1KmAMF0ZW.z6WWpfKRNmi7DRLa', 729, 820, true, NULL, '2026-01-30 18:56:09.01', false, '2026-02-15 18:28:17.702', NULL, NULL, NULL, NULL, NULL, 'CARRYING', '2025-2026');
INSERT INTO public."Student" (id, student_id, name, email, password, department_id, stage_id, is_verified, fingerprint_hash, created_at, must_change_password, updated_at, email_verification_token, email_verification_expires, password_reset_token, password_reset_expires, email_verified_at, academic_status, academic_year) VALUES (238, 'STU20261037aeda', 'Ali Fawzy', 'ali.fawzy.9499f1@gmail.com', '$2b$10$3f/P/LJI8syM.qqn2dq...vyS1u1KmAMF0ZW.z6WWpfKRNmi7DRLa', 729, 820, true, NULL, '2026-01-30 18:56:09.009', false, '2026-02-15 18:24:54.018', NULL, NULL, NULL, NULL, NULL, 'CARRYING', '2025-2026');
INSERT INTO public."Student" (id, student_id, name, email, password, department_id, stage_id, is_verified, fingerprint_hash, created_at, must_change_password, updated_at, email_verification_token, email_verification_expires, password_reset_token, password_reset_expires, email_verified_at, academic_status, academic_year) VALUES (237, 'STU20264223825e', 'Salma Ali', 'salma.ali.ebdfb0@gmail.com', '$2b$10$3f/P/LJI8syM.qqn2dq...vyS1u1KmAMF0ZW.z6WWpfKRNmi7DRLa', 729, 820, true, '57ba8ac75003c16aed9b247ef4ea8d9c03ef1348d1badc8a0af6fe5457ec3224', '2026-01-30 18:56:09.004', false, '2026-02-15 18:24:54.225', NULL, NULL, NULL, NULL, NULL, 'REGULAR', '2025-2026');
INSERT INTO public."Student" (id, student_id, name, email, password, department_id, stage_id, is_verified, fingerprint_hash, created_at, must_change_password, updated_at, email_verification_token, email_verification_expires, password_reset_token, password_reset_expires, email_verified_at, academic_status, academic_year) VALUES (266, 'STU202696147814', 'Laila Ezzat', 'laila.ezzat.a16ce9@gmail.com', '$2b$10$3f/P/LJI8syM.qqn2dq...vyS1u1KmAMF0ZW.z6WWpfKRNmi7DRLa', 730, 820, true, NULL, '2026-01-30 18:56:09.035', false, '2026-01-30 18:56:09.035', NULL, NULL, NULL, NULL, NULL, 'REGULAR', '2024-2025');
INSERT INTO public."Student" (id, student_id, name, email, password, department_id, stage_id, is_verified, fingerprint_hash, created_at, must_change_password, updated_at, email_verification_token, email_verification_expires, password_reset_token, password_reset_expires, email_verified_at, academic_status, academic_year) VALUES (267, 'STU2026713121d0', 'Khalid Salem', 'khalid.salem.68d6f9@gmail.com', '$2b$10$3f/P/LJI8syM.qqn2dq...vyS1u1KmAMF0ZW.z6WWpfKRNmi7DRLa', 730, 821, true, NULL, '2026-01-30 18:56:09.036', false, '2026-01-30 18:56:09.036', NULL, NULL, NULL, NULL, NULL, 'REGULAR', '2024-2025');
INSERT INTO public."Student" (id, student_id, name, email, password, department_id, stage_id, is_verified, fingerprint_hash, created_at, must_change_password, updated_at, email_verification_token, email_verification_expires, password_reset_token, password_reset_expires, email_verified_at, academic_status, academic_year) VALUES (268, 'STU202659366fca', 'Ali Saeed', 'ali.saeed.337df0@gmail.com', '$2b$10$3f/P/LJI8syM.qqn2dq...vyS1u1KmAMF0ZW.z6WWpfKRNmi7DRLa', 730, 821, true, NULL, '2026-01-30 18:56:09.037', false, '2026-01-30 18:56:09.037', NULL, NULL, NULL, NULL, NULL, 'REGULAR', '2024-2025');
INSERT INTO public."Student" (id, student_id, name, email, password, department_id, stage_id, is_verified, fingerprint_hash, created_at, must_change_password, updated_at, email_verification_token, email_verification_expires, password_reset_token, password_reset_expires, email_verified_at, academic_status, academic_year) VALUES (269, 'STU20269982b0fa', 'Khalid Fawzy', 'khalid.fawzy.3b3e0a@gmail.com', '$2b$10$3f/P/LJI8syM.qqn2dq...vyS1u1KmAMF0ZW.z6WWpfKRNmi7DRLa', 730, 821, true, NULL, '2026-01-30 18:56:09.038', false, '2026-01-30 18:56:09.038', NULL, NULL, NULL, NULL, NULL, 'REGULAR', '2024-2025');
INSERT INTO public."Student" (id, student_id, name, email, password, department_id, stage_id, is_verified, fingerprint_hash, created_at, must_change_password, updated_at, email_verification_token, email_verification_expires, password_reset_token, password_reset_expires, email_verified_at, academic_status, academic_year) VALUES (270, 'STU20265582f42a', 'Laila Adel', 'laila.adel.c9873a@gmail.com', '$2b$10$3f/P/LJI8syM.qqn2dq...vyS1u1KmAMF0ZW.z6WWpfKRNmi7DRLa', 730, 821, true, NULL, '2026-01-30 18:56:09.038', false, '2026-01-30 18:56:09.038', NULL, NULL, NULL, NULL, NULL, 'REGULAR', '2024-2025');
INSERT INTO public."Student" (id, student_id, name, email, password, department_id, stage_id, is_verified, fingerprint_hash, created_at, must_change_password, updated_at, email_verification_token, email_verification_expires, password_reset_token, password_reset_expires, email_verified_at, academic_status, academic_year) VALUES (271, 'STU202656766b36', 'Laila Hassan', 'laila.hassan.ec1691@gmail.com', '$2b$10$3f/P/LJI8syM.qqn2dq...vyS1u1KmAMF0ZW.z6WWpfKRNmi7DRLa', 730, 821, true, NULL, '2026-01-30 18:56:09.039', false, '2026-01-30 18:56:09.039', NULL, NULL, NULL, NULL, NULL, 'REGULAR', '2024-2025');
INSERT INTO public."Student" (id, student_id, name, email, password, department_id, stage_id, is_verified, fingerprint_hash, created_at, must_change_password, updated_at, email_verification_token, email_verification_expires, password_reset_token, password_reset_expires, email_verified_at, academic_status, academic_year) VALUES (272, 'STU202686343dcb', 'Fatima Salem', 'fatima.salem.d9758c@gmail.com', '$2b$10$3f/P/LJI8syM.qqn2dq...vyS1u1KmAMF0ZW.z6WWpfKRNmi7DRLa', 730, 822, true, NULL, '2026-01-30 18:56:09.04', false, '2026-01-30 18:56:09.04', NULL, NULL, NULL, NULL, NULL, 'REGULAR', '2024-2025');
INSERT INTO public."Student" (id, student_id, name, email, password, department_id, stage_id, is_verified, fingerprint_hash, created_at, must_change_password, updated_at, email_verification_token, email_verification_expires, password_reset_token, password_reset_expires, email_verified_at, academic_status, academic_year) VALUES (273, 'STU20266604fe8f', 'Rania Nabil', 'rania.nabil.a3d228@gmail.com', '$2b$10$3f/P/LJI8syM.qqn2dq...vyS1u1KmAMF0ZW.z6WWpfKRNmi7DRLa', 730, 822, true, NULL, '2026-01-30 18:56:09.041', false, '2026-01-30 18:56:09.041', NULL, NULL, NULL, NULL, NULL, 'REGULAR', '2024-2025');
INSERT INTO public."Student" (id, student_id, name, email, password, department_id, stage_id, is_verified, fingerprint_hash, created_at, must_change_password, updated_at, email_verification_token, email_verification_expires, password_reset_token, password_reset_expires, email_verified_at, academic_status, academic_year) VALUES (274, 'STU20264751abd5', 'Hoda Yasser', 'hoda.yasser.5a8e76@gmail.com', '$2b$10$3f/P/LJI8syM.qqn2dq...vyS1u1KmAMF0ZW.z6WWpfKRNmi7DRLa', 730, 822, true, NULL, '2026-01-30 18:56:09.042', false, '2026-01-30 18:56:09.042', NULL, NULL, NULL, NULL, NULL, 'REGULAR', '2024-2025');
INSERT INTO public."Student" (id, student_id, name, email, password, department_id, stage_id, is_verified, fingerprint_hash, created_at, must_change_password, updated_at, email_verification_token, email_verification_expires, password_reset_token, password_reset_expires, email_verified_at, academic_status, academic_year) VALUES (276, 'STU20264357ca74', 'Rania Kamel', 'rania.kamel.80ec77@gmail.com', '$2b$10$3f/P/LJI8syM.qqn2dq...vyS1u1KmAMF0ZW.z6WWpfKRNmi7DRLa', 730, 822, true, NULL, '2026-01-30 18:56:09.043', false, '2026-01-30 18:56:09.043', NULL, NULL, NULL, NULL, NULL, 'REGULAR', '2024-2025');
INSERT INTO public."Student" (id, student_id, name, email, password, department_id, stage_id, is_verified, fingerprint_hash, created_at, must_change_password, updated_at, email_verification_token, email_verification_expires, password_reset_token, password_reset_expires, email_verified_at, academic_status, academic_year) VALUES (277, 'STU2026762241a5', 'Rania Mohamed', 'rania.mohamed.245cb2@gmail.com', '$2b$10$3f/P/LJI8syM.qqn2dq...vyS1u1KmAMF0ZW.z6WWpfKRNmi7DRLa', 731, 819, true, NULL, '2026-01-30 18:56:09.044', false, '2026-01-30 18:56:09.044', NULL, NULL, NULL, NULL, NULL, 'REGULAR', '2024-2025');
INSERT INTO public."Student" (id, student_id, name, email, password, department_id, stage_id, is_verified, fingerprint_hash, created_at, must_change_password, updated_at, email_verification_token, email_verification_expires, password_reset_token, password_reset_expires, email_verified_at, academic_status, academic_year) VALUES (278, 'STU20268036d560', 'Dina Nabil', 'dina.nabil.14a470@gmail.com', '$2b$10$3f/P/LJI8syM.qqn2dq...vyS1u1KmAMF0ZW.z6WWpfKRNmi7DRLa', 731, 819, true, NULL, '2026-01-30 18:56:09.045', false, '2026-01-30 18:56:09.045', NULL, NULL, NULL, NULL, NULL, 'REGULAR', '2024-2025');
INSERT INTO public."Student" (id, student_id, name, email, password, department_id, stage_id, is_verified, fingerprint_hash, created_at, must_change_password, updated_at, email_verification_token, email_verification_expires, password_reset_token, password_reset_expires, email_verified_at, academic_status, academic_year) VALUES (279, 'STU20261848e6b8', 'Omar Osman', 'omar.osman.eba496@gmail.com', '$2b$10$3f/P/LJI8syM.qqn2dq...vyS1u1KmAMF0ZW.z6WWpfKRNmi7DRLa', 731, 819, true, NULL, '2026-01-30 18:56:09.046', false, '2026-01-30 18:56:09.046', NULL, NULL, NULL, NULL, NULL, 'REGULAR', '2024-2025');
INSERT INTO public."Student" (id, student_id, name, email, password, department_id, stage_id, is_verified, fingerprint_hash, created_at, must_change_password, updated_at, email_verification_token, email_verification_expires, password_reset_token, password_reset_expires, email_verified_at, academic_status, academic_year) VALUES (280, 'STU202617246184', 'Amr Saleh', 'amr.saleh.808569@gmail.com', '$2b$10$3f/P/LJI8syM.qqn2dq...vyS1u1KmAMF0ZW.z6WWpfKRNmi7DRLa', 731, 819, true, NULL, '2026-01-30 18:56:09.047', false, '2026-01-30 18:56:09.047', NULL, NULL, NULL, NULL, NULL, 'REGULAR', '2024-2025');
INSERT INTO public."Student" (id, student_id, name, email, password, department_id, stage_id, is_verified, fingerprint_hash, created_at, must_change_password, updated_at, email_verification_token, email_verification_expires, password_reset_token, password_reset_expires, email_verified_at, academic_status, academic_year) VALUES (281, 'STU202644862ec6', 'Laila Samir', 'laila.samir.3eb0fe@gmail.com', '$2b$10$3f/P/LJI8syM.qqn2dq...vyS1u1KmAMF0ZW.z6WWpfKRNmi7DRLa', 731, 819, true, NULL, '2026-01-30 18:56:09.047', false, '2026-01-30 18:56:09.047', NULL, NULL, NULL, NULL, NULL, 'REGULAR', '2024-2025');
INSERT INTO public."Student" (id, student_id, name, email, password, department_id, stage_id, is_verified, fingerprint_hash, created_at, must_change_password, updated_at, email_verification_token, email_verification_expires, password_reset_token, password_reset_expires, email_verified_at, academic_status, academic_year) VALUES (282, 'STU20264352ea93', 'Omar Farid', 'omar.farid.8811a0@gmail.com', '$2b$10$3f/P/LJI8syM.qqn2dq...vyS1u1KmAMF0ZW.z6WWpfKRNmi7DRLa', 731, 820, true, NULL, '2026-01-30 18:56:09.048', false, '2026-01-30 18:56:09.048', NULL, NULL, NULL, NULL, NULL, 'REGULAR', '2024-2025');
INSERT INTO public."Student" (id, student_id, name, email, password, department_id, stage_id, is_verified, fingerprint_hash, created_at, must_change_password, updated_at, email_verification_token, email_verification_expires, password_reset_token, password_reset_expires, email_verified_at, academic_status, academic_year) VALUES (283, 'STU20268798fe10', 'Sara Yasser', 'sara.yasser.af69ac@gmail.com', '$2b$10$3f/P/LJI8syM.qqn2dq...vyS1u1KmAMF0ZW.z6WWpfKRNmi7DRLa', 731, 820, true, NULL, '2026-01-30 18:56:09.049', false, '2026-01-30 18:56:09.049', NULL, NULL, NULL, NULL, NULL, 'REGULAR', '2024-2025');
INSERT INTO public."Student" (id, student_id, name, email, password, department_id, stage_id, is_verified, fingerprint_hash, created_at, must_change_password, updated_at, email_verification_token, email_verification_expires, password_reset_token, password_reset_expires, email_verified_at, academic_status, academic_year) VALUES (284, 'STU202610031b4e', 'Laila Salem', 'laila.salem.3a8c75@gmail.com', '$2b$10$3f/P/LJI8syM.qqn2dq...vyS1u1KmAMF0ZW.z6WWpfKRNmi7DRLa', 731, 820, true, NULL, '2026-01-30 18:56:09.05', false, '2026-01-30 18:56:09.05', NULL, NULL, NULL, NULL, NULL, 'REGULAR', '2024-2025');
INSERT INTO public."Student" (id, student_id, name, email, password, department_id, stage_id, is_verified, fingerprint_hash, created_at, must_change_password, updated_at, email_verification_token, email_verification_expires, password_reset_token, password_reset_expires, email_verified_at, academic_status, academic_year) VALUES (285, 'STU202672248f01', 'Mohamed Farid', 'mohamed.farid.bfea63@gmail.com', '$2b$10$3f/P/LJI8syM.qqn2dq...vyS1u1KmAMF0ZW.z6WWpfKRNmi7DRLa', 731, 820, true, NULL, '2026-01-30 18:56:09.051', false, '2026-01-30 18:56:09.051', NULL, NULL, NULL, NULL, NULL, 'REGULAR', '2024-2025');
INSERT INTO public."Student" (id, student_id, name, email, password, department_id, stage_id, is_verified, fingerprint_hash, created_at, must_change_password, updated_at, email_verification_token, email_verification_expires, password_reset_token, password_reset_expires, email_verified_at, academic_status, academic_year) VALUES (286, 'STU202634125a60', 'Sara Zaki', 'sara.zaki.3851d8@gmail.com', '$2b$10$3f/P/LJI8syM.qqn2dq...vyS1u1KmAMF0ZW.z6WWpfKRNmi7DRLa', 731, 820, true, NULL, '2026-01-30 18:56:09.051', false, '2026-01-30 18:56:09.051', NULL, NULL, NULL, NULL, NULL, 'REGULAR', '2024-2025');
INSERT INTO public."Student" (id, student_id, name, email, password, department_id, stage_id, is_verified, fingerprint_hash, created_at, must_change_password, updated_at, email_verification_token, email_verification_expires, password_reset_token, password_reset_expires, email_verified_at, academic_status, academic_year) VALUES (287, 'STU202677880241', 'Hoda Farid', 'hoda.farid.e1d8e5@gmail.com', '$2b$10$3f/P/LJI8syM.qqn2dq...vyS1u1KmAMF0ZW.z6WWpfKRNmi7DRLa', 731, 821, true, NULL, '2026-01-30 18:56:09.052', false, '2026-01-30 18:56:09.052', NULL, NULL, NULL, NULL, NULL, 'REGULAR', '2024-2025');
INSERT INTO public."Student" (id, student_id, name, email, password, department_id, stage_id, is_verified, fingerprint_hash, created_at, must_change_password, updated_at, email_verification_token, email_verification_expires, password_reset_token, password_reset_expires, email_verified_at, academic_status, academic_year) VALUES (288, 'STU2026323591c1', 'Mona Saleh', 'mona.saleh.e2bd5c@gmail.com', '$2b$10$3f/P/LJI8syM.qqn2dq...vyS1u1KmAMF0ZW.z6WWpfKRNmi7DRLa', 731, 821, true, NULL, '2026-01-30 18:56:09.053', false, '2026-01-30 18:56:09.053', NULL, NULL, NULL, NULL, NULL, 'REGULAR', '2024-2025');
INSERT INTO public."Student" (id, student_id, name, email, password, department_id, stage_id, is_verified, fingerprint_hash, created_at, must_change_password, updated_at, email_verification_token, email_verification_expires, password_reset_token, password_reset_expires, email_verified_at, academic_status, academic_year) VALUES (289, 'STU20262063d44c', 'Mariam Ezzat', 'mariam.ezzat.14d104@gmail.com', '$2b$10$3f/P/LJI8syM.qqn2dq...vyS1u1KmAMF0ZW.z6WWpfKRNmi7DRLa', 731, 821, true, NULL, '2026-01-30 18:56:09.053', false, '2026-01-30 18:56:09.053', NULL, NULL, NULL, NULL, NULL, 'REGULAR', '2024-2025');
INSERT INTO public."Student" (id, student_id, name, email, password, department_id, stage_id, is_verified, fingerprint_hash, created_at, must_change_password, updated_at, email_verification_token, email_verification_expires, password_reset_token, password_reset_expires, email_verified_at, academic_status, academic_year) VALUES (290, 'STU20267181ef9c', 'Laila Fawzy', 'laila.fawzy.9fba06@gmail.com', '$2b$10$3f/P/LJI8syM.qqn2dq...vyS1u1KmAMF0ZW.z6WWpfKRNmi7DRLa', 731, 821, true, NULL, '2026-01-30 18:56:09.054', false, '2026-01-30 18:56:09.054', NULL, NULL, NULL, NULL, NULL, 'REGULAR', '2024-2025');
INSERT INTO public."Student" (id, student_id, name, email, password, department_id, stage_id, is_verified, fingerprint_hash, created_at, must_change_password, updated_at, email_verification_token, email_verification_expires, password_reset_token, password_reset_expires, email_verified_at, academic_status, academic_year) VALUES (291, 'STU202615426a58', 'Nour Kamel', 'nour.kamel.1191f6@gmail.com', '$2b$10$3f/P/LJI8syM.qqn2dq...vyS1u1KmAMF0ZW.z6WWpfKRNmi7DRLa', 731, 821, true, NULL, '2026-01-30 18:56:09.055', false, '2026-01-30 18:56:09.055', NULL, NULL, NULL, NULL, NULL, 'REGULAR', '2024-2025');
INSERT INTO public."Student" (id, student_id, name, email, password, department_id, stage_id, is_verified, fingerprint_hash, created_at, must_change_password, updated_at, email_verification_token, email_verification_expires, password_reset_token, password_reset_expires, email_verified_at, academic_status, academic_year) VALUES (292, 'STU2026187092b1', 'Ibrahim Farid', 'ibrahim.farid.246797@gmail.com', '$2b$10$3f/P/LJI8syM.qqn2dq...vyS1u1KmAMF0ZW.z6WWpfKRNmi7DRLa', 731, 822, true, NULL, '2026-01-30 18:56:09.056', false, '2026-01-30 18:56:09.056', NULL, NULL, NULL, NULL, NULL, 'REGULAR', '2024-2025');
INSERT INTO public."Student" (id, student_id, name, email, password, department_id, stage_id, is_verified, fingerprint_hash, created_at, must_change_password, updated_at, email_verification_token, email_verification_expires, password_reset_token, password_reset_expires, email_verified_at, academic_status, academic_year) VALUES (293, 'STU2026881587e4', 'Ibrahim Saleh', 'ibrahim.saleh.3dec1c@gmail.com', '$2b$10$3f/P/LJI8syM.qqn2dq...vyS1u1KmAMF0ZW.z6WWpfKRNmi7DRLa', 731, 822, true, NULL, '2026-01-30 18:56:09.057', false, '2026-01-30 18:56:09.057', NULL, NULL, NULL, NULL, NULL, 'REGULAR', '2024-2025');
INSERT INTO public."Student" (id, student_id, name, email, password, department_id, stage_id, is_verified, fingerprint_hash, created_at, must_change_password, updated_at, email_verification_token, email_verification_expires, password_reset_token, password_reset_expires, email_verified_at, academic_status, academic_year) VALUES (294, 'STU20269886bb14', 'Mohamed Kamel', 'mohamed.kamel.fe552f@gmail.com', '$2b$10$3f/P/LJI8syM.qqn2dq...vyS1u1KmAMF0ZW.z6WWpfKRNmi7DRLa', 731, 822, true, NULL, '2026-01-30 18:56:09.057', false, '2026-01-30 18:56:09.057', NULL, NULL, NULL, NULL, NULL, 'REGULAR', '2024-2025');
INSERT INTO public."Student" (id, student_id, name, email, password, department_id, stage_id, is_verified, fingerprint_hash, created_at, must_change_password, updated_at, email_verification_token, email_verification_expires, password_reset_token, password_reset_expires, email_verified_at, academic_status, academic_year) VALUES (295, 'STU20266655d827', 'Mona Hassan', 'mona.hassan.8d9bc7@gmail.com', '$2b$10$3f/P/LJI8syM.qqn2dq...vyS1u1KmAMF0ZW.z6WWpfKRNmi7DRLa', 731, 822, true, NULL, '2026-01-30 18:56:09.058', false, '2026-01-30 18:56:09.058', NULL, NULL, NULL, NULL, NULL, 'REGULAR', '2024-2025');
INSERT INTO public."Student" (id, student_id, name, email, password, department_id, stage_id, is_verified, fingerprint_hash, created_at, must_change_password, updated_at, email_verification_token, email_verification_expires, password_reset_token, password_reset_expires, email_verified_at, academic_status, academic_year) VALUES (296, 'STU20269829d9f3', 'Mona Salem', 'mona.salem.04f607@gmail.com', '$2b$10$3f/P/LJI8syM.qqn2dq...vyS1u1KmAMF0ZW.z6WWpfKRNmi7DRLa', 731, 822, true, NULL, '2026-01-30 18:56:09.059', false, '2026-01-30 18:56:09.059', NULL, NULL, NULL, NULL, NULL, 'REGULAR', '2024-2025');
INSERT INTO public."Student" (id, student_id, name, email, password, department_id, stage_id, is_verified, fingerprint_hash, created_at, must_change_password, updated_at, email_verification_token, email_verification_expires, password_reset_token, password_reset_expires, email_verified_at, academic_status, academic_year) VALUES (297, 'STU20269539b913', 'Salma Zaki', 'salma.zaki.84e38c@gmail.com', '$2b$10$3f/P/LJI8syM.qqn2dq...vyS1u1KmAMF0ZW.z6WWpfKRNmi7DRLa', 732, 819, true, NULL, '2026-01-30 18:56:09.06', false, '2026-01-30 18:56:09.06', NULL, NULL, NULL, NULL, NULL, 'REGULAR', '2024-2025');
INSERT INTO public."Student" (id, student_id, name, email, password, department_id, stage_id, is_verified, fingerprint_hash, created_at, must_change_password, updated_at, email_verification_token, email_verification_expires, password_reset_token, password_reset_expires, email_verified_at, academic_status, academic_year) VALUES (298, 'STU20263777a05b', 'Ibrahim Samir', 'ibrahim.samir.2ac6ee@gmail.com', '$2b$10$3f/P/LJI8syM.qqn2dq...vyS1u1KmAMF0ZW.z6WWpfKRNmi7DRLa', 732, 819, true, NULL, '2026-01-30 18:56:09.06', false, '2026-01-30 18:56:09.06', NULL, NULL, NULL, NULL, NULL, 'REGULAR', '2024-2025');
INSERT INTO public."Student" (id, student_id, name, email, password, department_id, stage_id, is_verified, fingerprint_hash, created_at, must_change_password, updated_at, email_verification_token, email_verification_expires, password_reset_token, password_reset_expires, email_verified_at, academic_status, academic_year) VALUES (299, 'STU202664946248', 'Ibrahim Salem', 'ibrahim.salem.4db990@gmail.com', '$2b$10$3f/P/LJI8syM.qqn2dq...vyS1u1KmAMF0ZW.z6WWpfKRNmi7DRLa', 732, 819, true, NULL, '2026-01-30 18:56:09.061', false, '2026-01-30 18:56:09.061', NULL, NULL, NULL, NULL, NULL, 'REGULAR', '2024-2025');
INSERT INTO public."Student" (id, student_id, name, email, password, department_id, stage_id, is_verified, fingerprint_hash, created_at, must_change_password, updated_at, email_verification_token, email_verification_expires, password_reset_token, password_reset_expires, email_verified_at, academic_status, academic_year) VALUES (300, 'STU2026128108cd', 'Omar Ezzat', 'omar.ezzat.e8d454@gmail.com', '$2b$10$3f/P/LJI8syM.qqn2dq...vyS1u1KmAMF0ZW.z6WWpfKRNmi7DRLa', 732, 819, true, NULL, '2026-01-30 18:56:09.062', false, '2026-01-30 18:56:09.062', NULL, NULL, NULL, NULL, NULL, 'REGULAR', '2024-2025');
INSERT INTO public."Student" (id, student_id, name, email, password, department_id, stage_id, is_verified, fingerprint_hash, created_at, must_change_password, updated_at, email_verification_token, email_verification_expires, password_reset_token, password_reset_expires, email_verified_at, academic_status, academic_year) VALUES (301, 'STU202626524029', 'Ibrahim Ali', 'ibrahim.ali.3bd226@gmail.com', '$2b$10$3f/P/LJI8syM.qqn2dq...vyS1u1KmAMF0ZW.z6WWpfKRNmi7DRLa', 732, 819, true, NULL, '2026-01-30 18:56:09.063', false, '2026-01-30 18:56:09.063', NULL, NULL, NULL, NULL, NULL, 'REGULAR', '2024-2025');
INSERT INTO public."Student" (id, student_id, name, email, password, department_id, stage_id, is_verified, fingerprint_hash, created_at, must_change_password, updated_at, email_verification_token, email_verification_expires, password_reset_token, password_reset_expires, email_verified_at, academic_status, academic_year) VALUES (302, 'STU202623908537', 'Ahmed Fawzy', 'ahmed.fawzy.5837a8@gmail.com', '$2b$10$3f/P/LJI8syM.qqn2dq...vyS1u1KmAMF0ZW.z6WWpfKRNmi7DRLa', 732, 820, true, NULL, '2026-01-30 18:56:09.064', false, '2026-01-30 18:56:09.064', NULL, NULL, NULL, NULL, NULL, 'REGULAR', '2024-2025');
INSERT INTO public."Student" (id, student_id, name, email, password, department_id, stage_id, is_verified, fingerprint_hash, created_at, must_change_password, updated_at, email_verification_token, email_verification_expires, password_reset_token, password_reset_expires, email_verified_at, academic_status, academic_year) VALUES (303, 'STU202661891b26', 'Ali Samir', 'ali.samir.4157b4@gmail.com', '$2b$10$3f/P/LJI8syM.qqn2dq...vyS1u1KmAMF0ZW.z6WWpfKRNmi7DRLa', 732, 820, true, NULL, '2026-01-30 18:56:09.065', false, '2026-01-30 18:56:09.065', NULL, NULL, NULL, NULL, NULL, 'REGULAR', '2024-2025');
INSERT INTO public."Student" (id, student_id, name, email, password, department_id, stage_id, is_verified, fingerprint_hash, created_at, must_change_password, updated_at, email_verification_token, email_verification_expires, password_reset_token, password_reset_expires, email_verified_at, academic_status, academic_year) VALUES (304, 'STU202619418379', 'Rania Adel', 'rania.adel.f80bdb@gmail.com', '$2b$10$3f/P/LJI8syM.qqn2dq...vyS1u1KmAMF0ZW.z6WWpfKRNmi7DRLa', 732, 820, true, NULL, '2026-01-30 18:56:09.065', false, '2026-01-30 18:56:09.065', NULL, NULL, NULL, NULL, NULL, 'REGULAR', '2024-2025');
INSERT INTO public."Student" (id, student_id, name, email, password, department_id, stage_id, is_verified, fingerprint_hash, created_at, must_change_password, updated_at, email_verification_token, email_verification_expires, password_reset_token, password_reset_expires, email_verified_at, academic_status, academic_year) VALUES (305, 'STU20265967a991', 'Mariam Farid', 'mariam.farid.951b37@gmail.com', '$2b$10$3f/P/LJI8syM.qqn2dq...vyS1u1KmAMF0ZW.z6WWpfKRNmi7DRLa', 732, 820, true, NULL, '2026-01-30 18:56:09.066', false, '2026-01-30 18:56:09.066', NULL, NULL, NULL, NULL, NULL, 'REGULAR', '2024-2025');
INSERT INTO public."Student" (id, student_id, name, email, password, department_id, stage_id, is_verified, fingerprint_hash, created_at, must_change_password, updated_at, email_verification_token, email_verification_expires, password_reset_token, password_reset_expires, email_verified_at, academic_status, academic_year) VALUES (306, 'STU202672433523', 'Ali Saeed', 'ali.saeed.453798@gmail.com', '$2b$10$3f/P/LJI8syM.qqn2dq...vyS1u1KmAMF0ZW.z6WWpfKRNmi7DRLa', 732, 820, true, NULL, '2026-01-30 18:56:09.067', false, '2026-01-30 18:56:09.067', NULL, NULL, NULL, NULL, NULL, 'REGULAR', '2024-2025');
INSERT INTO public."Student" (id, student_id, name, email, password, department_id, stage_id, is_verified, fingerprint_hash, created_at, must_change_password, updated_at, email_verification_token, email_verification_expires, password_reset_token, password_reset_expires, email_verified_at, academic_status, academic_year) VALUES (307, 'STU202655618ac5', 'Ali Saeed', 'ali.saeed.e7719f@gmail.com', '$2b$10$3f/P/LJI8syM.qqn2dq...vyS1u1KmAMF0ZW.z6WWpfKRNmi7DRLa', 732, 821, true, NULL, '2026-01-30 18:56:09.069', false, '2026-01-30 18:56:09.069', NULL, NULL, NULL, NULL, NULL, 'REGULAR', '2024-2025');
INSERT INTO public."Student" (id, student_id, name, email, password, department_id, stage_id, is_verified, fingerprint_hash, created_at, must_change_password, updated_at, email_verification_token, email_verification_expires, password_reset_token, password_reset_expires, email_verified_at, academic_status, academic_year) VALUES (308, 'STU20262263d3e9', 'Hoda Yasser', 'hoda.yasser.aa5dab@gmail.com', '$2b$10$3f/P/LJI8syM.qqn2dq...vyS1u1KmAMF0ZW.z6WWpfKRNmi7DRLa', 732, 821, true, NULL, '2026-01-30 18:56:09.07', false, '2026-01-30 18:56:09.07', NULL, NULL, NULL, NULL, NULL, 'REGULAR', '2024-2025');
INSERT INTO public."Student" (id, student_id, name, email, password, department_id, stage_id, is_verified, fingerprint_hash, created_at, must_change_password, updated_at, email_verification_token, email_verification_expires, password_reset_token, password_reset_expires, email_verified_at, academic_status, academic_year) VALUES (309, 'STU202644049a20', 'Mohamed Osman', 'mohamed.osman.6034d7@gmail.com', '$2b$10$3f/P/LJI8syM.qqn2dq...vyS1u1KmAMF0ZW.z6WWpfKRNmi7DRLa', 732, 821, true, NULL, '2026-01-30 18:56:09.071', false, '2026-01-30 18:56:09.071', NULL, NULL, NULL, NULL, NULL, 'REGULAR', '2024-2025');
INSERT INTO public."Student" (id, student_id, name, email, password, department_id, stage_id, is_verified, fingerprint_hash, created_at, must_change_password, updated_at, email_verification_token, email_verification_expires, password_reset_token, password_reset_expires, email_verified_at, academic_status, academic_year) VALUES (310, 'STU2026873870de', 'Ahmed Ali', 'ahmed.ali.e08876@gmail.com', '$2b$10$3f/P/LJI8syM.qqn2dq...vyS1u1KmAMF0ZW.z6WWpfKRNmi7DRLa', 732, 821, true, NULL, '2026-01-30 18:56:09.072', false, '2026-01-30 18:56:09.072', NULL, NULL, NULL, NULL, NULL, 'REGULAR', '2024-2025');
INSERT INTO public."Student" (id, student_id, name, email, password, department_id, stage_id, is_verified, fingerprint_hash, created_at, must_change_password, updated_at, email_verification_token, email_verification_expires, password_reset_token, password_reset_expires, email_verified_at, academic_status, academic_year) VALUES (311, 'STU20268912c7e7', 'Ali Fawzy', 'ali.fawzy.412fea@gmail.com', '$2b$10$3f/P/LJI8syM.qqn2dq...vyS1u1KmAMF0ZW.z6WWpfKRNmi7DRLa', 732, 821, true, NULL, '2026-01-30 18:56:09.073', false, '2026-01-30 18:56:09.073', NULL, NULL, NULL, NULL, NULL, 'REGULAR', '2024-2025');
INSERT INTO public."Student" (id, student_id, name, email, password, department_id, stage_id, is_verified, fingerprint_hash, created_at, must_change_password, updated_at, email_verification_token, email_verification_expires, password_reset_token, password_reset_expires, email_verified_at, academic_status, academic_year) VALUES (312, 'STU202696737e1d', 'Ali Adel', 'ali.adel.f8f823@gmail.com', '$2b$10$3f/P/LJI8syM.qqn2dq...vyS1u1KmAMF0ZW.z6WWpfKRNmi7DRLa', 732, 822, true, NULL, '2026-01-30 18:56:09.074', false, '2026-01-30 18:56:09.074', NULL, NULL, NULL, NULL, NULL, 'REGULAR', '2024-2025');
INSERT INTO public."Student" (id, student_id, name, email, password, department_id, stage_id, is_verified, fingerprint_hash, created_at, must_change_password, updated_at, email_verification_token, email_verification_expires, password_reset_token, password_reset_expires, email_verified_at, academic_status, academic_year) VALUES (313, 'STU202625750609', 'Amr Hady', 'amr.hady.675ff4@gmail.com', '$2b$10$3f/P/LJI8syM.qqn2dq...vyS1u1KmAMF0ZW.z6WWpfKRNmi7DRLa', 732, 822, true, NULL, '2026-01-30 18:56:09.075', false, '2026-01-30 18:56:09.075', NULL, NULL, NULL, NULL, NULL, 'REGULAR', '2024-2025');
INSERT INTO public."Student" (id, student_id, name, email, password, department_id, stage_id, is_verified, fingerprint_hash, created_at, must_change_password, updated_at, email_verification_token, email_verification_expires, password_reset_token, password_reset_expires, email_verified_at, academic_status, academic_year) VALUES (314, 'STU2026858781c1', 'Amr Farid', 'amr.farid.b45211@gmail.com', '$2b$10$3f/P/LJI8syM.qqn2dq...vyS1u1KmAMF0ZW.z6WWpfKRNmi7DRLa', 732, 822, true, NULL, '2026-01-30 18:56:09.075', false, '2026-01-30 18:56:09.075', NULL, NULL, NULL, NULL, NULL, 'REGULAR', '2024-2025');
INSERT INTO public."Student" (id, student_id, name, email, password, department_id, stage_id, is_verified, fingerprint_hash, created_at, must_change_password, updated_at, email_verification_token, email_verification_expires, password_reset_token, password_reset_expires, email_verified_at, academic_status, academic_year) VALUES (315, 'STU202648858a74', 'Nour Adel', 'nour.adel.168da2@gmail.com', '$2b$10$3f/P/LJI8syM.qqn2dq...vyS1u1KmAMF0ZW.z6WWpfKRNmi7DRLa', 732, 822, true, NULL, '2026-01-30 18:56:09.082', false, '2026-01-30 18:56:09.082', NULL, NULL, NULL, NULL, NULL, 'REGULAR', '2024-2025');
INSERT INTO public."Student" (id, student_id, name, email, password, department_id, stage_id, is_verified, fingerprint_hash, created_at, must_change_password, updated_at, email_verification_token, email_verification_expires, password_reset_token, password_reset_expires, email_verified_at, academic_status, academic_year) VALUES (316, 'STU202628222ec5', 'Youssef Nabil', 'youssef.nabil.d64e4b@gmail.com', '$2b$10$3f/P/LJI8syM.qqn2dq...vyS1u1KmAMF0ZW.z6WWpfKRNmi7DRLa', 732, 822, true, NULL, '2026-01-30 18:56:09.083', false, '2026-01-30 18:56:09.083', NULL, NULL, NULL, NULL, NULL, 'REGULAR', '2024-2025');
INSERT INTO public."Student" (id, student_id, name, email, password, department_id, stage_id, is_verified, fingerprint_hash, created_at, must_change_password, updated_at, email_verification_token, email_verification_expires, password_reset_token, password_reset_expires, email_verified_at, academic_status, academic_year) VALUES (275, 'STU202682264ab5', 'Ali Ezzat', 'ali.ezzat.a94933@gmail.com', '$2b$10$3f/P/LJI8syM.qqn2dq...vyS1u1KmAMF0ZW.z6WWpfKRNmi7DRLa', 730, 822, true, 'dca894e0a6635bc69fbf794274e29f26e1f37cf64bb77db74336bfbee6477b6e', '2026-01-30 18:56:09.042', false, '2026-02-02 07:17:52.865', NULL, NULL, NULL, NULL, NULL, 'REGULAR', '2024-2025');
INSERT INTO public."Student" (id, student_id, name, email, password, department_id, stage_id, is_verified, fingerprint_hash, created_at, must_change_password, updated_at, email_verification_token, email_verification_expires, password_reset_token, password_reset_expires, email_verified_at, academic_status, academic_year) VALUES (317, 'ST1770989485135', 'Test Student', 'test1770989485135@example.com', 'password123', 733, 821, false, NULL, '2026-02-13 13:31:25.137', true, '2026-02-15 18:24:54.342', NULL, NULL, NULL, NULL, NULL, 'REGULAR', '2025-2026');


--
-- Data for Name: AbsenceWarning; Type: TABLE DATA; Schema: public; Owner: -
--

INSERT INTO public."AbsenceWarning" (id, warning_type, absence_percentage, consecutive_days, email_sent, sent_at, student_id, material_id) VALUES (1, 'ABSENCE_FAIL', 100, NULL, true, '2026-02-01 21:22:53.855', 276, 318);
INSERT INTO public."AbsenceWarning" (id, warning_type, absence_percentage, consecutive_days, email_sent, sent_at, student_id, material_id) VALUES (2, 'ABSENCE_FAIL', 100, NULL, true, '2026-02-01 21:22:53.964', 272, 318);
INSERT INTO public."AbsenceWarning" (id, warning_type, absence_percentage, consecutive_days, email_sent, sent_at, student_id, material_id) VALUES (3, 'ABSENCE_FAIL', 100, NULL, true, '2026-02-01 21:22:54.369', 273, 318);
INSERT INTO public."AbsenceWarning" (id, warning_type, absence_percentage, consecutive_days, email_sent, sent_at, student_id, material_id) VALUES (4, 'ABSENCE_FAIL', 100, NULL, true, '2026-02-01 21:22:54.681', 275, 318);
INSERT INTO public."AbsenceWarning" (id, warning_type, absence_percentage, consecutive_days, email_sent, sent_at, student_id, material_id) VALUES (5, 'ABSENCE_FAIL', 100, NULL, true, '2026-02-01 21:22:54.853', 274, 318);


--
-- Data for Name: Admin; Type: TABLE DATA; Schema: public; Owner: -
--

INSERT INTO public."Admin" (id, name, email, password, created_at, updated_at, department_id, password_reset_expires, password_reset_token) VALUES (266, 'رئيس قسم هندسة شبكات الحاسوب', 'head.730@university.edu', '$2b$10$jf/FfJrPK6E0Mv3KPbAFCOWf0jc.qDJjy7eiZ36ApOSqD/61NZ7x2', '2026-01-30 19:28:28.061', '2026-01-30 20:21:40.77', 730, NULL, NULL);
INSERT INTO public."Admin" (id, name, email, password, created_at, updated_at, department_id, password_reset_expires, password_reset_token) VALUES (264, 'عميد الكلية', 'dean@university.edu', '$2b$10$jf/FfJrPK6E0Mv3KPbAFCOWf0jc.qDJjy7eiZ36ApOSqD/61NZ7x2', '2026-01-30 19:28:28.053', '2026-01-30 19:28:28.053', NULL, NULL, NULL);
INSERT INTO public."Admin" (id, name, email, password, created_at, updated_at, department_id, password_reset_expires, password_reset_token) VALUES (265, 'رئيس قسم هندسة المعلومات والاتصالات', 'head.729@university.edu', '$2b$10$jf/FfJrPK6E0Mv3KPbAFCOWf0jc.qDJjy7eiZ36ApOSqD/61NZ7x2', '2026-01-30 19:28:28.059', '2026-01-30 19:28:28.059', 729, NULL, NULL);
INSERT INTO public."Admin" (id, name, email, password, created_at, updated_at, department_id, password_reset_expires, password_reset_token) VALUES (267, 'رئيس قسم هندسة الأمن السيبراني', 'head.731@university.edu', '$2b$10$jf/FfJrPK6E0Mv3KPbAFCOWf0jc.qDJjy7eiZ36ApOSqD/61NZ7x2', '2026-01-30 19:28:28.062', '2026-01-30 19:28:28.062', 731, NULL, NULL);
INSERT INTO public."Admin" (id, name, email, password, created_at, updated_at, department_id, password_reset_expires, password_reset_token) VALUES (268, 'رئيس قسم هندسة الأتمتة والذكاء الاصطناعي', 'head.732@university.edu', '$2b$10$jf/FfJrPK6E0Mv3KPbAFCOWf0jc.qDJjy7eiZ36ApOSqD/61NZ7x2', '2026-01-30 19:28:28.063', '2026-01-30 19:28:28.063', 732, NULL, NULL);


--
-- Data for Name: Geofence; Type: TABLE DATA; Schema: public; Owner: -
--

INSERT INTO public."Geofence" (id, name, latitude, longitude, radius_meters, created_at, updated_at) VALUES (255, 'University Campus', 33.3152, 44.3661, 500, '2026-01-21 07:27:54.106', '2026-01-21 07:27:54.106');
INSERT INTO public."Geofence" (id, name, latitude, longitude, radius_meters, created_at, updated_at) VALUES (257, 'home', 33.291019, 44.413967, 50, '2026-01-28 19:25:25.369', '2026-01-28 19:25:25.369');
INSERT INTO public."Geofence" (id, name, latitude, longitude, radius_meters, created_at, updated_at) VALUES (258, 'USA', 33.448376, -112.074036, 50, '2026-02-01 20:19:47.8', '2026-02-01 20:19:47.8');


--
-- Data for Name: Teacher; Type: TABLE DATA; Schema: public; Owner: -
--

INSERT INTO public."Teacher" (id, name, email, password, department_id, created_at, updated_at, password_reset_expires, password_reset_token) VALUES (109, 'Dr. Ahmed Ali', 'ahmed.ali@university.edu', '$2b$10$01f0Tsp6lCKxNfGAjx7xpeaBtLKQgyq7va.FPkBgBHM3KAYXuuiQe', NULL, '2026-01-21 07:27:53.901', '2026-01-21 07:27:53.901', NULL, NULL);
INSERT INTO public."Teacher" (id, name, email, password, department_id, created_at, updated_at, password_reset_expires, password_reset_token) VALUES (119, 'Dr. Nour Hady', 'nour.hady.d8f1@gmail.com', '$2b$10$iCRLpS4JirG7KxldAoh3QOJ61OTpRH8eVAdmtgagwhK8QenRmw9zO', 729, '2026-01-30 19:04:37.967', '2026-01-30 19:04:37.967', NULL, NULL);
INSERT INTO public."Teacher" (id, name, email, password, department_id, created_at, updated_at, password_reset_expires, password_reset_token) VALUES (121, 'Dr. Salma Mahmoud', 'salma.mahmoud.b750@gmail.com', '$2b$10$iCRLpS4JirG7KxldAoh3QOJ61OTpRH8eVAdmtgagwhK8QenRmw9zO', 731, '2026-01-30 19:04:37.974', '2026-01-30 19:04:37.974', NULL, NULL);
INSERT INTO public."Teacher" (id, name, email, password, department_id, created_at, updated_at, password_reset_expires, password_reset_token) VALUES (122, 'Dr. Rania Hady', 'rania.hady.5d58@gmail.com', '$2b$10$iCRLpS4JirG7KxldAoh3QOJ61OTpRH8eVAdmtgagwhK8QenRmw9zO', 732, '2026-01-30 19:04:37.976', '2026-01-30 19:04:37.976', NULL, NULL);
INSERT INTO public."Teacher" (id, name, email, password, department_id, created_at, updated_at, password_reset_expires, password_reset_token) VALUES (120, 'Dr. Amr Adel', 'amr.adel.a9cf@gmail.com', '$2b$10$iCRLpS4JirG7KxldAoh3QOJ61OTpRH8eVAdmtgagwhK8QenRmw9zO', 730, '2026-01-30 19:04:37.972', '2026-01-30 21:56:29.043', NULL, NULL);


--
-- Data for Name: Session; Type: TABLE DATA; Schema: public; Owner: -
--

INSERT INTO public."Session" (id, teacher_id, material_id, geofence_id, session_date, qr_secret, is_active, created_at, expires_at) VALUES (213, 120, 318, 257, '2026-01-30 21:56:43.743', '712490', false, '2026-01-30 21:56:43.743', '2026-01-30 22:56:43.741');
INSERT INTO public."Session" (id, teacher_id, material_id, geofence_id, session_date, qr_secret, is_active, created_at, expires_at) VALUES (214, 120, 318, 257, '2026-01-30 22:11:39.32', '296755', false, '2026-01-30 22:11:39.32', '2026-01-30 23:11:39.319');
INSERT INTO public."Session" (id, teacher_id, material_id, geofence_id, session_date, qr_secret, is_active, created_at, expires_at) VALUES (215, 120, 318, 257, '2026-01-31 06:09:57.097', '504776', false, '2026-01-31 06:09:57.097', '2026-01-31 07:09:57.096');
INSERT INTO public."Session" (id, teacher_id, material_id, geofence_id, session_date, qr_secret, is_active, created_at, expires_at) VALUES (216, 120, 318, 257, '2026-01-31 17:19:55.744', '532819', false, '2026-01-31 17:19:55.744', '2026-01-31 18:19:55.742');
INSERT INTO public."Session" (id, teacher_id, material_id, geofence_id, session_date, qr_secret, is_active, created_at, expires_at) VALUES (217, 120, 318, 257, '2026-01-31 17:28:35.323', '453594', false, '2026-01-31 17:28:35.323', '2026-01-31 18:28:35.322');
INSERT INTO public."Session" (id, teacher_id, material_id, geofence_id, session_date, qr_secret, is_active, created_at, expires_at) VALUES (218, 120, 318, 257, '2026-01-31 17:33:04.723', '480799', false, '2026-01-31 17:33:04.723', '2026-01-31 18:33:04.721');
INSERT INTO public."Session" (id, teacher_id, material_id, geofence_id, session_date, qr_secret, is_active, created_at, expires_at) VALUES (219, 120, 318, 257, '2026-01-31 17:38:50.739', '827118', false, '2026-01-31 17:38:50.739', '2026-01-31 18:38:50.738');
INSERT INTO public."Session" (id, teacher_id, material_id, geofence_id, session_date, qr_secret, is_active, created_at, expires_at) VALUES (220, 120, 318, 257, '2026-01-31 18:53:40.765', '362254', false, '2026-01-31 18:53:40.765', '2026-01-31 19:53:40.764');
INSERT INTO public."Session" (id, teacher_id, material_id, geofence_id, session_date, qr_secret, is_active, created_at, expires_at) VALUES (221, 120, 318, 257, '2026-01-31 18:56:08.085', '176822', false, '2026-01-31 18:56:08.085', '2026-01-31 19:01:08.085');
INSERT INTO public."Session" (id, teacher_id, material_id, geofence_id, session_date, qr_secret, is_active, created_at, expires_at) VALUES (222, 120, 318, 257, '2026-02-01 08:11:35.712', '641970', false, '2026-02-01 08:11:35.712', '2026-02-01 08:16:35.71');
INSERT INTO public."Session" (id, teacher_id, material_id, geofence_id, session_date, qr_secret, is_active, created_at, expires_at) VALUES (223, 120, 318, 258, '2026-02-01 21:22:03.447', '287568', false, '2026-02-01 21:22:03.447', '2026-02-01 21:27:03.446');
INSERT INTO public."Session" (id, teacher_id, material_id, geofence_id, session_date, qr_secret, is_active, created_at, expires_at) VALUES (224, 120, 318, 257, '2026-02-01 21:22:58.921', '816853', false, '2026-02-01 21:22:58.921', '2026-02-01 21:27:58.914');
INSERT INTO public."Session" (id, teacher_id, material_id, geofence_id, session_date, qr_secret, is_active, created_at, expires_at) VALUES (225, 120, 318, 258, '2026-02-02 07:06:41.073', '121634', false, '2026-02-02 07:06:41.073', '2026-02-02 07:11:41.07');
INSERT INTO public."Session" (id, teacher_id, material_id, geofence_id, session_date, qr_secret, is_active, created_at, expires_at) VALUES (226, 120, 318, 258, '2026-02-02 07:11:46.354', '999344', false, '2026-02-02 07:11:46.354', '2026-02-02 07:16:46.353');
INSERT INTO public."Session" (id, teacher_id, material_id, geofence_id, session_date, qr_secret, is_active, created_at, expires_at) VALUES (227, 120, 318, 257, '2026-02-02 07:12:20.736', '694649', false, '2026-02-02 07:12:20.736', '2026-02-02 07:17:20.735');
INSERT INTO public."Session" (id, teacher_id, material_id, geofence_id, session_date, qr_secret, is_active, created_at, expires_at) VALUES (228, 120, 318, 257, '2026-02-02 07:16:27.666', '521497', false, '2026-02-02 07:16:27.666', '2026-02-02 07:21:27.664');
INSERT INTO public."Session" (id, teacher_id, material_id, geofence_id, session_date, qr_secret, is_active, created_at, expires_at) VALUES (229, 120, 318, 257, '2026-02-02 07:18:14.9', '949765', false, '2026-02-02 07:18:14.9', '2026-02-02 07:23:14.899');
INSERT INTO public."Session" (id, teacher_id, material_id, geofence_id, session_date, qr_secret, is_active, created_at, expires_at) VALUES (230, 120, 318, 258, '2026-02-02 07:29:00.104', '321679', false, '2026-02-02 07:29:00.104', '2026-02-02 07:34:00.102');
INSERT INTO public."Session" (id, teacher_id, material_id, geofence_id, session_date, qr_secret, is_active, created_at, expires_at) VALUES (231, 120, 318, 257, '2026-02-02 07:41:50.848', '287763', false, '2026-02-02 07:41:50.848', '2026-02-02 07:46:50.846');


--
-- Data for Name: AttendanceRecord; Type: TABLE DATA; Schema: public; Owner: -
--

INSERT INTO public."AttendanceRecord" (id, session_id, student_id, token_hash, latitude, longitude, marked_by, marked_at, status) VALUES (19, 213, 257, '89ea3748f2146ef99138982550826ef177223bd7d793fa7e9ff49bbd079202fc', 33.29128051986087, 44.41387743184334, 'qr_scan', '2026-01-30 21:57:00.852', 'PRESENT');
INSERT INTO public."AttendanceRecord" (id, session_id, student_id, token_hash, latitude, longitude, marked_by, marked_at, status) VALUES (20, 214, 257, '26ff95ef8cd0dc83cf415b73af48c1bb2e1496b0437e7dcbdf6cf3d2d5356b9b', 33.29124569004276, 44.41397296038149, 'qr_scan', '2026-01-30 22:12:12.549', 'PRESENT');
INSERT INTO public."AttendanceRecord" (id, session_id, student_id, token_hash, latitude, longitude, marked_by, marked_at, status) VALUES (21, 216, 257, '6394adb46b4f8be46ec32e9790063d6033c6b99a7875e0fa1425c2118dc09c99', 33.29124923539722, 44.41396720753054, 'qr_scan', '2026-01-31 17:22:01.268', 'PRESENT');
INSERT INTO public."AttendanceRecord" (id, session_id, student_id, token_hash, latitude, longitude, marked_by, marked_at, status) VALUES (22, 216, 272, NULL, NULL, NULL, 'system_auto', '2026-01-31 17:22:07.099', 'ABSENT');
INSERT INTO public."AttendanceRecord" (id, session_id, student_id, token_hash, latitude, longitude, marked_by, marked_at, status) VALUES (23, 216, 273, NULL, NULL, NULL, 'system_auto', '2026-01-31 17:22:07.099', 'ABSENT');
INSERT INTO public."AttendanceRecord" (id, session_id, student_id, token_hash, latitude, longitude, marked_by, marked_at, status) VALUES (24, 216, 274, NULL, NULL, NULL, 'system_auto', '2026-01-31 17:22:07.099', 'ABSENT');
INSERT INTO public."AttendanceRecord" (id, session_id, student_id, token_hash, latitude, longitude, marked_by, marked_at, status) VALUES (25, 216, 275, NULL, NULL, NULL, 'system_auto', '2026-01-31 17:22:07.099', 'ABSENT');
INSERT INTO public."AttendanceRecord" (id, session_id, student_id, token_hash, latitude, longitude, marked_by, marked_at, status) VALUES (26, 216, 276, NULL, NULL, NULL, 'system_auto', '2026-01-31 17:22:07.099', 'ABSENT');
INSERT INTO public."AttendanceRecord" (id, session_id, student_id, token_hash, latitude, longitude, marked_by, marked_at, status) VALUES (27, 217, 257, 'c6df1e864440c10551739db2d9bdd52a96eb1f422a0f94c6f1a69110b1c27e7c', 33.29127971889992, 44.41387799828157, 'qr_scan', '2026-01-31 17:28:49.445', 'PRESENT');
INSERT INTO public."AttendanceRecord" (id, session_id, student_id, token_hash, latitude, longitude, marked_by, marked_at, status) VALUES (28, 217, 272, NULL, NULL, NULL, 'system_auto', '2026-01-31 17:28:53.647', 'ABSENT');
INSERT INTO public."AttendanceRecord" (id, session_id, student_id, token_hash, latitude, longitude, marked_by, marked_at, status) VALUES (29, 217, 273, NULL, NULL, NULL, 'system_auto', '2026-01-31 17:28:53.647', 'ABSENT');
INSERT INTO public."AttendanceRecord" (id, session_id, student_id, token_hash, latitude, longitude, marked_by, marked_at, status) VALUES (30, 217, 274, NULL, NULL, NULL, 'system_auto', '2026-01-31 17:28:53.647', 'ABSENT');
INSERT INTO public."AttendanceRecord" (id, session_id, student_id, token_hash, latitude, longitude, marked_by, marked_at, status) VALUES (31, 217, 275, NULL, NULL, NULL, 'system_auto', '2026-01-31 17:28:53.647', 'ABSENT');
INSERT INTO public."AttendanceRecord" (id, session_id, student_id, token_hash, latitude, longitude, marked_by, marked_at, status) VALUES (32, 217, 276, NULL, NULL, NULL, 'system_auto', '2026-01-31 17:28:53.647', 'ABSENT');
INSERT INTO public."AttendanceRecord" (id, session_id, student_id, token_hash, latitude, longitude, marked_by, marked_at, status) VALUES (33, 218, 272, NULL, NULL, NULL, 'system_auto', '2026-01-31 17:38:44.463', 'ABSENT');
INSERT INTO public."AttendanceRecord" (id, session_id, student_id, token_hash, latitude, longitude, marked_by, marked_at, status) VALUES (34, 218, 273, NULL, NULL, NULL, 'system_auto', '2026-01-31 17:38:44.463', 'ABSENT');
INSERT INTO public."AttendanceRecord" (id, session_id, student_id, token_hash, latitude, longitude, marked_by, marked_at, status) VALUES (35, 218, 274, NULL, NULL, NULL, 'system_auto', '2026-01-31 17:38:44.463', 'ABSENT');
INSERT INTO public."AttendanceRecord" (id, session_id, student_id, token_hash, latitude, longitude, marked_by, marked_at, status) VALUES (36, 218, 275, NULL, NULL, NULL, 'system_auto', '2026-01-31 17:38:44.463', 'ABSENT');
INSERT INTO public."AttendanceRecord" (id, session_id, student_id, token_hash, latitude, longitude, marked_by, marked_at, status) VALUES (37, 218, 276, NULL, NULL, NULL, 'system_auto', '2026-01-31 17:38:44.463', 'ABSENT');
INSERT INTO public."AttendanceRecord" (id, session_id, student_id, token_hash, latitude, longitude, marked_by, marked_at, status) VALUES (38, 219, 257, '7692a66d22e667a346449e670715e6c07aa52763d1a953bd24e64ec88dee324f', 33.29124923539722, 44.41396720753054, 'qr_scan', '2026-01-31 17:46:08.96', 'PRESENT');
INSERT INTO public."AttendanceRecord" (id, session_id, student_id, token_hash, latitude, longitude, marked_by, marked_at, status) VALUES (39, 219, 272, NULL, NULL, NULL, 'system_auto', '2026-01-31 17:47:30.676', 'ABSENT');
INSERT INTO public."AttendanceRecord" (id, session_id, student_id, token_hash, latitude, longitude, marked_by, marked_at, status) VALUES (40, 219, 273, NULL, NULL, NULL, 'system_auto', '2026-01-31 17:47:30.676', 'ABSENT');
INSERT INTO public."AttendanceRecord" (id, session_id, student_id, token_hash, latitude, longitude, marked_by, marked_at, status) VALUES (41, 219, 274, NULL, NULL, NULL, 'system_auto', '2026-01-31 17:47:30.676', 'ABSENT');
INSERT INTO public."AttendanceRecord" (id, session_id, student_id, token_hash, latitude, longitude, marked_by, marked_at, status) VALUES (42, 219, 275, NULL, NULL, NULL, 'system_auto', '2026-01-31 17:47:30.676', 'ABSENT');
INSERT INTO public."AttendanceRecord" (id, session_id, student_id, token_hash, latitude, longitude, marked_by, marked_at, status) VALUES (43, 219, 276, NULL, NULL, NULL, 'system_auto', '2026-01-31 17:47:30.676', 'ABSENT');
INSERT INTO public."AttendanceRecord" (id, session_id, student_id, token_hash, latitude, longitude, marked_by, marked_at, status) VALUES (44, 220, 272, NULL, NULL, NULL, 'system_auto', '2026-01-31 18:55:56.161', 'ABSENT');
INSERT INTO public."AttendanceRecord" (id, session_id, student_id, token_hash, latitude, longitude, marked_by, marked_at, status) VALUES (45, 220, 273, NULL, NULL, NULL, 'system_auto', '2026-01-31 18:55:56.161', 'ABSENT');
INSERT INTO public."AttendanceRecord" (id, session_id, student_id, token_hash, latitude, longitude, marked_by, marked_at, status) VALUES (46, 220, 274, NULL, NULL, NULL, 'system_auto', '2026-01-31 18:55:56.161', 'ABSENT');
INSERT INTO public."AttendanceRecord" (id, session_id, student_id, token_hash, latitude, longitude, marked_by, marked_at, status) VALUES (47, 220, 275, NULL, NULL, NULL, 'system_auto', '2026-01-31 18:55:56.161', 'ABSENT');
INSERT INTO public."AttendanceRecord" (id, session_id, student_id, token_hash, latitude, longitude, marked_by, marked_at, status) VALUES (48, 220, 276, NULL, NULL, NULL, 'system_auto', '2026-01-31 18:55:56.161', 'ABSENT');
INSERT INTO public."AttendanceRecord" (id, session_id, student_id, token_hash, latitude, longitude, marked_by, marked_at, status) VALUES (49, 221, 257, 'afbc6a2b3162cc26ff9cf390bc230102dc51c9a0750a6f0b8c3da1a478dfc5b7', 33.2912797507145, 44.41387799017467, 'qr_scan', '2026-01-31 18:56:52.851', 'PRESENT');
INSERT INTO public."AttendanceRecord" (id, session_id, student_id, token_hash, latitude, longitude, marked_by, marked_at, status) VALUES (50, 221, 272, NULL, NULL, NULL, 'system_auto', '2026-01-31 18:56:58.652', 'ABSENT');
INSERT INTO public."AttendanceRecord" (id, session_id, student_id, token_hash, latitude, longitude, marked_by, marked_at, status) VALUES (51, 221, 273, NULL, NULL, NULL, 'system_auto', '2026-01-31 18:56:58.652', 'ABSENT');
INSERT INTO public."AttendanceRecord" (id, session_id, student_id, token_hash, latitude, longitude, marked_by, marked_at, status) VALUES (52, 221, 274, NULL, NULL, NULL, 'system_auto', '2026-01-31 18:56:58.652', 'ABSENT');
INSERT INTO public."AttendanceRecord" (id, session_id, student_id, token_hash, latitude, longitude, marked_by, marked_at, status) VALUES (53, 221, 275, NULL, NULL, NULL, 'system_auto', '2026-01-31 18:56:58.653', 'ABSENT');
INSERT INTO public."AttendanceRecord" (id, session_id, student_id, token_hash, latitude, longitude, marked_by, marked_at, status) VALUES (54, 221, 276, NULL, NULL, NULL, 'system_auto', '2026-01-31 18:56:58.653', 'ABSENT');
INSERT INTO public."AttendanceRecord" (id, session_id, student_id, token_hash, latitude, longitude, marked_by, marked_at, status) VALUES (55, 222, 272, NULL, NULL, NULL, 'system_auto', '2026-02-01 08:11:37.149', 'ABSENT');
INSERT INTO public."AttendanceRecord" (id, session_id, student_id, token_hash, latitude, longitude, marked_by, marked_at, status) VALUES (56, 222, 273, NULL, NULL, NULL, 'system_auto', '2026-02-01 08:11:37.149', 'ABSENT');
INSERT INTO public."AttendanceRecord" (id, session_id, student_id, token_hash, latitude, longitude, marked_by, marked_at, status) VALUES (57, 222, 274, NULL, NULL, NULL, 'system_auto', '2026-02-01 08:11:37.149', 'ABSENT');
INSERT INTO public."AttendanceRecord" (id, session_id, student_id, token_hash, latitude, longitude, marked_by, marked_at, status) VALUES (58, 222, 275, NULL, NULL, NULL, 'system_auto', '2026-02-01 08:11:37.149', 'ABSENT');
INSERT INTO public."AttendanceRecord" (id, session_id, student_id, token_hash, latitude, longitude, marked_by, marked_at, status) VALUES (59, 222, 276, NULL, NULL, NULL, 'system_auto', '2026-02-01 08:11:37.149', 'ABSENT');
INSERT INTO public."AttendanceRecord" (id, session_id, student_id, token_hash, latitude, longitude, marked_by, marked_at, status) VALUES (60, 223, 272, NULL, NULL, NULL, 'system_auto', '2026-02-01 21:22:51.915', 'ABSENT');
INSERT INTO public."AttendanceRecord" (id, session_id, student_id, token_hash, latitude, longitude, marked_by, marked_at, status) VALUES (61, 223, 273, NULL, NULL, NULL, 'system_auto', '2026-02-01 21:22:51.915', 'ABSENT');
INSERT INTO public."AttendanceRecord" (id, session_id, student_id, token_hash, latitude, longitude, marked_by, marked_at, status) VALUES (62, 223, 274, NULL, NULL, NULL, 'system_auto', '2026-02-01 21:22:51.915', 'ABSENT');
INSERT INTO public."AttendanceRecord" (id, session_id, student_id, token_hash, latitude, longitude, marked_by, marked_at, status) VALUES (63, 223, 275, NULL, NULL, NULL, 'system_auto', '2026-02-01 21:22:51.915', 'ABSENT');
INSERT INTO public."AttendanceRecord" (id, session_id, student_id, token_hash, latitude, longitude, marked_by, marked_at, status) VALUES (64, 223, 276, NULL, NULL, NULL, 'system_auto', '2026-02-01 21:22:51.915', 'ABSENT');
INSERT INTO public."AttendanceRecord" (id, session_id, student_id, token_hash, latitude, longitude, marked_by, marked_at, status) VALUES (65, 224, 272, NULL, NULL, NULL, 'system_auto', '2026-02-01 21:28:41.032', 'ABSENT');
INSERT INTO public."AttendanceRecord" (id, session_id, student_id, token_hash, latitude, longitude, marked_by, marked_at, status) VALUES (66, 224, 273, NULL, NULL, NULL, 'system_auto', '2026-02-01 21:28:41.032', 'ABSENT');
INSERT INTO public."AttendanceRecord" (id, session_id, student_id, token_hash, latitude, longitude, marked_by, marked_at, status) VALUES (67, 224, 274, NULL, NULL, NULL, 'system_auto', '2026-02-01 21:28:41.032', 'ABSENT');
INSERT INTO public."AttendanceRecord" (id, session_id, student_id, token_hash, latitude, longitude, marked_by, marked_at, status) VALUES (68, 224, 275, NULL, NULL, NULL, 'system_auto', '2026-02-01 21:28:41.032', 'ABSENT');
INSERT INTO public."AttendanceRecord" (id, session_id, student_id, token_hash, latitude, longitude, marked_by, marked_at, status) VALUES (69, 224, 276, NULL, NULL, NULL, 'system_auto', '2026-02-01 21:28:41.032', 'ABSENT');
INSERT INTO public."AttendanceRecord" (id, session_id, student_id, token_hash, latitude, longitude, marked_by, marked_at, status) VALUES (70, 225, 272, NULL, NULL, NULL, 'system_auto', '2026-02-02 07:07:54.86', 'ABSENT');
INSERT INTO public."AttendanceRecord" (id, session_id, student_id, token_hash, latitude, longitude, marked_by, marked_at, status) VALUES (71, 225, 273, NULL, NULL, NULL, 'system_auto', '2026-02-02 07:07:54.86', 'ABSENT');
INSERT INTO public."AttendanceRecord" (id, session_id, student_id, token_hash, latitude, longitude, marked_by, marked_at, status) VALUES (72, 225, 274, NULL, NULL, NULL, 'system_auto', '2026-02-02 07:07:54.86', 'ABSENT');
INSERT INTO public."AttendanceRecord" (id, session_id, student_id, token_hash, latitude, longitude, marked_by, marked_at, status) VALUES (73, 225, 275, NULL, NULL, NULL, 'system_auto', '2026-02-02 07:07:54.86', 'ABSENT');
INSERT INTO public."AttendanceRecord" (id, session_id, student_id, token_hash, latitude, longitude, marked_by, marked_at, status) VALUES (74, 225, 276, NULL, NULL, NULL, 'system_auto', '2026-02-02 07:07:54.86', 'ABSENT');
INSERT INTO public."AttendanceRecord" (id, session_id, student_id, token_hash, latitude, longitude, marked_by, marked_at, status) VALUES (75, 226, 272, NULL, NULL, NULL, 'system_auto', '2026-02-02 07:12:02.013', 'ABSENT');
INSERT INTO public."AttendanceRecord" (id, session_id, student_id, token_hash, latitude, longitude, marked_by, marked_at, status) VALUES (76, 226, 273, NULL, NULL, NULL, 'system_auto', '2026-02-02 07:12:02.013', 'ABSENT');
INSERT INTO public."AttendanceRecord" (id, session_id, student_id, token_hash, latitude, longitude, marked_by, marked_at, status) VALUES (77, 226, 274, NULL, NULL, NULL, 'system_auto', '2026-02-02 07:12:02.013', 'ABSENT');
INSERT INTO public."AttendanceRecord" (id, session_id, student_id, token_hash, latitude, longitude, marked_by, marked_at, status) VALUES (78, 226, 275, NULL, NULL, NULL, 'system_auto', '2026-02-02 07:12:02.013', 'ABSENT');
INSERT INTO public."AttendanceRecord" (id, session_id, student_id, token_hash, latitude, longitude, marked_by, marked_at, status) VALUES (79, 226, 276, NULL, NULL, NULL, 'system_auto', '2026-02-02 07:12:02.013', 'ABSENT');
INSERT INTO public."AttendanceRecord" (id, session_id, student_id, token_hash, latitude, longitude, marked_by, marked_at, status) VALUES (80, 227, 272, NULL, NULL, NULL, 'system_auto', '2026-02-02 07:12:33.374', 'ABSENT');
INSERT INTO public."AttendanceRecord" (id, session_id, student_id, token_hash, latitude, longitude, marked_by, marked_at, status) VALUES (81, 227, 273, NULL, NULL, NULL, 'system_auto', '2026-02-02 07:12:33.374', 'ABSENT');
INSERT INTO public."AttendanceRecord" (id, session_id, student_id, token_hash, latitude, longitude, marked_by, marked_at, status) VALUES (82, 227, 274, NULL, NULL, NULL, 'system_auto', '2026-02-02 07:12:33.374', 'ABSENT');
INSERT INTO public."AttendanceRecord" (id, session_id, student_id, token_hash, latitude, longitude, marked_by, marked_at, status) VALUES (83, 227, 275, NULL, NULL, NULL, 'system_auto', '2026-02-02 07:12:33.374', 'ABSENT');
INSERT INTO public."AttendanceRecord" (id, session_id, student_id, token_hash, latitude, longitude, marked_by, marked_at, status) VALUES (84, 227, 276, NULL, NULL, NULL, 'system_auto', '2026-02-02 07:12:33.374', 'ABSENT');
INSERT INTO public."AttendanceRecord" (id, session_id, student_id, token_hash, latitude, longitude, marked_by, marked_at, status) VALUES (85, 228, 272, NULL, NULL, NULL, 'system_auto', '2026-02-02 07:16:43.48', 'ABSENT');
INSERT INTO public."AttendanceRecord" (id, session_id, student_id, token_hash, latitude, longitude, marked_by, marked_at, status) VALUES (86, 228, 273, NULL, NULL, NULL, 'system_auto', '2026-02-02 07:16:43.48', 'ABSENT');
INSERT INTO public."AttendanceRecord" (id, session_id, student_id, token_hash, latitude, longitude, marked_by, marked_at, status) VALUES (87, 228, 274, NULL, NULL, NULL, 'system_auto', '2026-02-02 07:16:43.48', 'ABSENT');
INSERT INTO public."AttendanceRecord" (id, session_id, student_id, token_hash, latitude, longitude, marked_by, marked_at, status) VALUES (88, 228, 275, NULL, NULL, NULL, 'system_auto', '2026-02-02 07:16:43.48', 'ABSENT');
INSERT INTO public."AttendanceRecord" (id, session_id, student_id, token_hash, latitude, longitude, marked_by, marked_at, status) VALUES (89, 228, 276, NULL, NULL, NULL, 'system_auto', '2026-02-02 07:16:43.48', 'ABSENT');
INSERT INTO public."AttendanceRecord" (id, session_id, student_id, token_hash, latitude, longitude, marked_by, marked_at, status) VALUES (90, 229, 275, 'cac3a578a275a0f1b01b783c34d34ab52738c97c9c211fbd40d241f1d808289d', 33.29127971842592, 44.41387529835962, 'qr_scan', '2026-02-02 07:18:19.079', 'PRESENT');
INSERT INTO public."AttendanceRecord" (id, session_id, student_id, token_hash, latitude, longitude, marked_by, marked_at, status) VALUES (91, 229, 272, NULL, NULL, NULL, 'system_auto', '2026-02-02 07:18:22.326', 'ABSENT');
INSERT INTO public."AttendanceRecord" (id, session_id, student_id, token_hash, latitude, longitude, marked_by, marked_at, status) VALUES (92, 229, 273, NULL, NULL, NULL, 'system_auto', '2026-02-02 07:18:22.326', 'ABSENT');
INSERT INTO public."AttendanceRecord" (id, session_id, student_id, token_hash, latitude, longitude, marked_by, marked_at, status) VALUES (93, 229, 274, NULL, NULL, NULL, 'system_auto', '2026-02-02 07:18:22.326', 'ABSENT');
INSERT INTO public."AttendanceRecord" (id, session_id, student_id, token_hash, latitude, longitude, marked_by, marked_at, status) VALUES (94, 229, 276, NULL, NULL, NULL, 'system_auto', '2026-02-02 07:18:22.326', 'ABSENT');
INSERT INTO public."AttendanceRecord" (id, session_id, student_id, token_hash, latitude, longitude, marked_by, marked_at, status) VALUES (95, 230, 272, NULL, NULL, NULL, 'system_auto', '2026-02-02 07:29:14.86', 'ABSENT');
INSERT INTO public."AttendanceRecord" (id, session_id, student_id, token_hash, latitude, longitude, marked_by, marked_at, status) VALUES (96, 230, 273, NULL, NULL, NULL, 'system_auto', '2026-02-02 07:29:14.86', 'ABSENT');
INSERT INTO public."AttendanceRecord" (id, session_id, student_id, token_hash, latitude, longitude, marked_by, marked_at, status) VALUES (97, 230, 274, NULL, NULL, NULL, 'system_auto', '2026-02-02 07:29:14.86', 'ABSENT');
INSERT INTO public."AttendanceRecord" (id, session_id, student_id, token_hash, latitude, longitude, marked_by, marked_at, status) VALUES (98, 230, 276, NULL, NULL, NULL, 'system_auto', '2026-02-02 07:29:14.86', 'ABSENT');
INSERT INTO public."AttendanceRecord" (id, session_id, student_id, token_hash, latitude, longitude, marked_by, marked_at, status) VALUES (99, 230, 275, NULL, NULL, NULL, 'system_auto', '2026-02-02 07:29:14.86', 'ABSENT');
INSERT INTO public."AttendanceRecord" (id, session_id, student_id, token_hash, latitude, longitude, marked_by, marked_at, status) VALUES (100, 231, 275, 'a4fce79e1c5fabe154d7ae67b0717da9f8bb870a84ef28b2b60abb4cd2edd5e4', 33.29125269934455, 44.41397059083599, 'qr_scan', '2026-02-02 07:41:55.659', 'PRESENT');
INSERT INTO public."AttendanceRecord" (id, session_id, student_id, token_hash, latitude, longitude, marked_by, marked_at, status) VALUES (101, 231, 272, NULL, NULL, NULL, 'system_auto', '2026-02-02 07:42:01.366', 'ABSENT');
INSERT INTO public."AttendanceRecord" (id, session_id, student_id, token_hash, latitude, longitude, marked_by, marked_at, status) VALUES (102, 231, 273, NULL, NULL, NULL, 'system_auto', '2026-02-02 07:42:01.366', 'ABSENT');
INSERT INTO public."AttendanceRecord" (id, session_id, student_id, token_hash, latitude, longitude, marked_by, marked_at, status) VALUES (103, 231, 274, NULL, NULL, NULL, 'system_auto', '2026-02-02 07:42:01.366', 'ABSENT');
INSERT INTO public."AttendanceRecord" (id, session_id, student_id, token_hash, latitude, longitude, marked_by, marked_at, status) VALUES (104, 231, 276, NULL, NULL, NULL, 'system_auto', '2026-02-02 07:42:01.366', 'ABSENT');


--
-- Data for Name: CarriedSubject; Type: TABLE DATA; Schema: public; Owner: -
--

INSERT INTO public."CarriedSubject" (id, academic_year, created_at, student_id, material_id) VALUES (1, '2025-2026', '2026-02-15 18:24:54.074', 238, 255);
INSERT INTO public."CarriedSubject" (id, academic_year, created_at, student_id, material_id) VALUES (2, '2025-2026', '2026-02-15 18:24:54.092', 238, 249);
INSERT INTO public."CarriedSubject" (id, academic_year, created_at, student_id, material_id) VALUES (3, '2025-2026', '2026-02-15 18:28:17.709', 239, 248);


--
-- Data for Name: Enrollment; Type: TABLE DATA; Schema: public; Owner: -
--

INSERT INTO public."Enrollment" (id, academic_year, result_status, is_carried, created_at, updated_at, student_id, material_id) VALUES (128, '2025', 'PASSED', false, '2026-02-13 13:36:41.092', '2026-02-13 13:36:55.377', 237, 250);
INSERT INTO public."Enrollment" (id, academic_year, result_status, is_carried, created_at, updated_at, student_id, material_id) VALUES (123, '2025', 'BLOCKED_BY_ABSENCE', false, '2026-02-13 13:36:41.065', '2026-02-13 13:36:55.39', 237, 248);
INSERT INTO public."Enrollment" (id, academic_year, result_status, is_carried, created_at, updated_at, student_id, material_id) VALUES (121, '2025', 'PASSED', false, '2026-02-13 13:36:41.053', '2026-02-13 13:36:55.395', 237, 249);
INSERT INTO public."Enrollment" (id, academic_year, result_status, is_carried, created_at, updated_at, student_id, material_id) VALUES (119, '2025', 'FAILED', false, '2026-02-13 13:36:41.004', '2026-02-13 13:36:55.399', 237, 245);
INSERT INTO public."Enrollment" (id, academic_year, result_status, is_carried, created_at, updated_at, student_id, material_id) VALUES (126, '2025', 'PASSED', false, '2026-02-13 13:36:41.084', '2026-02-13 13:37:07.454', 237, 246);
INSERT INTO public."Enrollment" (id, academic_year, result_status, is_carried, created_at, updated_at, student_id, material_id) VALUES (125, '2025', 'PASSED', false, '2026-02-13 13:36:41.078', '2026-02-13 13:37:07.463', 237, 247);
INSERT INTO public."Enrollment" (id, academic_year, result_status, is_carried, created_at, updated_at, student_id, material_id) VALUES (129, '2025', 'PASSED', false, '2026-02-13 13:36:41.099', '2026-02-13 13:37:24.496', 237, 254);
INSERT INTO public."Enrollment" (id, academic_year, result_status, is_carried, created_at, updated_at, student_id, material_id) VALUES (127, '2025', 'FAILED', false, '2026-02-13 13:36:41.088', '2026-02-13 13:37:24.505', 237, 255);
INSERT INTO public."Enrollment" (id, academic_year, result_status, is_carried, created_at, updated_at, student_id, material_id) VALUES (124, '2025', 'PASSED', false, '2026-02-13 13:36:41.071', '2026-02-13 13:37:24.51', 237, 252);
INSERT INTO public."Enrollment" (id, academic_year, result_status, is_carried, created_at, updated_at, student_id, material_id) VALUES (122, '2025', 'FAILED', false, '2026-02-13 13:36:41.058', '2026-02-13 13:37:24.513', 237, 253);
INSERT INTO public."Enrollment" (id, academic_year, result_status, is_carried, created_at, updated_at, student_id, material_id) VALUES (120, '2025', 'PASSED', false, '2026-02-13 13:36:41.046', '2026-02-13 13:37:24.515', 237, 251);
INSERT INTO public."Enrollment" (id, academic_year, result_status, is_carried, created_at, updated_at, student_id, material_id) VALUES (19, '2026', 'IN_PROGRESS', false, '2026-02-01 20:21:48.701', '2026-02-01 20:21:48.701', 237, 245);
INSERT INTO public."Enrollment" (id, academic_year, result_status, is_carried, created_at, updated_at, student_id, material_id) VALUES (20, '2026', 'IN_PROGRESS', false, '2026-02-01 20:21:48.724', '2026-02-01 20:21:48.724', 237, 251);
INSERT INTO public."Enrollment" (id, academic_year, result_status, is_carried, created_at, updated_at, student_id, material_id) VALUES (21, '2026', 'IN_PROGRESS', false, '2026-02-01 20:21:48.731', '2026-02-01 20:21:48.731', 237, 249);
INSERT INTO public."Enrollment" (id, academic_year, result_status, is_carried, created_at, updated_at, student_id, material_id) VALUES (22, '2026', 'IN_PROGRESS', false, '2026-02-01 20:21:48.737', '2026-02-01 20:21:48.737', 237, 253);
INSERT INTO public."Enrollment" (id, academic_year, result_status, is_carried, created_at, updated_at, student_id, material_id) VALUES (23, '2026', 'IN_PROGRESS', false, '2026-02-01 20:21:48.743', '2026-02-01 20:21:48.743', 237, 248);
INSERT INTO public."Enrollment" (id, academic_year, result_status, is_carried, created_at, updated_at, student_id, material_id) VALUES (24, '2026', 'IN_PROGRESS', false, '2026-02-01 20:21:48.754', '2026-02-01 20:21:48.754', 237, 252);
INSERT INTO public."Enrollment" (id, academic_year, result_status, is_carried, created_at, updated_at, student_id, material_id) VALUES (25, '2026', 'IN_PROGRESS', false, '2026-02-01 20:21:48.76', '2026-02-01 20:21:48.76', 237, 247);
INSERT INTO public."Enrollment" (id, academic_year, result_status, is_carried, created_at, updated_at, student_id, material_id) VALUES (26, '2026', 'IN_PROGRESS', false, '2026-02-01 20:21:48.766', '2026-02-01 20:21:48.766', 237, 246);
INSERT INTO public."Enrollment" (id, academic_year, result_status, is_carried, created_at, updated_at, student_id, material_id) VALUES (27, '2026', 'IN_PROGRESS', false, '2026-02-01 20:21:48.771', '2026-02-01 20:21:48.771', 237, 255);
INSERT INTO public."Enrollment" (id, academic_year, result_status, is_carried, created_at, updated_at, student_id, material_id) VALUES (28, '2026', 'IN_PROGRESS', false, '2026-02-01 20:21:48.776', '2026-02-01 20:21:48.776', 237, 250);
INSERT INTO public."Enrollment" (id, academic_year, result_status, is_carried, created_at, updated_at, student_id, material_id) VALUES (29, '2026', 'IN_PROGRESS', false, '2026-02-01 20:21:48.781', '2026-02-01 20:21:48.781', 237, 254);
INSERT INTO public."Enrollment" (id, academic_year, result_status, is_carried, created_at, updated_at, student_id, material_id) VALUES (30, '202', 'IN_PROGRESS', false, '2026-02-11 08:50:18.757', '2026-02-11 08:50:18.757', 259, 287);
INSERT INTO public."Enrollment" (id, academic_year, result_status, is_carried, created_at, updated_at, student_id, material_id) VALUES (31, '202', 'IN_PROGRESS', false, '2026-02-11 08:50:18.78', '2026-02-11 08:50:18.78', 259, 290);
INSERT INTO public."Enrollment" (id, academic_year, result_status, is_carried, created_at, updated_at, student_id, material_id) VALUES (32, '202', 'IN_PROGRESS', false, '2026-02-11 08:50:18.787', '2026-02-11 08:50:18.787', 259, 295);
INSERT INTO public."Enrollment" (id, academic_year, result_status, is_carried, created_at, updated_at, student_id, material_id) VALUES (33, '202', 'IN_PROGRESS', false, '2026-02-11 08:50:18.792', '2026-02-11 08:50:18.792', 259, 289);
INSERT INTO public."Enrollment" (id, academic_year, result_status, is_carried, created_at, updated_at, student_id, material_id) VALUES (34, '202', 'IN_PROGRESS', false, '2026-02-11 08:50:18.798', '2026-02-11 08:50:18.798', 259, 294);
INSERT INTO public."Enrollment" (id, academic_year, result_status, is_carried, created_at, updated_at, student_id, material_id) VALUES (35, '202', 'IN_PROGRESS', false, '2026-02-11 08:50:18.806', '2026-02-11 08:50:18.806', 259, 288);
INSERT INTO public."Enrollment" (id, academic_year, result_status, is_carried, created_at, updated_at, student_id, material_id) VALUES (36, '202', 'IN_PROGRESS', false, '2026-02-11 08:50:18.813', '2026-02-11 08:50:18.813', 259, 297);
INSERT INTO public."Enrollment" (id, academic_year, result_status, is_carried, created_at, updated_at, student_id, material_id) VALUES (37, '202', 'IN_PROGRESS', false, '2026-02-11 08:50:18.819', '2026-02-11 08:50:18.819', 259, 292);
INSERT INTO public."Enrollment" (id, academic_year, result_status, is_carried, created_at, updated_at, student_id, material_id) VALUES (38, '202', 'IN_PROGRESS', false, '2026-02-11 08:50:18.825', '2026-02-11 08:50:18.825', 259, 296);
INSERT INTO public."Enrollment" (id, academic_year, result_status, is_carried, created_at, updated_at, student_id, material_id) VALUES (39, '202', 'IN_PROGRESS', false, '2026-02-11 08:50:18.83', '2026-02-11 08:50:18.83', 259, 291);
INSERT INTO public."Enrollment" (id, academic_year, result_status, is_carried, created_at, updated_at, student_id, material_id) VALUES (40, '202', 'IN_PROGRESS', false, '2026-02-11 08:50:18.836', '2026-02-11 08:50:18.836', 259, 293);
INSERT INTO public."Enrollment" (id, academic_year, result_status, is_carried, created_at, updated_at, student_id, material_id) VALUES (41, '2024-2025', 'IN_PROGRESS', false, '2026-02-13 13:31:25.292', '2026-02-13 13:31:25.292', 317, 256);
INSERT INTO public."Enrollment" (id, academic_year, result_status, is_carried, created_at, updated_at, student_id, material_id) VALUES (42, '2024-2025', 'IN_PROGRESS', false, '2026-02-13 13:31:25.3', '2026-02-13 13:31:25.3', 317, 257);
INSERT INTO public."Enrollment" (id, academic_year, result_status, is_carried, created_at, updated_at, student_id, material_id) VALUES (43, '2024-2025', 'IN_PROGRESS', false, '2026-02-13 13:31:25.302', '2026-02-13 13:31:25.302', 317, 258);
INSERT INTO public."Enrollment" (id, academic_year, result_status, is_carried, created_at, updated_at, student_id, material_id) VALUES (44, '2024-2025', 'IN_PROGRESS', false, '2026-02-13 13:31:25.304', '2026-02-13 13:31:25.304', 317, 259);
INSERT INTO public."Enrollment" (id, academic_year, result_status, is_carried, created_at, updated_at, student_id, material_id) VALUES (45, '2024-2025', 'IN_PROGRESS', false, '2026-02-13 13:31:25.306', '2026-02-13 13:31:25.306', 317, 260);
INSERT INTO public."Enrollment" (id, academic_year, result_status, is_carried, created_at, updated_at, student_id, material_id) VALUES (46, '2024-2025', 'IN_PROGRESS', false, '2026-02-13 13:31:25.308', '2026-02-13 13:31:25.308', 317, 261);
INSERT INTO public."Enrollment" (id, academic_year, result_status, is_carried, created_at, updated_at, student_id, material_id) VALUES (47, '2024-2025', 'IN_PROGRESS', false, '2026-02-13 13:31:25.311', '2026-02-13 13:31:25.311', 317, 262);
INSERT INTO public."Enrollment" (id, academic_year, result_status, is_carried, created_at, updated_at, student_id, material_id) VALUES (48, '2024-2025', 'IN_PROGRESS', false, '2026-02-13 13:31:25.312', '2026-02-13 13:31:25.312', 317, 263);
INSERT INTO public."Enrollment" (id, academic_year, result_status, is_carried, created_at, updated_at, student_id, material_id) VALUES (49, '2024-2025', 'IN_PROGRESS', false, '2026-02-13 13:31:25.314', '2026-02-13 13:31:25.314', 317, 264);
INSERT INTO public."Enrollment" (id, academic_year, result_status, is_carried, created_at, updated_at, student_id, material_id) VALUES (50, '2024-2025', 'IN_PROGRESS', false, '2026-02-13 13:31:25.315', '2026-02-13 13:31:25.315', 317, 265);
INSERT INTO public."Enrollment" (id, academic_year, result_status, is_carried, created_at, updated_at, student_id, material_id) VALUES (51, '2024-2025', 'IN_PROGRESS', false, '2026-02-13 13:31:25.317', '2026-02-13 13:31:25.317', 317, 298);
INSERT INTO public."Enrollment" (id, academic_year, result_status, is_carried, created_at, updated_at, student_id, material_id) VALUES (52, '2024-2025', 'IN_PROGRESS', false, '2026-02-13 13:31:25.318', '2026-02-13 13:31:25.318', 317, 299);
INSERT INTO public."Enrollment" (id, academic_year, result_status, is_carried, created_at, updated_at, student_id, material_id) VALUES (53, '2024-2025', 'IN_PROGRESS', false, '2026-02-13 13:31:25.319', '2026-02-13 13:31:25.319', 317, 300);
INSERT INTO public."Enrollment" (id, academic_year, result_status, is_carried, created_at, updated_at, student_id, material_id) VALUES (54, '2024-2025', 'IN_PROGRESS', false, '2026-02-13 13:31:25.321', '2026-02-13 13:31:25.321', 317, 301);
INSERT INTO public."Enrollment" (id, academic_year, result_status, is_carried, created_at, updated_at, student_id, material_id) VALUES (55, '2024-2025', 'IN_PROGRESS', false, '2026-02-13 13:31:25.322', '2026-02-13 13:31:25.322', 317, 302);
INSERT INTO public."Enrollment" (id, academic_year, result_status, is_carried, created_at, updated_at, student_id, material_id) VALUES (56, '2024-2025', 'IN_PROGRESS', false, '2026-02-13 13:31:25.323', '2026-02-13 13:31:25.323', 317, 303);
INSERT INTO public."Enrollment" (id, academic_year, result_status, is_carried, created_at, updated_at, student_id, material_id) VALUES (57, '2024-2025', 'IN_PROGRESS', false, '2026-02-13 13:31:25.325', '2026-02-13 13:31:25.325', 317, 304);
INSERT INTO public."Enrollment" (id, academic_year, result_status, is_carried, created_at, updated_at, student_id, material_id) VALUES (58, '2024-2025', 'IN_PROGRESS', false, '2026-02-13 13:31:25.327', '2026-02-13 13:31:25.327', 317, 305);
INSERT INTO public."Enrollment" (id, academic_year, result_status, is_carried, created_at, updated_at, student_id, material_id) VALUES (59, '2024-2025', 'IN_PROGRESS', false, '2026-02-13 13:31:25.328', '2026-02-13 13:31:25.328', 317, 306);
INSERT INTO public."Enrollment" (id, academic_year, result_status, is_carried, created_at, updated_at, student_id, material_id) VALUES (60, '2024-2025', 'IN_PROGRESS', false, '2026-02-13 13:31:25.329', '2026-02-13 13:31:25.329', 317, 307);
INSERT INTO public."Enrollment" (id, academic_year, result_status, is_carried, created_at, updated_at, student_id, material_id) VALUES (61, '2024-2025', 'IN_PROGRESS', false, '2026-02-13 13:31:25.33', '2026-02-13 13:31:25.33', 317, 336);
INSERT INTO public."Enrollment" (id, academic_year, result_status, is_carried, created_at, updated_at, student_id, material_id) VALUES (62, '2024-2025', 'IN_PROGRESS', false, '2026-02-13 13:31:25.332', '2026-02-13 13:31:25.332', 317, 337);
INSERT INTO public."Enrollment" (id, academic_year, result_status, is_carried, created_at, updated_at, student_id, material_id) VALUES (63, '2024-2025', 'IN_PROGRESS', false, '2026-02-13 13:31:25.333', '2026-02-13 13:31:25.333', 317, 338);
INSERT INTO public."Enrollment" (id, academic_year, result_status, is_carried, created_at, updated_at, student_id, material_id) VALUES (64, '2024-2025', 'IN_PROGRESS', false, '2026-02-13 13:31:25.334', '2026-02-13 13:31:25.334', 317, 339);
INSERT INTO public."Enrollment" (id, academic_year, result_status, is_carried, created_at, updated_at, student_id, material_id) VALUES (65, '2024-2025', 'IN_PROGRESS', false, '2026-02-13 13:31:25.335', '2026-02-13 13:31:25.335', 317, 340);
INSERT INTO public."Enrollment" (id, academic_year, result_status, is_carried, created_at, updated_at, student_id, material_id) VALUES (66, '2024-2025', 'IN_PROGRESS', false, '2026-02-13 13:31:25.337', '2026-02-13 13:31:25.337', 317, 341);
INSERT INTO public."Enrollment" (id, academic_year, result_status, is_carried, created_at, updated_at, student_id, material_id) VALUES (67, '2024-2025', 'IN_PROGRESS', false, '2026-02-13 13:31:25.338', '2026-02-13 13:31:25.338', 317, 342);
INSERT INTO public."Enrollment" (id, academic_year, result_status, is_carried, created_at, updated_at, student_id, material_id) VALUES (68, '2024-2025', 'IN_PROGRESS', false, '2026-02-13 13:31:25.339', '2026-02-13 13:31:25.339', 317, 343);
INSERT INTO public."Enrollment" (id, academic_year, result_status, is_carried, created_at, updated_at, student_id, material_id) VALUES (69, '2024-2025', 'IN_PROGRESS', false, '2026-02-13 13:31:25.34', '2026-02-13 13:31:25.34', 317, 344);
INSERT INTO public."Enrollment" (id, academic_year, result_status, is_carried, created_at, updated_at, student_id, material_id) VALUES (70, '2024-2025', 'IN_PROGRESS', false, '2026-02-13 13:31:25.341', '2026-02-13 13:31:25.341', 317, 345);
INSERT INTO public."Enrollment" (id, academic_year, result_status, is_carried, created_at, updated_at, student_id, material_id) VALUES (71, '2024-2025', 'IN_PROGRESS', false, '2026-02-13 13:31:25.343', '2026-02-13 13:31:25.343', 317, 372);
INSERT INTO public."Enrollment" (id, academic_year, result_status, is_carried, created_at, updated_at, student_id, material_id) VALUES (72, '2024-2025', 'IN_PROGRESS', false, '2026-02-13 13:31:25.345', '2026-02-13 13:31:25.345', 317, 373);
INSERT INTO public."Enrollment" (id, academic_year, result_status, is_carried, created_at, updated_at, student_id, material_id) VALUES (73, '2024-2025', 'IN_PROGRESS', false, '2026-02-13 13:31:25.346', '2026-02-13 13:31:25.346', 317, 374);
INSERT INTO public."Enrollment" (id, academic_year, result_status, is_carried, created_at, updated_at, student_id, material_id) VALUES (74, '2024-2025', 'IN_PROGRESS', false, '2026-02-13 13:31:25.348', '2026-02-13 13:31:25.348', 317, 375);
INSERT INTO public."Enrollment" (id, academic_year, result_status, is_carried, created_at, updated_at, student_id, material_id) VALUES (75, '2024-2025', 'IN_PROGRESS', false, '2026-02-13 13:31:25.349', '2026-02-13 13:31:25.349', 317, 376);
INSERT INTO public."Enrollment" (id, academic_year, result_status, is_carried, created_at, updated_at, student_id, material_id) VALUES (76, '2024-2025', 'IN_PROGRESS', false, '2026-02-13 13:31:25.351', '2026-02-13 13:31:25.351', 317, 377);
INSERT INTO public."Enrollment" (id, academic_year, result_status, is_carried, created_at, updated_at, student_id, material_id) VALUES (77, '2024-2025', 'IN_PROGRESS', false, '2026-02-13 13:31:25.352', '2026-02-13 13:31:25.352', 317, 378);
INSERT INTO public."Enrollment" (id, academic_year, result_status, is_carried, created_at, updated_at, student_id, material_id) VALUES (78, '2024-2025', 'IN_PROGRESS', false, '2026-02-13 13:31:25.354', '2026-02-13 13:31:25.354', 317, 379);
INSERT INTO public."Enrollment" (id, academic_year, result_status, is_carried, created_at, updated_at, student_id, material_id) VALUES (79, '2024-2025', 'IN_PROGRESS', false, '2026-02-13 13:31:25.355', '2026-02-13 13:31:25.355', 317, 380);
INSERT INTO public."Enrollment" (id, academic_year, result_status, is_carried, created_at, updated_at, student_id, material_id) VALUES (140, '2024-2025', 'PASSED', false, '2026-02-14 21:00:36.348', '2026-02-14 21:01:01.11', 238, 254);
INSERT INTO public."Enrollment" (id, academic_year, result_status, is_carried, created_at, updated_at, student_id, material_id) VALUES (139, '2024-2025', 'PASSED', false, '2026-02-14 21:00:36.346', '2026-02-14 21:01:01.114', 238, 250);
INSERT INTO public."Enrollment" (id, academic_year, result_status, is_carried, created_at, updated_at, student_id, material_id) VALUES (138, '2024-2025', 'FAILED', false, '2026-02-14 21:00:36.344', '2026-02-14 21:01:01.116', 238, 255);
INSERT INTO public."Enrollment" (id, academic_year, result_status, is_carried, created_at, updated_at, student_id, material_id) VALUES (137, '2024-2025', 'PASSED', false, '2026-02-14 21:00:36.342', '2026-02-14 21:01:01.119', 238, 246);
INSERT INTO public."Enrollment" (id, academic_year, result_status, is_carried, created_at, updated_at, student_id, material_id) VALUES (136, '2024-2025', 'PASSED', false, '2026-02-14 21:00:36.339', '2026-02-14 21:01:01.121', 238, 247);
INSERT INTO public."Enrollment" (id, academic_year, result_status, is_carried, created_at, updated_at, student_id, material_id) VALUES (135, '2024-2025', 'PASSED', false, '2026-02-14 21:00:36.334', '2026-02-14 21:01:01.123', 238, 252);
INSERT INTO public."Enrollment" (id, academic_year, result_status, is_carried, created_at, updated_at, student_id, material_id) VALUES (134, '2024-2025', 'PASSED', false, '2026-02-14 21:00:36.333', '2026-02-14 21:01:01.124', 238, 248);
INSERT INTO public."Enrollment" (id, academic_year, result_status, is_carried, created_at, updated_at, student_id, material_id) VALUES (133, '2024-2025', 'PASSED', false, '2026-02-14 21:00:36.33', '2026-02-14 21:01:01.125', 238, 253);
INSERT INTO public."Enrollment" (id, academic_year, result_status, is_carried, created_at, updated_at, student_id, material_id) VALUES (132, '2024-2025', 'FAILED', false, '2026-02-14 21:00:36.328', '2026-02-14 21:01:01.126', 238, 249);
INSERT INTO public."Enrollment" (id, academic_year, result_status, is_carried, created_at, updated_at, student_id, material_id) VALUES (131, '2024-2025', 'PASSED', false, '2026-02-14 21:00:36.325', '2026-02-14 21:01:01.127', 238, 251);
INSERT INTO public."Enrollment" (id, academic_year, result_status, is_carried, created_at, updated_at, student_id, material_id) VALUES (130, '2024-2025', 'PASSED', false, '2026-02-14 21:00:36.305', '2026-02-14 21:01:01.128', 238, 245);
INSERT INTO public."Enrollment" (id, academic_year, result_status, is_carried, created_at, updated_at, student_id, material_id) VALUES (146, '2025-2024', 'PASSED', false, '2026-02-14 21:19:50.58', '2026-02-14 21:20:14.965', 237, 252);
INSERT INTO public."Enrollment" (id, academic_year, result_status, is_carried, created_at, updated_at, student_id, material_id) VALUES (145, '2025-2024', 'PASSED', false, '2026-02-14 21:19:50.576', '2026-02-14 21:20:14.967', 237, 248);
INSERT INTO public."Enrollment" (id, academic_year, result_status, is_carried, created_at, updated_at, student_id, material_id) VALUES (144, '2025-2024', 'PASSED', false, '2026-02-14 21:19:50.574', '2026-02-14 21:20:14.97', 237, 253);
INSERT INTO public."Enrollment" (id, academic_year, result_status, is_carried, created_at, updated_at, student_id, material_id) VALUES (143, '2025-2024', 'PASSED', false, '2026-02-14 21:19:50.571', '2026-02-14 21:20:14.972', 237, 249);
INSERT INTO public."Enrollment" (id, academic_year, result_status, is_carried, created_at, updated_at, student_id, material_id) VALUES (142, '2025-2024', 'PASSED', false, '2026-02-14 21:19:50.566', '2026-02-14 21:20:14.973', 237, 251);
INSERT INTO public."Enrollment" (id, academic_year, result_status, is_carried, created_at, updated_at, student_id, material_id) VALUES (141, '2025-2024', 'PASSED', false, '2026-02-14 21:19:50.56', '2026-02-14 21:20:14.976', 237, 245);
INSERT INTO public."Enrollment" (id, academic_year, result_status, is_carried, created_at, updated_at, student_id, material_id) VALUES (151, '2025-2024', 'PASSED', false, '2026-02-14 21:19:50.595', '2026-02-14 21:20:14.946', 237, 254);
INSERT INTO public."Enrollment" (id, academic_year, result_status, is_carried, created_at, updated_at, student_id, material_id) VALUES (150, '2025-2024', 'PASSED', false, '2026-02-14 21:19:50.594', '2026-02-14 21:20:14.954', 237, 250);
INSERT INTO public."Enrollment" (id, academic_year, result_status, is_carried, created_at, updated_at, student_id, material_id) VALUES (149, '2025-2024', 'PASSED', false, '2026-02-14 21:19:50.592', '2026-02-14 21:20:14.955', 237, 255);
INSERT INTO public."Enrollment" (id, academic_year, result_status, is_carried, created_at, updated_at, student_id, material_id) VALUES (148, '2025-2024', 'PASSED', false, '2026-02-14 21:19:50.589', '2026-02-14 21:20:14.956', 237, 246);
INSERT INTO public."Enrollment" (id, academic_year, result_status, is_carried, created_at, updated_at, student_id, material_id) VALUES (147, '2025-2024', 'PASSED', false, '2026-02-14 21:19:50.584', '2026-02-14 21:20:14.958', 237, 247);
INSERT INTO public."Enrollment" (id, academic_year, result_status, is_carried, created_at, updated_at, student_id, material_id) VALUES (162, '2024-2025', 'PASSED', false, '2026-02-14 21:23:34.247', '2026-02-14 21:23:54.713', 237, 254);
INSERT INTO public."Enrollment" (id, academic_year, result_status, is_carried, created_at, updated_at, student_id, material_id) VALUES (161, '2024-2025', 'PASSED', false, '2026-02-14 21:23:34.243', '2026-02-14 21:23:54.715', 237, 250);
INSERT INTO public."Enrollment" (id, academic_year, result_status, is_carried, created_at, updated_at, student_id, material_id) VALUES (160, '2024-2025', 'PASSED', false, '2026-02-14 21:23:34.24', '2026-02-14 21:23:54.716', 237, 255);
INSERT INTO public."Enrollment" (id, academic_year, result_status, is_carried, created_at, updated_at, student_id, material_id) VALUES (159, '2024-2025', 'PASSED', false, '2026-02-14 21:23:34.238', '2026-02-14 21:23:54.717', 237, 246);
INSERT INTO public."Enrollment" (id, academic_year, result_status, is_carried, created_at, updated_at, student_id, material_id) VALUES (158, '2024-2025', 'PASSED', false, '2026-02-14 21:23:34.236', '2026-02-14 21:23:54.718', 237, 247);
INSERT INTO public."Enrollment" (id, academic_year, result_status, is_carried, created_at, updated_at, student_id, material_id) VALUES (157, '2024-2025', 'PASSED', false, '2026-02-14 21:23:34.235', '2026-02-14 21:23:54.718', 237, 252);
INSERT INTO public."Enrollment" (id, academic_year, result_status, is_carried, created_at, updated_at, student_id, material_id) VALUES (156, '2024-2025', 'PASSED', false, '2026-02-14 21:23:34.233', '2026-02-14 21:23:54.719', 237, 248);
INSERT INTO public."Enrollment" (id, academic_year, result_status, is_carried, created_at, updated_at, student_id, material_id) VALUES (155, '2024-2025', 'PASSED', false, '2026-02-14 21:23:34.231', '2026-02-14 21:23:54.721', 237, 253);
INSERT INTO public."Enrollment" (id, academic_year, result_status, is_carried, created_at, updated_at, student_id, material_id) VALUES (154, '2024-2025', 'PASSED', false, '2026-02-14 21:23:34.23', '2026-02-14 21:23:54.722', 237, 249);
INSERT INTO public."Enrollment" (id, academic_year, result_status, is_carried, created_at, updated_at, student_id, material_id) VALUES (153, '2024-2025', 'PASSED', false, '2026-02-14 21:23:34.227', '2026-02-14 21:23:54.723', 237, 251);
INSERT INTO public."Enrollment" (id, academic_year, result_status, is_carried, created_at, updated_at, student_id, material_id) VALUES (152, '2024-2025', 'PASSED', false, '2026-02-14 21:23:34.222', '2026-02-14 21:23:54.724', 237, 245);
INSERT INTO public."Enrollment" (id, academic_year, result_status, is_carried, created_at, updated_at, student_id, material_id) VALUES (163, '2025-2026', 'IN_PROGRESS', false, '2026-02-15 18:24:54.103', '2026-02-15 18:24:54.103', 238, 256);
INSERT INTO public."Enrollment" (id, academic_year, result_status, is_carried, created_at, updated_at, student_id, material_id) VALUES (164, '2025-2026', 'IN_PROGRESS', false, '2026-02-15 18:24:54.112', '2026-02-15 18:24:54.112', 238, 257);
INSERT INTO public."Enrollment" (id, academic_year, result_status, is_carried, created_at, updated_at, student_id, material_id) VALUES (165, '2025-2026', 'IN_PROGRESS', false, '2026-02-15 18:24:54.115', '2026-02-15 18:24:54.115', 238, 258);
INSERT INTO public."Enrollment" (id, academic_year, result_status, is_carried, created_at, updated_at, student_id, material_id) VALUES (166, '2025-2026', 'IN_PROGRESS', false, '2026-02-15 18:24:54.118', '2026-02-15 18:24:54.118', 238, 259);
INSERT INTO public."Enrollment" (id, academic_year, result_status, is_carried, created_at, updated_at, student_id, material_id) VALUES (167, '2025-2026', 'IN_PROGRESS', false, '2026-02-15 18:24:54.121', '2026-02-15 18:24:54.121', 238, 260);
INSERT INTO public."Enrollment" (id, academic_year, result_status, is_carried, created_at, updated_at, student_id, material_id) VALUES (168, '2025-2026', 'IN_PROGRESS', false, '2026-02-15 18:24:54.122', '2026-02-15 18:24:54.122', 238, 261);
INSERT INTO public."Enrollment" (id, academic_year, result_status, is_carried, created_at, updated_at, student_id, material_id) VALUES (169, '2025-2026', 'IN_PROGRESS', false, '2026-02-15 18:24:54.125', '2026-02-15 18:24:54.125', 238, 262);
INSERT INTO public."Enrollment" (id, academic_year, result_status, is_carried, created_at, updated_at, student_id, material_id) VALUES (170, '2025-2026', 'IN_PROGRESS', false, '2026-02-15 18:24:54.127', '2026-02-15 18:24:54.127', 238, 263);
INSERT INTO public."Enrollment" (id, academic_year, result_status, is_carried, created_at, updated_at, student_id, material_id) VALUES (171, '2025-2026', 'IN_PROGRESS', false, '2026-02-15 18:24:54.129', '2026-02-15 18:24:54.129', 238, 264);
INSERT INTO public."Enrollment" (id, academic_year, result_status, is_carried, created_at, updated_at, student_id, material_id) VALUES (172, '2025-2026', 'IN_PROGRESS', false, '2026-02-15 18:24:54.131', '2026-02-15 18:24:54.131', 238, 265);
INSERT INTO public."Enrollment" (id, academic_year, result_status, is_carried, created_at, updated_at, student_id, material_id) VALUES (173, '2025-2026', 'IN_PROGRESS', false, '2026-02-15 18:24:54.132', '2026-02-15 18:24:54.132', 238, 298);
INSERT INTO public."Enrollment" (id, academic_year, result_status, is_carried, created_at, updated_at, student_id, material_id) VALUES (174, '2025-2026', 'IN_PROGRESS', false, '2026-02-15 18:24:54.134', '2026-02-15 18:24:54.134', 238, 299);
INSERT INTO public."Enrollment" (id, academic_year, result_status, is_carried, created_at, updated_at, student_id, material_id) VALUES (175, '2025-2026', 'IN_PROGRESS', false, '2026-02-15 18:24:54.136', '2026-02-15 18:24:54.136', 238, 300);
INSERT INTO public."Enrollment" (id, academic_year, result_status, is_carried, created_at, updated_at, student_id, material_id) VALUES (176, '2025-2026', 'IN_PROGRESS', false, '2026-02-15 18:24:54.144', '2026-02-15 18:24:54.144', 238, 301);
INSERT INTO public."Enrollment" (id, academic_year, result_status, is_carried, created_at, updated_at, student_id, material_id) VALUES (177, '2025-2026', 'IN_PROGRESS', false, '2026-02-15 18:24:54.147', '2026-02-15 18:24:54.147', 238, 302);
INSERT INTO public."Enrollment" (id, academic_year, result_status, is_carried, created_at, updated_at, student_id, material_id) VALUES (178, '2025-2026', 'IN_PROGRESS', false, '2026-02-15 18:24:54.15', '2026-02-15 18:24:54.15', 238, 303);
INSERT INTO public."Enrollment" (id, academic_year, result_status, is_carried, created_at, updated_at, student_id, material_id) VALUES (179, '2025-2026', 'IN_PROGRESS', false, '2026-02-15 18:24:54.152', '2026-02-15 18:24:54.152', 238, 304);
INSERT INTO public."Enrollment" (id, academic_year, result_status, is_carried, created_at, updated_at, student_id, material_id) VALUES (180, '2025-2026', 'IN_PROGRESS', false, '2026-02-15 18:24:54.154', '2026-02-15 18:24:54.154', 238, 305);
INSERT INTO public."Enrollment" (id, academic_year, result_status, is_carried, created_at, updated_at, student_id, material_id) VALUES (181, '2025-2026', 'IN_PROGRESS', false, '2026-02-15 18:24:54.156', '2026-02-15 18:24:54.156', 238, 306);
INSERT INTO public."Enrollment" (id, academic_year, result_status, is_carried, created_at, updated_at, student_id, material_id) VALUES (182, '2025-2026', 'IN_PROGRESS', false, '2026-02-15 18:24:54.158', '2026-02-15 18:24:54.158', 238, 307);
INSERT INTO public."Enrollment" (id, academic_year, result_status, is_carried, created_at, updated_at, student_id, material_id) VALUES (183, '2025-2026', 'IN_PROGRESS', false, '2026-02-15 18:24:54.16', '2026-02-15 18:24:54.16', 238, 336);
INSERT INTO public."Enrollment" (id, academic_year, result_status, is_carried, created_at, updated_at, student_id, material_id) VALUES (184, '2025-2026', 'IN_PROGRESS', false, '2026-02-15 18:24:54.162', '2026-02-15 18:24:54.162', 238, 337);
INSERT INTO public."Enrollment" (id, academic_year, result_status, is_carried, created_at, updated_at, student_id, material_id) VALUES (185, '2025-2026', 'IN_PROGRESS', false, '2026-02-15 18:24:54.164', '2026-02-15 18:24:54.164', 238, 338);
INSERT INTO public."Enrollment" (id, academic_year, result_status, is_carried, created_at, updated_at, student_id, material_id) VALUES (186, '2025-2026', 'IN_PROGRESS', false, '2026-02-15 18:24:54.166', '2026-02-15 18:24:54.166', 238, 339);
INSERT INTO public."Enrollment" (id, academic_year, result_status, is_carried, created_at, updated_at, student_id, material_id) VALUES (187, '2025-2026', 'IN_PROGRESS', false, '2026-02-15 18:24:54.168', '2026-02-15 18:24:54.168', 238, 340);
INSERT INTO public."Enrollment" (id, academic_year, result_status, is_carried, created_at, updated_at, student_id, material_id) VALUES (188, '2025-2026', 'IN_PROGRESS', false, '2026-02-15 18:24:54.171', '2026-02-15 18:24:54.171', 238, 341);
INSERT INTO public."Enrollment" (id, academic_year, result_status, is_carried, created_at, updated_at, student_id, material_id) VALUES (189, '2025-2026', 'IN_PROGRESS', false, '2026-02-15 18:24:54.173', '2026-02-15 18:24:54.173', 238, 342);
INSERT INTO public."Enrollment" (id, academic_year, result_status, is_carried, created_at, updated_at, student_id, material_id) VALUES (190, '2025-2026', 'IN_PROGRESS', false, '2026-02-15 18:24:54.175', '2026-02-15 18:24:54.175', 238, 343);
INSERT INTO public."Enrollment" (id, academic_year, result_status, is_carried, created_at, updated_at, student_id, material_id) VALUES (191, '2025-2026', 'IN_PROGRESS', false, '2026-02-15 18:24:54.176', '2026-02-15 18:24:54.176', 238, 344);
INSERT INTO public."Enrollment" (id, academic_year, result_status, is_carried, created_at, updated_at, student_id, material_id) VALUES (192, '2025-2026', 'IN_PROGRESS', false, '2026-02-15 18:24:54.178', '2026-02-15 18:24:54.178', 238, 345);
INSERT INTO public."Enrollment" (id, academic_year, result_status, is_carried, created_at, updated_at, student_id, material_id) VALUES (193, '2025-2026', 'IN_PROGRESS', false, '2026-02-15 18:24:54.18', '2026-02-15 18:24:54.18', 238, 372);
INSERT INTO public."Enrollment" (id, academic_year, result_status, is_carried, created_at, updated_at, student_id, material_id) VALUES (194, '2025-2026', 'IN_PROGRESS', false, '2026-02-15 18:24:54.182', '2026-02-15 18:24:54.182', 238, 373);
INSERT INTO public."Enrollment" (id, academic_year, result_status, is_carried, created_at, updated_at, student_id, material_id) VALUES (195, '2025-2026', 'IN_PROGRESS', false, '2026-02-15 18:24:54.185', '2026-02-15 18:24:54.185', 238, 374);
INSERT INTO public."Enrollment" (id, academic_year, result_status, is_carried, created_at, updated_at, student_id, material_id) VALUES (196, '2025-2026', 'IN_PROGRESS', false, '2026-02-15 18:24:54.186', '2026-02-15 18:24:54.186', 238, 375);
INSERT INTO public."Enrollment" (id, academic_year, result_status, is_carried, created_at, updated_at, student_id, material_id) VALUES (197, '2025-2026', 'IN_PROGRESS', false, '2026-02-15 18:24:54.188', '2026-02-15 18:24:54.188', 238, 376);
INSERT INTO public."Enrollment" (id, academic_year, result_status, is_carried, created_at, updated_at, student_id, material_id) VALUES (198, '2025-2026', 'IN_PROGRESS', false, '2026-02-15 18:24:54.19', '2026-02-15 18:24:54.19', 238, 377);
INSERT INTO public."Enrollment" (id, academic_year, result_status, is_carried, created_at, updated_at, student_id, material_id) VALUES (199, '2025-2026', 'IN_PROGRESS', false, '2026-02-15 18:24:54.192', '2026-02-15 18:24:54.192', 238, 378);
INSERT INTO public."Enrollment" (id, academic_year, result_status, is_carried, created_at, updated_at, student_id, material_id) VALUES (200, '2025-2026', 'IN_PROGRESS', false, '2026-02-15 18:24:54.194', '2026-02-15 18:24:54.194', 238, 379);
INSERT INTO public."Enrollment" (id, academic_year, result_status, is_carried, created_at, updated_at, student_id, material_id) VALUES (201, '2025-2026', 'IN_PROGRESS', false, '2026-02-15 18:24:54.196', '2026-02-15 18:24:54.196', 238, 380);
INSERT INTO public."Enrollment" (id, academic_year, result_status, is_carried, created_at, updated_at, student_id, material_id) VALUES (202, '2025-2026', 'IN_PROGRESS', true, '2026-02-15 18:24:54.199', '2026-02-15 18:24:54.199', 238, 255);
INSERT INTO public."Enrollment" (id, academic_year, result_status, is_carried, created_at, updated_at, student_id, material_id) VALUES (203, '2025-2026', 'IN_PROGRESS', true, '2026-02-15 18:24:54.201', '2026-02-15 18:24:54.201', 238, 249);
INSERT INTO public."Enrollment" (id, academic_year, result_status, is_carried, created_at, updated_at, student_id, material_id) VALUES (204, '2025-2026', 'IN_PROGRESS', false, '2026-02-15 18:24:54.237', '2026-02-15 18:24:54.237', 237, 256);
INSERT INTO public."Enrollment" (id, academic_year, result_status, is_carried, created_at, updated_at, student_id, material_id) VALUES (205, '2025-2026', 'IN_PROGRESS', false, '2026-02-15 18:24:54.239', '2026-02-15 18:24:54.239', 237, 257);
INSERT INTO public."Enrollment" (id, academic_year, result_status, is_carried, created_at, updated_at, student_id, material_id) VALUES (206, '2025-2026', 'IN_PROGRESS', false, '2026-02-15 18:24:54.242', '2026-02-15 18:24:54.242', 237, 258);
INSERT INTO public."Enrollment" (id, academic_year, result_status, is_carried, created_at, updated_at, student_id, material_id) VALUES (207, '2025-2026', 'IN_PROGRESS', false, '2026-02-15 18:24:54.244', '2026-02-15 18:24:54.244', 237, 259);
INSERT INTO public."Enrollment" (id, academic_year, result_status, is_carried, created_at, updated_at, student_id, material_id) VALUES (208, '2025-2026', 'IN_PROGRESS', false, '2026-02-15 18:24:54.246', '2026-02-15 18:24:54.246', 237, 260);
INSERT INTO public."Enrollment" (id, academic_year, result_status, is_carried, created_at, updated_at, student_id, material_id) VALUES (209, '2025-2026', 'IN_PROGRESS', false, '2026-02-15 18:24:54.248', '2026-02-15 18:24:54.248', 237, 261);
INSERT INTO public."Enrollment" (id, academic_year, result_status, is_carried, created_at, updated_at, student_id, material_id) VALUES (210, '2025-2026', 'IN_PROGRESS', false, '2026-02-15 18:24:54.25', '2026-02-15 18:24:54.25', 237, 262);
INSERT INTO public."Enrollment" (id, academic_year, result_status, is_carried, created_at, updated_at, student_id, material_id) VALUES (211, '2025-2026', 'IN_PROGRESS', false, '2026-02-15 18:24:54.252', '2026-02-15 18:24:54.252', 237, 263);
INSERT INTO public."Enrollment" (id, academic_year, result_status, is_carried, created_at, updated_at, student_id, material_id) VALUES (212, '2025-2026', 'IN_PROGRESS', false, '2026-02-15 18:24:54.255', '2026-02-15 18:24:54.255', 237, 264);
INSERT INTO public."Enrollment" (id, academic_year, result_status, is_carried, created_at, updated_at, student_id, material_id) VALUES (213, '2025-2026', 'IN_PROGRESS', false, '2026-02-15 18:24:54.257', '2026-02-15 18:24:54.257', 237, 265);
INSERT INTO public."Enrollment" (id, academic_year, result_status, is_carried, created_at, updated_at, student_id, material_id) VALUES (214, '2025-2026', 'IN_PROGRESS', false, '2026-02-15 18:24:54.259', '2026-02-15 18:24:54.259', 237, 298);
INSERT INTO public."Enrollment" (id, academic_year, result_status, is_carried, created_at, updated_at, student_id, material_id) VALUES (215, '2025-2026', 'IN_PROGRESS', false, '2026-02-15 18:24:54.261', '2026-02-15 18:24:54.261', 237, 299);
INSERT INTO public."Enrollment" (id, academic_year, result_status, is_carried, created_at, updated_at, student_id, material_id) VALUES (216, '2025-2026', 'IN_PROGRESS', false, '2026-02-15 18:24:54.263', '2026-02-15 18:24:54.263', 237, 300);
INSERT INTO public."Enrollment" (id, academic_year, result_status, is_carried, created_at, updated_at, student_id, material_id) VALUES (217, '2025-2026', 'IN_PROGRESS', false, '2026-02-15 18:24:54.265', '2026-02-15 18:24:54.265', 237, 301);
INSERT INTO public."Enrollment" (id, academic_year, result_status, is_carried, created_at, updated_at, student_id, material_id) VALUES (218, '2025-2026', 'IN_PROGRESS', false, '2026-02-15 18:24:54.267', '2026-02-15 18:24:54.267', 237, 302);
INSERT INTO public."Enrollment" (id, academic_year, result_status, is_carried, created_at, updated_at, student_id, material_id) VALUES (219, '2025-2026', 'IN_PROGRESS', false, '2026-02-15 18:24:54.269', '2026-02-15 18:24:54.269', 237, 303);
INSERT INTO public."Enrollment" (id, academic_year, result_status, is_carried, created_at, updated_at, student_id, material_id) VALUES (220, '2025-2026', 'IN_PROGRESS', false, '2026-02-15 18:24:54.271', '2026-02-15 18:24:54.271', 237, 304);
INSERT INTO public."Enrollment" (id, academic_year, result_status, is_carried, created_at, updated_at, student_id, material_id) VALUES (221, '2025-2026', 'IN_PROGRESS', false, '2026-02-15 18:24:54.273', '2026-02-15 18:24:54.273', 237, 305);
INSERT INTO public."Enrollment" (id, academic_year, result_status, is_carried, created_at, updated_at, student_id, material_id) VALUES (222, '2025-2026', 'IN_PROGRESS', false, '2026-02-15 18:24:54.275', '2026-02-15 18:24:54.275', 237, 306);
INSERT INTO public."Enrollment" (id, academic_year, result_status, is_carried, created_at, updated_at, student_id, material_id) VALUES (223, '2025-2026', 'IN_PROGRESS', false, '2026-02-15 18:24:54.277', '2026-02-15 18:24:54.277', 237, 307);
INSERT INTO public."Enrollment" (id, academic_year, result_status, is_carried, created_at, updated_at, student_id, material_id) VALUES (224, '2025-2026', 'IN_PROGRESS', false, '2026-02-15 18:24:54.279', '2026-02-15 18:24:54.279', 237, 336);
INSERT INTO public."Enrollment" (id, academic_year, result_status, is_carried, created_at, updated_at, student_id, material_id) VALUES (225, '2025-2026', 'IN_PROGRESS', false, '2026-02-15 18:24:54.282', '2026-02-15 18:24:54.282', 237, 337);
INSERT INTO public."Enrollment" (id, academic_year, result_status, is_carried, created_at, updated_at, student_id, material_id) VALUES (226, '2025-2026', 'IN_PROGRESS', false, '2026-02-15 18:24:54.284', '2026-02-15 18:24:54.284', 237, 338);
INSERT INTO public."Enrollment" (id, academic_year, result_status, is_carried, created_at, updated_at, student_id, material_id) VALUES (227, '2025-2026', 'IN_PROGRESS', false, '2026-02-15 18:24:54.291', '2026-02-15 18:24:54.291', 237, 339);
INSERT INTO public."Enrollment" (id, academic_year, result_status, is_carried, created_at, updated_at, student_id, material_id) VALUES (228, '2025-2026', 'IN_PROGRESS', false, '2026-02-15 18:24:54.295', '2026-02-15 18:24:54.295', 237, 340);
INSERT INTO public."Enrollment" (id, academic_year, result_status, is_carried, created_at, updated_at, student_id, material_id) VALUES (229, '2025-2026', 'IN_PROGRESS', false, '2026-02-15 18:24:54.297', '2026-02-15 18:24:54.297', 237, 341);
INSERT INTO public."Enrollment" (id, academic_year, result_status, is_carried, created_at, updated_at, student_id, material_id) VALUES (230, '2025-2026', 'IN_PROGRESS', false, '2026-02-15 18:24:54.299', '2026-02-15 18:24:54.299', 237, 342);
INSERT INTO public."Enrollment" (id, academic_year, result_status, is_carried, created_at, updated_at, student_id, material_id) VALUES (231, '2025-2026', 'IN_PROGRESS', false, '2026-02-15 18:24:54.301', '2026-02-15 18:24:54.301', 237, 343);
INSERT INTO public."Enrollment" (id, academic_year, result_status, is_carried, created_at, updated_at, student_id, material_id) VALUES (232, '2025-2026', 'IN_PROGRESS', false, '2026-02-15 18:24:54.302', '2026-02-15 18:24:54.302', 237, 344);
INSERT INTO public."Enrollment" (id, academic_year, result_status, is_carried, created_at, updated_at, student_id, material_id) VALUES (233, '2025-2026', 'IN_PROGRESS', false, '2026-02-15 18:24:54.304', '2026-02-15 18:24:54.304', 237, 345);
INSERT INTO public."Enrollment" (id, academic_year, result_status, is_carried, created_at, updated_at, student_id, material_id) VALUES (234, '2025-2026', 'IN_PROGRESS', false, '2026-02-15 18:24:54.307', '2026-02-15 18:24:54.307', 237, 372);
INSERT INTO public."Enrollment" (id, academic_year, result_status, is_carried, created_at, updated_at, student_id, material_id) VALUES (235, '2025-2026', 'IN_PROGRESS', false, '2026-02-15 18:24:54.309', '2026-02-15 18:24:54.309', 237, 373);
INSERT INTO public."Enrollment" (id, academic_year, result_status, is_carried, created_at, updated_at, student_id, material_id) VALUES (236, '2025-2026', 'IN_PROGRESS', false, '2026-02-15 18:24:54.311', '2026-02-15 18:24:54.311', 237, 374);
INSERT INTO public."Enrollment" (id, academic_year, result_status, is_carried, created_at, updated_at, student_id, material_id) VALUES (237, '2025-2026', 'IN_PROGRESS', false, '2026-02-15 18:24:54.313', '2026-02-15 18:24:54.313', 237, 375);
INSERT INTO public."Enrollment" (id, academic_year, result_status, is_carried, created_at, updated_at, student_id, material_id) VALUES (238, '2025-2026', 'IN_PROGRESS', false, '2026-02-15 18:24:54.315', '2026-02-15 18:24:54.315', 237, 376);
INSERT INTO public."Enrollment" (id, academic_year, result_status, is_carried, created_at, updated_at, student_id, material_id) VALUES (239, '2025-2026', 'IN_PROGRESS', false, '2026-02-15 18:24:54.317', '2026-02-15 18:24:54.317', 237, 377);
INSERT INTO public."Enrollment" (id, academic_year, result_status, is_carried, created_at, updated_at, student_id, material_id) VALUES (240, '2025-2026', 'IN_PROGRESS', false, '2026-02-15 18:24:54.319', '2026-02-15 18:24:54.319', 237, 378);
INSERT INTO public."Enrollment" (id, academic_year, result_status, is_carried, created_at, updated_at, student_id, material_id) VALUES (241, '2025-2026', 'IN_PROGRESS', false, '2026-02-15 18:24:54.32', '2026-02-15 18:24:54.32', 237, 379);
INSERT INTO public."Enrollment" (id, academic_year, result_status, is_carried, created_at, updated_at, student_id, material_id) VALUES (242, '2025-2026', 'IN_PROGRESS', false, '2026-02-15 18:24:54.322', '2026-02-15 18:24:54.322', 237, 380);
INSERT INTO public."Enrollment" (id, academic_year, result_status, is_carried, created_at, updated_at, student_id, material_id) VALUES (243, '2025-2026', 'IN_PROGRESS', false, '2026-02-15 18:24:54.353', '2026-02-15 18:24:54.353', 317, 266);
INSERT INTO public."Enrollment" (id, academic_year, result_status, is_carried, created_at, updated_at, student_id, material_id) VALUES (244, '2025-2026', 'IN_PROGRESS', false, '2026-02-15 18:24:54.355', '2026-02-15 18:24:54.355', 317, 267);
INSERT INTO public."Enrollment" (id, academic_year, result_status, is_carried, created_at, updated_at, student_id, material_id) VALUES (245, '2025-2026', 'IN_PROGRESS', false, '2026-02-15 18:24:54.356', '2026-02-15 18:24:54.356', 317, 268);
INSERT INTO public."Enrollment" (id, academic_year, result_status, is_carried, created_at, updated_at, student_id, material_id) VALUES (246, '2025-2026', 'IN_PROGRESS', false, '2026-02-15 18:24:54.359', '2026-02-15 18:24:54.359', 317, 269);
INSERT INTO public."Enrollment" (id, academic_year, result_status, is_carried, created_at, updated_at, student_id, material_id) VALUES (247, '2025-2026', 'IN_PROGRESS', false, '2026-02-15 18:24:54.362', '2026-02-15 18:24:54.362', 317, 270);
INSERT INTO public."Enrollment" (id, academic_year, result_status, is_carried, created_at, updated_at, student_id, material_id) VALUES (248, '2025-2026', 'IN_PROGRESS', false, '2026-02-15 18:24:54.364', '2026-02-15 18:24:54.364', 317, 271);
INSERT INTO public."Enrollment" (id, academic_year, result_status, is_carried, created_at, updated_at, student_id, material_id) VALUES (249, '2025-2026', 'IN_PROGRESS', false, '2026-02-15 18:24:54.366', '2026-02-15 18:24:54.366', 317, 272);
INSERT INTO public."Enrollment" (id, academic_year, result_status, is_carried, created_at, updated_at, student_id, material_id) VALUES (250, '2025-2026', 'IN_PROGRESS', false, '2026-02-15 18:24:54.371', '2026-02-15 18:24:54.371', 317, 273);
INSERT INTO public."Enrollment" (id, academic_year, result_status, is_carried, created_at, updated_at, student_id, material_id) VALUES (251, '2025-2026', 'IN_PROGRESS', false, '2026-02-15 18:24:54.373', '2026-02-15 18:24:54.373', 317, 274);
INSERT INTO public."Enrollment" (id, academic_year, result_status, is_carried, created_at, updated_at, student_id, material_id) VALUES (252, '2025-2026', 'IN_PROGRESS', false, '2026-02-15 18:24:54.375', '2026-02-15 18:24:54.375', 317, 275);
INSERT INTO public."Enrollment" (id, academic_year, result_status, is_carried, created_at, updated_at, student_id, material_id) VALUES (253, '2025-2026', 'IN_PROGRESS', false, '2026-02-15 18:24:54.377', '2026-02-15 18:24:54.377', 317, 276);
INSERT INTO public."Enrollment" (id, academic_year, result_status, is_carried, created_at, updated_at, student_id, material_id) VALUES (254, '2025-2026', 'IN_PROGRESS', false, '2026-02-15 18:24:54.379', '2026-02-15 18:24:54.379', 317, 308);
INSERT INTO public."Enrollment" (id, academic_year, result_status, is_carried, created_at, updated_at, student_id, material_id) VALUES (255, '2025-2026', 'IN_PROGRESS', false, '2026-02-15 18:24:54.381', '2026-02-15 18:24:54.381', 317, 309);
INSERT INTO public."Enrollment" (id, academic_year, result_status, is_carried, created_at, updated_at, student_id, material_id) VALUES (256, '2025-2026', 'IN_PROGRESS', false, '2026-02-15 18:24:54.383', '2026-02-15 18:24:54.383', 317, 310);
INSERT INTO public."Enrollment" (id, academic_year, result_status, is_carried, created_at, updated_at, student_id, material_id) VALUES (257, '2025-2026', 'IN_PROGRESS', false, '2026-02-15 18:24:54.384', '2026-02-15 18:24:54.384', 317, 311);
INSERT INTO public."Enrollment" (id, academic_year, result_status, is_carried, created_at, updated_at, student_id, material_id) VALUES (258, '2025-2026', 'IN_PROGRESS', false, '2026-02-15 18:24:54.386', '2026-02-15 18:24:54.386', 317, 312);
INSERT INTO public."Enrollment" (id, academic_year, result_status, is_carried, created_at, updated_at, student_id, material_id) VALUES (259, '2025-2026', 'IN_PROGRESS', false, '2026-02-15 18:24:54.388', '2026-02-15 18:24:54.388', 317, 313);
INSERT INTO public."Enrollment" (id, academic_year, result_status, is_carried, created_at, updated_at, student_id, material_id) VALUES (260, '2025-2026', 'IN_PROGRESS', false, '2026-02-15 18:24:54.39', '2026-02-15 18:24:54.39', 317, 314);
INSERT INTO public."Enrollment" (id, academic_year, result_status, is_carried, created_at, updated_at, student_id, material_id) VALUES (261, '2025-2026', 'IN_PROGRESS', false, '2026-02-15 18:24:54.392', '2026-02-15 18:24:54.392', 317, 315);
INSERT INTO public."Enrollment" (id, academic_year, result_status, is_carried, created_at, updated_at, student_id, material_id) VALUES (262, '2025-2026', 'IN_PROGRESS', false, '2026-02-15 18:24:54.394', '2026-02-15 18:24:54.394', 317, 316);
INSERT INTO public."Enrollment" (id, academic_year, result_status, is_carried, created_at, updated_at, student_id, material_id) VALUES (263, '2025-2026', 'IN_PROGRESS', false, '2026-02-15 18:24:54.396', '2026-02-15 18:24:54.396', 317, 317);
INSERT INTO public."Enrollment" (id, academic_year, result_status, is_carried, created_at, updated_at, student_id, material_id) VALUES (264, '2025-2026', 'IN_PROGRESS', false, '2026-02-15 18:24:54.398', '2026-02-15 18:24:54.398', 317, 346);
INSERT INTO public."Enrollment" (id, academic_year, result_status, is_carried, created_at, updated_at, student_id, material_id) VALUES (265, '2025-2026', 'IN_PROGRESS', false, '2026-02-15 18:24:54.4', '2026-02-15 18:24:54.4', 317, 347);
INSERT INTO public."Enrollment" (id, academic_year, result_status, is_carried, created_at, updated_at, student_id, material_id) VALUES (266, '2025-2026', 'IN_PROGRESS', false, '2026-02-15 18:24:54.402', '2026-02-15 18:24:54.402', 317, 348);
INSERT INTO public."Enrollment" (id, academic_year, result_status, is_carried, created_at, updated_at, student_id, material_id) VALUES (267, '2025-2026', 'IN_PROGRESS', false, '2026-02-15 18:24:54.409', '2026-02-15 18:24:54.409', 317, 349);
INSERT INTO public."Enrollment" (id, academic_year, result_status, is_carried, created_at, updated_at, student_id, material_id) VALUES (268, '2025-2026', 'IN_PROGRESS', false, '2026-02-15 18:24:54.413', '2026-02-15 18:24:54.413', 317, 350);
INSERT INTO public."Enrollment" (id, academic_year, result_status, is_carried, created_at, updated_at, student_id, material_id) VALUES (269, '2025-2026', 'IN_PROGRESS', false, '2026-02-15 18:24:54.415', '2026-02-15 18:24:54.415', 317, 351);
INSERT INTO public."Enrollment" (id, academic_year, result_status, is_carried, created_at, updated_at, student_id, material_id) VALUES (270, '2025-2026', 'IN_PROGRESS', false, '2026-02-15 18:24:54.416', '2026-02-15 18:24:54.416', 317, 352);
INSERT INTO public."Enrollment" (id, academic_year, result_status, is_carried, created_at, updated_at, student_id, material_id) VALUES (271, '2025-2026', 'IN_PROGRESS', false, '2026-02-15 18:24:54.418', '2026-02-15 18:24:54.418', 317, 353);
INSERT INTO public."Enrollment" (id, academic_year, result_status, is_carried, created_at, updated_at, student_id, material_id) VALUES (272, '2025-2026', 'IN_PROGRESS', false, '2026-02-15 18:24:54.42', '2026-02-15 18:24:54.42', 317, 354);
INSERT INTO public."Enrollment" (id, academic_year, result_status, is_carried, created_at, updated_at, student_id, material_id) VALUES (273, '2025-2026', 'IN_PROGRESS', false, '2026-02-15 18:24:54.422', '2026-02-15 18:24:54.422', 317, 381);
INSERT INTO public."Enrollment" (id, academic_year, result_status, is_carried, created_at, updated_at, student_id, material_id) VALUES (274, '2025-2026', 'IN_PROGRESS', false, '2026-02-15 18:24:54.424', '2026-02-15 18:24:54.424', 317, 382);
INSERT INTO public."Enrollment" (id, academic_year, result_status, is_carried, created_at, updated_at, student_id, material_id) VALUES (275, '2025-2026', 'IN_PROGRESS', false, '2026-02-15 18:24:54.426', '2026-02-15 18:24:54.426', 317, 383);
INSERT INTO public."Enrollment" (id, academic_year, result_status, is_carried, created_at, updated_at, student_id, material_id) VALUES (276, '2025-2026', 'IN_PROGRESS', false, '2026-02-15 18:24:54.428', '2026-02-15 18:24:54.428', 317, 384);
INSERT INTO public."Enrollment" (id, academic_year, result_status, is_carried, created_at, updated_at, student_id, material_id) VALUES (277, '2025-2026', 'IN_PROGRESS', false, '2026-02-15 18:24:54.43', '2026-02-15 18:24:54.43', 317, 385);
INSERT INTO public."Enrollment" (id, academic_year, result_status, is_carried, created_at, updated_at, student_id, material_id) VALUES (278, '2025-2026', 'IN_PROGRESS', false, '2026-02-15 18:24:54.432', '2026-02-15 18:24:54.432', 317, 386);
INSERT INTO public."Enrollment" (id, academic_year, result_status, is_carried, created_at, updated_at, student_id, material_id) VALUES (279, '2025-2026', 'IN_PROGRESS', false, '2026-02-15 18:24:54.434', '2026-02-15 18:24:54.434', 317, 387);
INSERT INTO public."Enrollment" (id, academic_year, result_status, is_carried, created_at, updated_at, student_id, material_id) VALUES (280, '2025-2026', 'IN_PROGRESS', false, '2026-02-15 18:24:54.435', '2026-02-15 18:24:54.435', 317, 388);
INSERT INTO public."Enrollment" (id, academic_year, result_status, is_carried, created_at, updated_at, student_id, material_id) VALUES (281, '2025-2026', 'IN_PROGRESS', false, '2026-02-15 18:24:54.437', '2026-02-15 18:24:54.437', 317, 389);
INSERT INTO public."Enrollment" (id, academic_year, result_status, is_carried, created_at, updated_at, student_id, material_id) VALUES (292, '2024-2025', 'PASSED', false, '2026-02-15 18:25:29.464', '2026-02-15 18:26:02.251', 239, 254);
INSERT INTO public."Enrollment" (id, academic_year, result_status, is_carried, created_at, updated_at, student_id, material_id) VALUES (291, '2024-2025', 'PASSED', false, '2026-02-15 18:25:29.456', '2026-02-15 18:26:02.266', 239, 250);
INSERT INTO public."Enrollment" (id, academic_year, result_status, is_carried, created_at, updated_at, student_id, material_id) VALUES (290, '2024-2025', 'PASSED', false, '2026-02-15 18:25:29.451', '2026-02-15 18:26:02.271', 239, 255);
INSERT INTO public."Enrollment" (id, academic_year, result_status, is_carried, created_at, updated_at, student_id, material_id) VALUES (289, '2024-2025', 'PASSED', false, '2026-02-15 18:25:29.445', '2026-02-15 18:26:02.274', 239, 246);
INSERT INTO public."Enrollment" (id, academic_year, result_status, is_carried, created_at, updated_at, student_id, material_id) VALUES (288, '2024-2025', 'PASSED', false, '2026-02-15 18:25:29.438', '2026-02-15 18:26:02.279', 239, 247);
INSERT INTO public."Enrollment" (id, academic_year, result_status, is_carried, created_at, updated_at, student_id, material_id) VALUES (287, '2024-2025', 'PASSED', false, '2026-02-15 18:25:29.432', '2026-02-15 18:26:02.282', 239, 252);
INSERT INTO public."Enrollment" (id, academic_year, result_status, is_carried, created_at, updated_at, student_id, material_id) VALUES (286, '2024-2025', 'FAILED', false, '2026-02-15 18:25:29.426', '2026-02-15 18:26:02.286', 239, 248);
INSERT INTO public."Enrollment" (id, academic_year, result_status, is_carried, created_at, updated_at, student_id, material_id) VALUES (285, '2024-2025', 'PASSED', false, '2026-02-15 18:25:29.42', '2026-02-15 18:26:02.291', 239, 253);
INSERT INTO public."Enrollment" (id, academic_year, result_status, is_carried, created_at, updated_at, student_id, material_id) VALUES (284, '2024-2025', 'PASSED', false, '2026-02-15 18:25:29.412', '2026-02-15 18:26:02.295', 239, 249);
INSERT INTO public."Enrollment" (id, academic_year, result_status, is_carried, created_at, updated_at, student_id, material_id) VALUES (283, '2024-2025', 'PASSED', false, '2026-02-15 18:25:29.404', '2026-02-15 18:26:02.298', 239, 251);
INSERT INTO public."Enrollment" (id, academic_year, result_status, is_carried, created_at, updated_at, student_id, material_id) VALUES (282, '2024-2025', 'PASSED', false, '2026-02-15 18:25:29.388', '2026-02-15 18:26:02.301', 239, 245);
INSERT INTO public."Enrollment" (id, academic_year, result_status, is_carried, created_at, updated_at, student_id, material_id) VALUES (293, '2025-2026', 'IN_PROGRESS', false, '2026-02-15 18:28:17.716', '2026-02-15 18:28:17.716', 239, 256);
INSERT INTO public."Enrollment" (id, academic_year, result_status, is_carried, created_at, updated_at, student_id, material_id) VALUES (294, '2025-2026', 'IN_PROGRESS', false, '2026-02-15 18:28:17.724', '2026-02-15 18:28:17.724', 239, 257);
INSERT INTO public."Enrollment" (id, academic_year, result_status, is_carried, created_at, updated_at, student_id, material_id) VALUES (295, '2025-2026', 'IN_PROGRESS', false, '2026-02-15 18:28:17.728', '2026-02-15 18:28:17.728', 239, 258);
INSERT INTO public."Enrollment" (id, academic_year, result_status, is_carried, created_at, updated_at, student_id, material_id) VALUES (296, '2025-2026', 'IN_PROGRESS', false, '2026-02-15 18:28:17.73', '2026-02-15 18:28:17.73', 239, 259);
INSERT INTO public."Enrollment" (id, academic_year, result_status, is_carried, created_at, updated_at, student_id, material_id) VALUES (297, '2025-2026', 'IN_PROGRESS', false, '2026-02-15 18:28:17.733', '2026-02-15 18:28:17.733', 239, 260);
INSERT INTO public."Enrollment" (id, academic_year, result_status, is_carried, created_at, updated_at, student_id, material_id) VALUES (298, '2025-2026', 'IN_PROGRESS', false, '2026-02-15 18:28:17.735', '2026-02-15 18:28:17.735', 239, 261);
INSERT INTO public."Enrollment" (id, academic_year, result_status, is_carried, created_at, updated_at, student_id, material_id) VALUES (299, '2025-2026', 'IN_PROGRESS', false, '2026-02-15 18:28:17.737', '2026-02-15 18:28:17.737', 239, 262);
INSERT INTO public."Enrollment" (id, academic_year, result_status, is_carried, created_at, updated_at, student_id, material_id) VALUES (300, '2025-2026', 'IN_PROGRESS', false, '2026-02-15 18:28:17.74', '2026-02-15 18:28:17.74', 239, 263);
INSERT INTO public."Enrollment" (id, academic_year, result_status, is_carried, created_at, updated_at, student_id, material_id) VALUES (301, '2025-2026', 'IN_PROGRESS', false, '2026-02-15 18:28:17.743', '2026-02-15 18:28:17.743', 239, 264);
INSERT INTO public."Enrollment" (id, academic_year, result_status, is_carried, created_at, updated_at, student_id, material_id) VALUES (302, '2025-2026', 'IN_PROGRESS', false, '2026-02-15 18:28:17.746', '2026-02-15 18:28:17.746', 239, 265);
INSERT INTO public."Enrollment" (id, academic_year, result_status, is_carried, created_at, updated_at, student_id, material_id) VALUES (303, '2025-2026', 'IN_PROGRESS', false, '2026-02-15 18:28:17.748', '2026-02-15 18:28:17.748', 239, 298);
INSERT INTO public."Enrollment" (id, academic_year, result_status, is_carried, created_at, updated_at, student_id, material_id) VALUES (304, '2025-2026', 'IN_PROGRESS', false, '2026-02-15 18:28:17.75', '2026-02-15 18:28:17.75', 239, 299);
INSERT INTO public."Enrollment" (id, academic_year, result_status, is_carried, created_at, updated_at, student_id, material_id) VALUES (305, '2025-2026', 'IN_PROGRESS', false, '2026-02-15 18:28:17.753', '2026-02-15 18:28:17.753', 239, 300);
INSERT INTO public."Enrollment" (id, academic_year, result_status, is_carried, created_at, updated_at, student_id, material_id) VALUES (306, '2025-2026', 'IN_PROGRESS', false, '2026-02-15 18:28:17.755', '2026-02-15 18:28:17.755', 239, 301);
INSERT INTO public."Enrollment" (id, academic_year, result_status, is_carried, created_at, updated_at, student_id, material_id) VALUES (307, '2025-2026', 'IN_PROGRESS', false, '2026-02-15 18:28:17.757', '2026-02-15 18:28:17.757', 239, 302);
INSERT INTO public."Enrollment" (id, academic_year, result_status, is_carried, created_at, updated_at, student_id, material_id) VALUES (308, '2025-2026', 'IN_PROGRESS', false, '2026-02-15 18:28:17.759', '2026-02-15 18:28:17.759', 239, 303);
INSERT INTO public."Enrollment" (id, academic_year, result_status, is_carried, created_at, updated_at, student_id, material_id) VALUES (309, '2025-2026', 'IN_PROGRESS', false, '2026-02-15 18:28:17.762', '2026-02-15 18:28:17.762', 239, 304);
INSERT INTO public."Enrollment" (id, academic_year, result_status, is_carried, created_at, updated_at, student_id, material_id) VALUES (310, '2025-2026', 'IN_PROGRESS', false, '2026-02-15 18:28:17.764', '2026-02-15 18:28:17.764', 239, 305);
INSERT INTO public."Enrollment" (id, academic_year, result_status, is_carried, created_at, updated_at, student_id, material_id) VALUES (311, '2025-2026', 'IN_PROGRESS', false, '2026-02-15 18:28:17.766', '2026-02-15 18:28:17.766', 239, 306);
INSERT INTO public."Enrollment" (id, academic_year, result_status, is_carried, created_at, updated_at, student_id, material_id) VALUES (312, '2025-2026', 'IN_PROGRESS', false, '2026-02-15 18:28:17.769', '2026-02-15 18:28:17.769', 239, 307);
INSERT INTO public."Enrollment" (id, academic_year, result_status, is_carried, created_at, updated_at, student_id, material_id) VALUES (313, '2025-2026', 'IN_PROGRESS', false, '2026-02-15 18:28:17.771', '2026-02-15 18:28:17.771', 239, 336);
INSERT INTO public."Enrollment" (id, academic_year, result_status, is_carried, created_at, updated_at, student_id, material_id) VALUES (314, '2025-2026', 'IN_PROGRESS', false, '2026-02-15 18:28:17.773', '2026-02-15 18:28:17.773', 239, 337);
INSERT INTO public."Enrollment" (id, academic_year, result_status, is_carried, created_at, updated_at, student_id, material_id) VALUES (315, '2025-2026', 'IN_PROGRESS', false, '2026-02-15 18:28:17.775', '2026-02-15 18:28:17.775', 239, 338);
INSERT INTO public."Enrollment" (id, academic_year, result_status, is_carried, created_at, updated_at, student_id, material_id) VALUES (316, '2025-2026', 'IN_PROGRESS', false, '2026-02-15 18:28:17.777', '2026-02-15 18:28:17.777', 239, 339);
INSERT INTO public."Enrollment" (id, academic_year, result_status, is_carried, created_at, updated_at, student_id, material_id) VALUES (317, '2025-2026', 'IN_PROGRESS', false, '2026-02-15 18:28:17.779', '2026-02-15 18:28:17.779', 239, 340);
INSERT INTO public."Enrollment" (id, academic_year, result_status, is_carried, created_at, updated_at, student_id, material_id) VALUES (318, '2025-2026', 'IN_PROGRESS', false, '2026-02-15 18:28:17.781', '2026-02-15 18:28:17.781', 239, 341);
INSERT INTO public."Enrollment" (id, academic_year, result_status, is_carried, created_at, updated_at, student_id, material_id) VALUES (319, '2025-2026', 'IN_PROGRESS', false, '2026-02-15 18:28:17.783', '2026-02-15 18:28:17.783', 239, 342);
INSERT INTO public."Enrollment" (id, academic_year, result_status, is_carried, created_at, updated_at, student_id, material_id) VALUES (320, '2025-2026', 'IN_PROGRESS', false, '2026-02-15 18:28:17.785', '2026-02-15 18:28:17.785', 239, 343);
INSERT INTO public."Enrollment" (id, academic_year, result_status, is_carried, created_at, updated_at, student_id, material_id) VALUES (321, '2025-2026', 'IN_PROGRESS', false, '2026-02-15 18:28:17.788', '2026-02-15 18:28:17.788', 239, 344);
INSERT INTO public."Enrollment" (id, academic_year, result_status, is_carried, created_at, updated_at, student_id, material_id) VALUES (322, '2025-2026', 'IN_PROGRESS', false, '2026-02-15 18:28:17.79', '2026-02-15 18:28:17.79', 239, 345);
INSERT INTO public."Enrollment" (id, academic_year, result_status, is_carried, created_at, updated_at, student_id, material_id) VALUES (323, '2025-2026', 'IN_PROGRESS', false, '2026-02-15 18:28:17.792', '2026-02-15 18:28:17.792', 239, 372);
INSERT INTO public."Enrollment" (id, academic_year, result_status, is_carried, created_at, updated_at, student_id, material_id) VALUES (324, '2025-2026', 'IN_PROGRESS', false, '2026-02-15 18:28:17.794', '2026-02-15 18:28:17.794', 239, 373);
INSERT INTO public."Enrollment" (id, academic_year, result_status, is_carried, created_at, updated_at, student_id, material_id) VALUES (325, '2025-2026', 'IN_PROGRESS', false, '2026-02-15 18:28:17.796', '2026-02-15 18:28:17.796', 239, 374);
INSERT INTO public."Enrollment" (id, academic_year, result_status, is_carried, created_at, updated_at, student_id, material_id) VALUES (326, '2025-2026', 'IN_PROGRESS', false, '2026-02-15 18:28:17.805', '2026-02-15 18:28:17.805', 239, 375);
INSERT INTO public."Enrollment" (id, academic_year, result_status, is_carried, created_at, updated_at, student_id, material_id) VALUES (327, '2025-2026', 'IN_PROGRESS', false, '2026-02-15 18:28:17.808', '2026-02-15 18:28:17.808', 239, 376);
INSERT INTO public."Enrollment" (id, academic_year, result_status, is_carried, created_at, updated_at, student_id, material_id) VALUES (328, '2025-2026', 'IN_PROGRESS', false, '2026-02-15 18:28:17.81', '2026-02-15 18:28:17.81', 239, 377);
INSERT INTO public."Enrollment" (id, academic_year, result_status, is_carried, created_at, updated_at, student_id, material_id) VALUES (329, '2025-2026', 'IN_PROGRESS', false, '2026-02-15 18:28:17.813', '2026-02-15 18:28:17.813', 239, 378);
INSERT INTO public."Enrollment" (id, academic_year, result_status, is_carried, created_at, updated_at, student_id, material_id) VALUES (330, '2025-2026', 'IN_PROGRESS', false, '2026-02-15 18:28:17.816', '2026-02-15 18:28:17.816', 239, 379);
INSERT INTO public."Enrollment" (id, academic_year, result_status, is_carried, created_at, updated_at, student_id, material_id) VALUES (331, '2025-2026', 'IN_PROGRESS', false, '2026-02-15 18:28:17.819', '2026-02-15 18:28:17.819', 239, 380);
INSERT INTO public."Enrollment" (id, academic_year, result_status, is_carried, created_at, updated_at, student_id, material_id) VALUES (332, '2025-2026', 'IN_PROGRESS', true, '2026-02-15 18:28:17.821', '2026-02-15 18:28:17.821', 239, 248);


--
-- Data for Name: FailedAttempt; Type: TABLE DATA; Schema: public; Owner: -
--

INSERT INTO public."FailedAttempt" (id, session_id, student_id, error_type, error_message, ip_address, device_info, attempted_at, fingerprint_hash) VALUES (72, NULL, NULL, 'INVALID_CREDENTIALS', 'Student login failed: Invalid password for ameerahmedzoro@gmail.com', '::1', 'PostmanRuntime/7.51.0', '2026-01-27 18:50:27.138', NULL);
INSERT INTO public."FailedAttempt" (id, session_id, student_id, error_type, error_message, ip_address, device_info, attempted_at, fingerprint_hash) VALUES (73, NULL, NULL, 'EMAIL_NOT_VERIFIED', 'Student login failed: Email not verified for ameerahmedzoro@gmail.com', '::1', 'Mozilla/5.0 (Windows NT 10.0; Win64; x64) AppleWebKit/537.36 (KHTML, like Gecko) Chrome/144.0.0.0 Safari/537.36 Edg/144.0.0.0', '2026-01-27 18:57:18.385', NULL);
INSERT INTO public."FailedAttempt" (id, session_id, student_id, error_type, error_message, ip_address, device_info, attempted_at, fingerprint_hash) VALUES (74, NULL, NULL, 'EMAIL_NOT_VERIFIED', 'Student login failed: Email not verified for ameerahmedzoro@gmail.com', '::1', 'PostmanRuntime/7.51.0', '2026-01-27 18:58:15.875', NULL);
INSERT INTO public."FailedAttempt" (id, session_id, student_id, error_type, error_message, ip_address, device_info, attempted_at, fingerprint_hash) VALUES (77, NULL, NULL, 'INVALID_CREDENTIALS', 'Student login failed: Invalid password for ameerahmedzoro@gmail.com', '::1', 'Mozilla/5.0 (Windows NT 10.0; Win64; x64) AppleWebKit/537.36 (KHTML, like Gecko) Chrome/144.0.0.0 Safari/537.36 Edg/144.0.0.0', '2026-01-28 17:05:39.921', 'c462eb6dd0e0031cd6a0d06f785073585ba15adb86867aa5a73d4fc4a533b50f');
INSERT INTO public."FailedAttempt" (id, session_id, student_id, error_type, error_message, ip_address, device_info, attempted_at, fingerprint_hash) VALUES (78, NULL, NULL, 'INVALID_CREDENTIALS', 'Student login failed: Invalid password for ameerahmedzoro@gmail.com', '::1', 'PostmanRuntime/7.51.0', '2026-01-28 17:07:26.407', NULL);
INSERT INTO public."FailedAttempt" (id, session_id, student_id, error_type, error_message, ip_address, device_info, attempted_at, fingerprint_hash) VALUES (79, NULL, NULL, 'EMAIL_NOT_VERIFIED', 'Student login failed: Email not verified for ameerahmedzoro@gmail.com', '::1', 'Mozilla/5.0 (Windows NT 10.0; Win64; x64) AppleWebKit/537.36 (KHTML, like Gecko) Chrome/144.0.0.0 Safari/537.36 Edg/144.0.0.0', '2026-01-28 17:08:05.327', 'c462eb6dd0e0031cd6a0d06f785073585ba15adb86867aa5a73d4fc4a533b50f');
INSERT INTO public."FailedAttempt" (id, session_id, student_id, error_type, error_message, ip_address, device_info, attempted_at, fingerprint_hash) VALUES (80, NULL, NULL, 'EMAIL_NOT_VERIFIED', 'Student login failed: Email not verified for ameerahmedzoro@gmail.com', '::1', 'PostmanRuntime/7.51.0', '2026-01-28 17:08:22.344', NULL);
INSERT INTO public."FailedAttempt" (id, session_id, student_id, error_type, error_message, ip_address, device_info, attempted_at, fingerprint_hash) VALUES (85, NULL, NULL, 'EMAIL_NOT_VERIFIED', 'Student login failed: Email not verified for ameerahmedzoro@gmail.com', '::1', 'Mozilla/5.0 (Windows NT 10.0; Win64; x64) AppleWebKit/537.36 (KHTML, like Gecko) Chrome/144.0.0.0 Safari/537.36 Edg/144.0.0.0', '2026-01-28 17:26:11.382', 'c462eb6dd0e0031cd6a0d06f785073585ba15adb86867aa5a73d4fc4a533b50f');
INSERT INTO public."FailedAttempt" (id, session_id, student_id, error_type, error_message, ip_address, device_info, attempted_at, fingerprint_hash) VALUES (86, NULL, NULL, 'EMAIL_NOT_VERIFIED', 'Student login failed: Email not verified for ameerahmedzoro@gmail.com', '::1', 'Mozilla/5.0 (Windows NT 10.0; Win64; x64) AppleWebKit/537.36 (KHTML, like Gecko) Chrome/144.0.0.0 Safari/537.36 Edg/144.0.0.0', '2026-01-28 17:26:12.533', 'c462eb6dd0e0031cd6a0d06f785073585ba15adb86867aa5a73d4fc4a533b50f');
INSERT INTO public."FailedAttempt" (id, session_id, student_id, error_type, error_message, ip_address, device_info, attempted_at, fingerprint_hash) VALUES (87, NULL, NULL, 'EMAIL_NOT_VERIFIED', 'Student login failed: Email not verified for ameerahmedzoro@gmail.com', '::1', 'Mozilla/5.0 (Windows NT 10.0; Win64; x64) AppleWebKit/537.36 (KHTML, like Gecko) Chrome/144.0.0.0 Safari/537.36 Edg/144.0.0.0', '2026-01-28 17:26:13.785', 'c462eb6dd0e0031cd6a0d06f785073585ba15adb86867aa5a73d4fc4a533b50f');
INSERT INTO public."FailedAttempt" (id, session_id, student_id, error_type, error_message, ip_address, device_info, attempted_at, fingerprint_hash) VALUES (88, NULL, NULL, 'EMAIL_NOT_VERIFIED', 'Student login failed: Email not verified for ameerahmedzoro@gmail.com', '::1', 'Mozilla/5.0 (Windows NT 10.0; Win64; x64) AppleWebKit/537.36 (KHTML, like Gecko) Chrome/144.0.0.0 Safari/537.36 Edg/144.0.0.0', '2026-01-28 17:26:14.5', 'c462eb6dd0e0031cd6a0d06f785073585ba15adb86867aa5a73d4fc4a533b50f');
INSERT INTO public."FailedAttempt" (id, session_id, student_id, error_type, error_message, ip_address, device_info, attempted_at, fingerprint_hash) VALUES (89, NULL, NULL, 'EMAIL_NOT_VERIFIED', 'Student login failed: Email not verified for ameerahmedzoro@gmail.com', '::1', 'Mozilla/5.0 (Windows NT 10.0; Win64; x64) AppleWebKit/537.36 (KHTML, like Gecko) Chrome/144.0.0.0 Safari/537.36 Edg/144.0.0.0', '2026-01-28 17:26:14.862', 'c462eb6dd0e0031cd6a0d06f785073585ba15adb86867aa5a73d4fc4a533b50f');
INSERT INTO public."FailedAttempt" (id, session_id, student_id, error_type, error_message, ip_address, device_info, attempted_at, fingerprint_hash) VALUES (90, NULL, NULL, 'EMAIL_NOT_VERIFIED', 'Student login failed: Email not verified for ameerahmedzoro@gmail.com', '::1', 'Mozilla/5.0 (Windows NT 10.0; Win64; x64) AppleWebKit/537.36 (KHTML, like Gecko) Chrome/144.0.0.0 Safari/537.36 Edg/144.0.0.0', '2026-01-28 17:26:15.224', 'c462eb6dd0e0031cd6a0d06f785073585ba15adb86867aa5a73d4fc4a533b50f');
INSERT INTO public."FailedAttempt" (id, session_id, student_id, error_type, error_message, ip_address, device_info, attempted_at, fingerprint_hash) VALUES (91, NULL, NULL, 'EMAIL_NOT_VERIFIED', 'Student login failed: Email not verified for ameerahmedzoro@gmail.com', '::1', 'Mozilla/5.0 (Windows NT 10.0; Win64; x64) AppleWebKit/537.36 (KHTML, like Gecko) Chrome/144.0.0.0 Safari/537.36 Edg/144.0.0.0', '2026-01-28 17:26:15.633', 'c462eb6dd0e0031cd6a0d06f785073585ba15adb86867aa5a73d4fc4a533b50f');
INSERT INTO public."FailedAttempt" (id, session_id, student_id, error_type, error_message, ip_address, device_info, attempted_at, fingerprint_hash) VALUES (93, NULL, NULL, 'EMAIL_NOT_VERIFIED', 'Student login failed: Email not verified for ameerahmedzoro@gmail.com', '::1', 'Mozilla/5.0 (Windows NT 10.0; Win64; x64) AppleWebKit/537.36 (KHTML, like Gecko) Chrome/144.0.0.0 Safari/537.36 Edg/144.0.0.0', '2026-01-28 17:34:45.076', 'c462eb6dd0e0031cd6a0d06f785073585ba15adb86867aa5a73d4fc4a533b50f');
INSERT INTO public."FailedAttempt" (id, session_id, student_id, error_type, error_message, ip_address, device_info, attempted_at, fingerprint_hash) VALUES (94, NULL, NULL, 'EMAIL_NOT_VERIFIED', 'Student login failed: Email not verified for ameerahmedzoro@gmail.com', '::1', 'PostmanRuntime/7.51.0', '2026-01-28 17:34:51.985', NULL);
INSERT INTO public."FailedAttempt" (id, session_id, student_id, error_type, error_message, ip_address, device_info, attempted_at, fingerprint_hash) VALUES (96, NULL, NULL, 'FINGERPRINT_MISMATCH', 'Student login failed: Device fingerprint mismatch for ameerahmedzoro@gmail.com', '::ffff:192.168.0.189', 'Mozilla/5.0 (iPhone; CPU iPhone OS 26_0_0 like Mac OS X) AppleWebKit/605.1.15 (KHTML, like Gecko) CriOS/144.0.7559.95 Mobile/15E148 Safari/604.1', '2026-01-28 18:08:14.041', 'ab039839531a557b818f20d5e4ecd7b9bc3590cb156cfd2faafb145dff657445');
INSERT INTO public."FailedAttempt" (id, session_id, student_id, error_type, error_message, ip_address, device_info, attempted_at, fingerprint_hash) VALUES (97, NULL, NULL, 'FINGERPRINT_MISMATCH', 'Student login failed: Device fingerprint mismatch for ameerahmedzoro@gmail.com', '::ffff:192.168.0.189', 'Mozilla/5.0 (iPhone; CPU iPhone OS 18_6 like Mac OS X) AppleWebKit/605.1.15 (KHTML, like Gecko) Version/26.0 Mobile/15E148 Safari/604.1', '2026-01-28 19:09:01.429', '69c26915a3935ef65d003daf98a16ff5096d2ed7bd1fbf8d898f9e7d8836cd45');
INSERT INTO public."FailedAttempt" (id, session_id, student_id, error_type, error_message, ip_address, device_info, attempted_at, fingerprint_hash) VALUES (98, NULL, NULL, 'FINGERPRINT_MISMATCH', 'Student login failed: Device fingerprint mismatch for ameerahmedzoro@gmail.com', '::1', 'Mozilla/5.0 (iPhone; CPU iPhone OS 26_0_0 like Mac OS X) AppleWebKit/605.1.15 (KHTML, like Gecko) CriOS/144.0.7559.95 Mobile/15E148 Safari/604.1', '2026-01-29 21:52:33.067', '57ba8ac75003c16aed9b247ef4ea8d9c03ef1348d1badc8a0af6fe5457ec3224');
INSERT INTO public."FailedAttempt" (id, session_id, student_id, error_type, error_message, ip_address, device_info, attempted_at, fingerprint_hash) VALUES (43, NULL, NULL, 'INVALID_CREDENTIALS', 'Login failed: Email not found - ewfvwcwserdv@gmail.com', '::1', 'Mozilla/5.0 (Windows NT 10.0; Win64; x64) AppleWebKit/537.36 (KHTML, like Gecko) Chrome/144.0.0.0 Safari/537.36 Edg/144.0.0.0', '2026-01-27 08:55:52.655', NULL);
INSERT INTO public."FailedAttempt" (id, session_id, student_id, error_type, error_message, ip_address, device_info, attempted_at, fingerprint_hash) VALUES (44, NULL, NULL, 'INVALID_CREDENTIALS', 'Login failed: Email not found - ewfvwcwserdv@gmail.com', '::1', 'Mozilla/5.0 (Windows NT 10.0; Win64; x64) AppleWebKit/537.36 (KHTML, like Gecko) Chrome/144.0.0.0 Safari/537.36 Edg/144.0.0.0', '2026-01-27 08:55:53.479', NULL);
INSERT INTO public."FailedAttempt" (id, session_id, student_id, error_type, error_message, ip_address, device_info, attempted_at, fingerprint_hash) VALUES (45, NULL, NULL, 'INVALID_CREDENTIALS', 'Login failed: Email not found - ewfvwcwserdv@gmail.com', '::1', 'Mozilla/5.0 (Windows NT 10.0; Win64; x64) AppleWebKit/537.36 (KHTML, like Gecko) Chrome/144.0.0.0 Safari/537.36 Edg/144.0.0.0', '2026-01-27 08:55:54.17', NULL);
INSERT INTO public."FailedAttempt" (id, session_id, student_id, error_type, error_message, ip_address, device_info, attempted_at, fingerprint_hash) VALUES (46, NULL, NULL, 'INVALID_CREDENTIALS', 'Login failed: Email not found - ewfvwcwserdv@gmail.com', '::1', 'Mozilla/5.0 (Windows NT 10.0; Win64; x64) AppleWebKit/537.36 (KHTML, like Gecko) Chrome/144.0.0.0 Safari/537.36 Edg/144.0.0.0', '2026-01-27 08:55:54.4', NULL);
INSERT INTO public."FailedAttempt" (id, session_id, student_id, error_type, error_message, ip_address, device_info, attempted_at, fingerprint_hash) VALUES (47, NULL, NULL, 'INVALID_CREDENTIALS', 'Login failed: Email not found - ewfvwcwserdv@gmail.com', '::1', 'Mozilla/5.0 (Windows NT 10.0; Win64; x64) AppleWebKit/537.36 (KHTML, like Gecko) Chrome/144.0.0.0 Safari/537.36 Edg/144.0.0.0', '2026-01-27 08:56:05.217', NULL);
INSERT INTO public."FailedAttempt" (id, session_id, student_id, error_type, error_message, ip_address, device_info, attempted_at, fingerprint_hash) VALUES (48, NULL, NULL, 'INVALID_CREDENTIALS', 'Login failed: Email not found - ewfvwcwserdv@gmail.com', '::1', 'Mozilla/5.0 (Windows NT 10.0; Win64; x64) AppleWebKit/537.36 (KHTML, like Gecko) Chrome/144.0.0.0 Safari/537.36 Edg/144.0.0.0', '2026-01-27 08:56:06.364', NULL);
INSERT INTO public."FailedAttempt" (id, session_id, student_id, error_type, error_message, ip_address, device_info, attempted_at, fingerprint_hash) VALUES (49, NULL, NULL, 'INVALID_CREDENTIALS', 'Login failed: Email not found - ewfvwcwserdv@gmail.com', '::1', 'Mozilla/5.0 (Windows NT 10.0; Win64; x64) AppleWebKit/537.36 (KHTML, like Gecko) Chrome/144.0.0.0 Safari/537.36 Edg/144.0.0.0', '2026-01-27 08:56:06.676', NULL);
INSERT INTO public."FailedAttempt" (id, session_id, student_id, error_type, error_message, ip_address, device_info, attempted_at, fingerprint_hash) VALUES (50, NULL, NULL, 'INVALID_CREDENTIALS', 'Login failed: Email not found - ewfvwcwserdv@gmail.com', '::1', 'Mozilla/5.0 (Windows NT 10.0; Win64; x64) AppleWebKit/537.36 (KHTML, like Gecko) Chrome/144.0.0.0 Safari/537.36 Edg/144.0.0.0', '2026-01-27 08:56:06.953', NULL);
INSERT INTO public."FailedAttempt" (id, session_id, student_id, error_type, error_message, ip_address, device_info, attempted_at, fingerprint_hash) VALUES (180, NULL, NULL, 'INVALID_CREDENTIALS', 'Login failed: Email not found - head.1@university.edu', '::1', 'Mozilla/5.0 (Windows NT 10.0; Win64; x64) AppleWebKit/537.36 (KHTML, like Gecko) Chrome/144.0.0.0 Safari/537.36 Edg/144.0.0.0', '2026-01-30 20:02:39.455', 'b576077dca8686a27b315a2ca986df86e1f67fa376fdacb9a6ef02509b74bfd1');
INSERT INTO public."FailedAttempt" (id, session_id, student_id, error_type, error_message, ip_address, device_info, attempted_at, fingerprint_hash) VALUES (181, NULL, NULL, 'INVALID_CREDENTIALS', 'Login failed: Email not found - head.1@university.edu', '::1', 'Mozilla/5.0 (Windows NT 10.0; Win64; x64) AppleWebKit/537.36 (KHTML, like Gecko) Chrome/144.0.0.0 Safari/537.36 Edg/144.0.0.0', '2026-01-30 20:02:54.907', 'b576077dca8686a27b315a2ca986df86e1f67fa376fdacb9a6ef02509b74bfd1');
INSERT INTO public."FailedAttempt" (id, session_id, student_id, error_type, error_message, ip_address, device_info, attempted_at, fingerprint_hash) VALUES (190, NULL, NULL, 'INVALID_CREDENTIALS', 'Login failed: Email not found - ameerahmed0780@gmail.com', '::1', 'Mozilla/5.0 (Windows NT 10.0; Win64; x64) AppleWebKit/537.36 (KHTML, like Gecko) Chrome/144.0.0.0 Safari/537.36 Edg/144.0.0.0', '2026-02-11 08:40:22.116', 'd572a0392defab80fcf66bc76d441af42a84c63191ad35941118a9b76f5e2d34');
INSERT INTO public."FailedAttempt" (id, session_id, student_id, error_type, error_message, ip_address, device_info, attempted_at, fingerprint_hash) VALUES (191, NULL, NULL, 'INVALID_CREDENTIALS', 'Login failed: Email not found - admin@test.com', '::1', 'Mozilla/5.0 (Windows NT 10.0; Win64; x64) AppleWebKit/537.36 (KHTML, like Gecko) Chrome/144.0.0.0 Safari/537.36 Edg/144.0.0.0', '2026-02-11 08:40:37.512', 'd572a0392defab80fcf66bc76d441af42a84c63191ad35941118a9b76f5e2d34');
INSERT INTO public."FailedAttempt" (id, session_id, student_id, error_type, error_message, ip_address, device_info, attempted_at, fingerprint_hash) VALUES (75, NULL, NULL, 'INVALID_CREDENTIALS', 'Login failed: Email not found - admiuyfiyn@test.com', '::1', 'Mozilla/5.0 (Windows NT 10.0; Win64; x64) AppleWebKit/537.36 (KHTML, like Gecko) Chrome/144.0.0.0 Safari/537.36 Edg/144.0.0.0', '2026-01-27 20:23:01.977', NULL);
INSERT INTO public."FailedAttempt" (id, session_id, student_id, error_type, error_message, ip_address, device_info, attempted_at, fingerprint_hash) VALUES (76, NULL, NULL, 'INVALID_CREDENTIALS', 'Login failed: Email not found - admiuyfiyn@test.com', '::1', 'Mozilla/5.0 (Windows NT 10.0; Win64; x64) AppleWebKit/537.36 (KHTML, like Gecko) Chrome/144.0.0.0 Safari/537.36 Edg/144.0.0.0', '2026-01-27 20:23:02.57', NULL);
INSERT INTO public."FailedAttempt" (id, session_id, student_id, error_type, error_message, ip_address, device_info, attempted_at, fingerprint_hash) VALUES (51, NULL, NULL, 'EMAIL_NOT_VERIFIED', 'Student login failed: Email not verified for ameerqahmed@gmail.com', '::1', 'Mozilla/5.0 (Windows NT 10.0; Win64; x64) AppleWebKit/537.36 (KHTML, like Gecko) Chrome/144.0.0.0 Safari/537.36 Edg/144.0.0.0', '2026-01-27 18:46:49.266', NULL);
INSERT INTO public."FailedAttempt" (id, session_id, student_id, error_type, error_message, ip_address, device_info, attempted_at, fingerprint_hash) VALUES (52, NULL, NULL, 'EMAIL_NOT_VERIFIED', 'Student login failed: Email not verified for ameerqahmed@gmail.com', '::1', 'Mozilla/5.0 (Windows NT 10.0; Win64; x64) AppleWebKit/537.36 (KHTML, like Gecko) Chrome/144.0.0.0 Safari/537.36 Edg/144.0.0.0', '2026-01-27 18:46:50.884', NULL);
INSERT INTO public."FailedAttempt" (id, session_id, student_id, error_type, error_message, ip_address, device_info, attempted_at, fingerprint_hash) VALUES (53, NULL, NULL, 'EMAIL_NOT_VERIFIED', 'Student login failed: Email not verified for ameerqahmed@gmail.com', '::1', 'Mozilla/5.0 (Windows NT 10.0; Win64; x64) AppleWebKit/537.36 (KHTML, like Gecko) Chrome/144.0.0.0 Safari/537.36 Edg/144.0.0.0', '2026-01-27 18:46:51.476', NULL);
INSERT INTO public."FailedAttempt" (id, session_id, student_id, error_type, error_message, ip_address, device_info, attempted_at, fingerprint_hash) VALUES (54, NULL, NULL, 'EMAIL_NOT_VERIFIED', 'Student login failed: Email not verified for ameerqahmed@gmail.com', '::1', 'Mozilla/5.0 (Windows NT 10.0; Win64; x64) AppleWebKit/537.36 (KHTML, like Gecko) Chrome/144.0.0.0 Safari/537.36 Edg/144.0.0.0', '2026-01-27 18:46:51.641', NULL);
INSERT INTO public."FailedAttempt" (id, session_id, student_id, error_type, error_message, ip_address, device_info, attempted_at, fingerprint_hash) VALUES (55, NULL, NULL, 'EMAIL_NOT_VERIFIED', 'Student login failed: Email not verified for ameerqahmed@gmail.com', '::1', 'Mozilla/5.0 (Windows NT 10.0; Win64; x64) AppleWebKit/537.36 (KHTML, like Gecko) Chrome/144.0.0.0 Safari/537.36 Edg/144.0.0.0', '2026-01-27 18:46:51.827', NULL);
INSERT INTO public."FailedAttempt" (id, session_id, student_id, error_type, error_message, ip_address, device_info, attempted_at, fingerprint_hash) VALUES (56, NULL, NULL, 'EMAIL_NOT_VERIFIED', 'Student login failed: Email not verified for ameerqahmed@gmail.com', '::1', 'Mozilla/5.0 (Windows NT 10.0; Win64; x64) AppleWebKit/537.36 (KHTML, like Gecko) Chrome/144.0.0.0 Safari/537.36 Edg/144.0.0.0', '2026-01-27 18:46:51.989', NULL);
INSERT INTO public."FailedAttempt" (id, session_id, student_id, error_type, error_message, ip_address, device_info, attempted_at, fingerprint_hash) VALUES (182, NULL, 257, 'INVALID_CREDENTIALS', 'Student login failed: Invalid password for dina.nabil.2cc137@gmail.com', '::1', 'Mozilla/5.0 (iPhone; CPU iPhone OS 26_0_0 like Mac OS X) AppleWebKit/605.1.15 (KHTML, like Gecko) CriOS/144.0.7559.95 Mobile/15E148 Safari/604.1', '2026-01-30 21:45:16.69', '17a57288f3e76c5cae0b68f5fed80c0910dfa104e11d6a86c1732f0f4789181b');
INSERT INTO public."FailedAttempt" (id, session_id, student_id, error_type, error_message, ip_address, device_info, attempted_at, fingerprint_hash) VALUES (192, NULL, 275, 'FINGERPRINT_MISMATCH', 'Student login failed: Device fingerprint mismatch for ali.ezzat.a94933@gmail.com', '::1', 'Mozilla/5.0 (Windows NT 10.0; Win64; x64) AppleWebKit/537.36 (KHTML, like Gecko) Chrome/144.0.0.0 Safari/537.36 Edg/144.0.0.0', '2026-02-11 08:46:44.162', 'd572a0392defab80fcf66bc76d441af42a84c63191ad35941118a9b76f5e2d34');
INSERT INTO public."FailedAttempt" (id, session_id, student_id, error_type, error_message, ip_address, device_info, attempted_at, fingerprint_hash) VALUES (95, NULL, NULL, 'INVALID_CREDENTIALS', 'Login failed: Email not found - ameerahmed0780@gmail.com', '::1', 'Mozilla/5.0 (Windows NT 10.0; Win64; x64) AppleWebKit/537.36 (KHTML, like Gecko) Chrome/144.0.0.0 Safari/537.36 Edg/144.0.0.0', '2026-01-28 17:59:20.375', 'c462eb6dd0e0031cd6a0d06f785073585ba15adb86867aa5a73d4fc4a533b50f');
INSERT INTO public."FailedAttempt" (id, session_id, student_id, error_type, error_message, ip_address, device_info, attempted_at, fingerprint_hash) VALUES (81, NULL, NULL, 'EMAIL_NOT_VERIFIED', 'Student login failed: Email not verified for ameerahmedzoro@gmail.com', '::1', 'Mozilla/5.0 (Windows NT 10.0; Win64; x64) AppleWebKit/537.36 (KHTML, like Gecko) Chrome/144.0.0.0 Safari/537.36 Edg/144.0.0.0', '2026-01-28 17:11:58.585', 'c462eb6dd0e0031cd6a0d06f785073585ba15adb86867aa5a73d4fc4a533b50f');
INSERT INTO public."FailedAttempt" (id, session_id, student_id, error_type, error_message, ip_address, device_info, attempted_at, fingerprint_hash) VALUES (82, NULL, NULL, 'INVALID_CREDENTIALS', 'Student login failed: Invalid password for ameerahmedzoro@gmail.com', '::1', 'PostmanRuntime/7.51.0', '2026-01-28 17:23:43.348', NULL);
INSERT INTO public."FailedAttempt" (id, session_id, student_id, error_type, error_message, ip_address, device_info, attempted_at, fingerprint_hash) VALUES (83, NULL, NULL, 'EMAIL_NOT_VERIFIED', 'Student login failed: Email not verified for ameerahmedzoro@gmail.com', '::1', 'Mozilla/5.0 (Windows NT 10.0; Win64; x64) AppleWebKit/537.36 (KHTML, like Gecko) Chrome/144.0.0.0 Safari/537.36 Edg/144.0.0.0', '2026-01-28 17:24:05.006', 'c462eb6dd0e0031cd6a0d06f785073585ba15adb86867aa5a73d4fc4a533b50f');
INSERT INTO public."FailedAttempt" (id, session_id, student_id, error_type, error_message, ip_address, device_info, attempted_at, fingerprint_hash) VALUES (84, NULL, NULL, 'EMAIL_NOT_VERIFIED', 'Student login failed: Email not verified for ameerahmedzoro@gmail.com', '::1', 'Mozilla/5.0 (Windows NT 10.0; Win64; x64) AppleWebKit/537.36 (KHTML, like Gecko) Chrome/144.0.0.0 Safari/537.36 Edg/144.0.0.0', '2026-01-28 17:26:08.995', 'c462eb6dd0e0031cd6a0d06f785073585ba15adb86867aa5a73d4fc4a533b50f');
INSERT INTO public."FailedAttempt" (id, session_id, student_id, error_type, error_message, ip_address, device_info, attempted_at, fingerprint_hash) VALUES (92, NULL, NULL, 'EMAIL_NOT_VERIFIED', 'Student login failed: Email not verified for ameerahmedzoro@gmail.com', '::1', 'PostmanRuntime/7.51.0', '2026-01-28 17:26:22.675', NULL);
INSERT INTO public."FailedAttempt" (id, session_id, student_id, error_type, error_message, ip_address, device_info, attempted_at, fingerprint_hash) VALUES (99, NULL, NULL, 'FINGERPRINT_MISMATCH', 'Student login failed: Device fingerprint mismatch for ameerahmedzoro@gmail.com', '::1', 'Mozilla/5.0 (iPhone; CPU iPhone OS 26_0_0 like Mac OS X) AppleWebKit/605.1.15 (KHTML, like Gecko) CriOS/144.0.7559.95 Mobile/15E148 Safari/604.1', '2026-01-29 21:52:34.57', '57ba8ac75003c16aed9b247ef4ea8d9c03ef1348d1badc8a0af6fe5457ec3224');
INSERT INTO public."FailedAttempt" (id, session_id, student_id, error_type, error_message, ip_address, device_info, attempted_at, fingerprint_hash) VALUES (100, NULL, NULL, 'FINGERPRINT_MISMATCH', 'Student login failed: Device fingerprint mismatch for ameerahmedzoro@gmail.com', '::1', 'Mozilla/5.0 (iPhone; CPU iPhone OS 26_0_0 like Mac OS X) AppleWebKit/605.1.15 (KHTML, like Gecko) CriOS/144.0.7559.95 Mobile/15E148 Safari/604.1', '2026-01-29 21:52:35.907', '57ba8ac75003c16aed9b247ef4ea8d9c03ef1348d1badc8a0af6fe5457ec3224');
INSERT INTO public."FailedAttempt" (id, session_id, student_id, error_type, error_message, ip_address, device_info, attempted_at, fingerprint_hash) VALUES (113, NULL, NULL, 'DUPLICATE_USAGE', 'Token already used', '::1', 'Mozilla/5.0 (iPhone; CPU iPhone OS 26_0_0 like Mac OS X) AppleWebKit/605.1.15 (KHTML, like Gecko) CriOS/144.0.7559.95 Mobile/15E148 Safari/604.1', '2026-01-29 21:54:02.673', NULL);
INSERT INTO public."FailedAttempt" (id, session_id, student_id, error_type, error_message, ip_address, device_info, attempted_at, fingerprint_hash) VALUES (114, NULL, NULL, 'DUPLICATE_USAGE', 'Token already used', '::1', 'Mozilla/5.0 (iPhone; CPU iPhone OS 26_0_0 like Mac OS X) AppleWebKit/605.1.15 (KHTML, like Gecko) CriOS/144.0.7559.95 Mobile/15E148 Safari/604.1', '2026-01-29 21:54:02.785', NULL);
INSERT INTO public."FailedAttempt" (id, session_id, student_id, error_type, error_message, ip_address, device_info, attempted_at, fingerprint_hash) VALUES (115, NULL, NULL, 'DUPLICATE_USAGE', 'Token already used', '::1', 'Mozilla/5.0 (iPhone; CPU iPhone OS 26_0_0 like Mac OS X) AppleWebKit/605.1.15 (KHTML, like Gecko) CriOS/144.0.7559.95 Mobile/15E148 Safari/604.1', '2026-01-29 21:54:02.897', NULL);
INSERT INTO public."FailedAttempt" (id, session_id, student_id, error_type, error_message, ip_address, device_info, attempted_at, fingerprint_hash) VALUES (116, NULL, NULL, 'DUPLICATE_USAGE', 'Token already used', '::1', 'Mozilla/5.0 (iPhone; CPU iPhone OS 26_0_0 like Mac OS X) AppleWebKit/605.1.15 (KHTML, like Gecko) CriOS/144.0.7559.95 Mobile/15E148 Safari/604.1', '2026-01-29 21:54:03.021', NULL);
INSERT INTO public."FailedAttempt" (id, session_id, student_id, error_type, error_message, ip_address, device_info, attempted_at, fingerprint_hash) VALUES (117, NULL, NULL, 'DUPLICATE_USAGE', 'Token already used', '::1', 'Mozilla/5.0 (iPhone; CPU iPhone OS 26_0_0 like Mac OS X) AppleWebKit/605.1.15 (KHTML, like Gecko) CriOS/144.0.7559.95 Mobile/15E148 Safari/604.1', '2026-01-29 21:54:03.132', NULL);
INSERT INTO public."FailedAttempt" (id, session_id, student_id, error_type, error_message, ip_address, device_info, attempted_at, fingerprint_hash) VALUES (118, NULL, NULL, 'DUPLICATE_USAGE', 'Token already used', '::1', 'Mozilla/5.0 (iPhone; CPU iPhone OS 26_0_0 like Mac OS X) AppleWebKit/605.1.15 (KHTML, like Gecko) CriOS/144.0.7559.95 Mobile/15E148 Safari/604.1', '2026-01-29 21:54:03.246', NULL);
INSERT INTO public."FailedAttempt" (id, session_id, student_id, error_type, error_message, ip_address, device_info, attempted_at, fingerprint_hash) VALUES (119, NULL, NULL, 'DUPLICATE_USAGE', 'Token already used', '::1', 'Mozilla/5.0 (iPhone; CPU iPhone OS 26_0_0 like Mac OS X) AppleWebKit/605.1.15 (KHTML, like Gecko) CriOS/144.0.7559.95 Mobile/15E148 Safari/604.1', '2026-01-29 21:54:03.358', NULL);
INSERT INTO public."FailedAttempt" (id, session_id, student_id, error_type, error_message, ip_address, device_info, attempted_at, fingerprint_hash) VALUES (120, NULL, NULL, 'DUPLICATE_USAGE', 'Token already used', '::1', 'Mozilla/5.0 (iPhone; CPU iPhone OS 26_0_0 like Mac OS X) AppleWebKit/605.1.15 (KHTML, like Gecko) CriOS/144.0.7559.95 Mobile/15E148 Safari/604.1', '2026-01-29 21:54:03.478', NULL);
INSERT INTO public."FailedAttempt" (id, session_id, student_id, error_type, error_message, ip_address, device_info, attempted_at, fingerprint_hash) VALUES (121, NULL, NULL, 'DUPLICATE_USAGE', 'Token already used', '::1', 'Mozilla/5.0 (iPhone; CPU iPhone OS 26_0_0 like Mac OS X) AppleWebKit/605.1.15 (KHTML, like Gecko) CriOS/144.0.7559.95 Mobile/15E148 Safari/604.1', '2026-01-29 21:54:03.594', NULL);
INSERT INTO public."FailedAttempt" (id, session_id, student_id, error_type, error_message, ip_address, device_info, attempted_at, fingerprint_hash) VALUES (122, NULL, NULL, 'DUPLICATE_USAGE', 'Token already used', '::1', 'Mozilla/5.0 (iPhone; CPU iPhone OS 26_0_0 like Mac OS X) AppleWebKit/605.1.15 (KHTML, like Gecko) CriOS/144.0.7559.95 Mobile/15E148 Safari/604.1', '2026-01-29 21:54:03.689', NULL);
INSERT INTO public."FailedAttempt" (id, session_id, student_id, error_type, error_message, ip_address, device_info, attempted_at, fingerprint_hash) VALUES (123, NULL, NULL, 'DUPLICATE_USAGE', 'Token already used', '::1', 'Mozilla/5.0 (iPhone; CPU iPhone OS 26_0_0 like Mac OS X) AppleWebKit/605.1.15 (KHTML, like Gecko) CriOS/144.0.7559.95 Mobile/15E148 Safari/604.1', '2026-01-29 21:54:03.804', NULL);
INSERT INTO public."FailedAttempt" (id, session_id, student_id, error_type, error_message, ip_address, device_info, attempted_at, fingerprint_hash) VALUES (124, NULL, NULL, 'DUPLICATE_USAGE', 'Token already used', '::1', 'Mozilla/5.0 (iPhone; CPU iPhone OS 26_0_0 like Mac OS X) AppleWebKit/605.1.15 (KHTML, like Gecko) CriOS/144.0.7559.95 Mobile/15E148 Safari/604.1', '2026-01-29 21:54:03.916', NULL);
INSERT INTO public."FailedAttempt" (id, session_id, student_id, error_type, error_message, ip_address, device_info, attempted_at, fingerprint_hash) VALUES (125, NULL, NULL, 'DUPLICATE_USAGE', 'Token already used', '::1', 'Mozilla/5.0 (iPhone; CPU iPhone OS 26_0_0 like Mac OS X) AppleWebKit/605.1.15 (KHTML, like Gecko) CriOS/144.0.7559.95 Mobile/15E148 Safari/604.1', '2026-01-29 21:54:04.028', NULL);
INSERT INTO public."FailedAttempt" (id, session_id, student_id, error_type, error_message, ip_address, device_info, attempted_at, fingerprint_hash) VALUES (126, NULL, NULL, 'DUPLICATE_USAGE', 'Token already used', '::1', 'Mozilla/5.0 (iPhone; CPU iPhone OS 26_0_0 like Mac OS X) AppleWebKit/605.1.15 (KHTML, like Gecko) CriOS/144.0.7559.95 Mobile/15E148 Safari/604.1', '2026-01-29 21:54:04.145', NULL);
INSERT INTO public."FailedAttempt" (id, session_id, student_id, error_type, error_message, ip_address, device_info, attempted_at, fingerprint_hash) VALUES (127, NULL, NULL, 'DUPLICATE_USAGE', 'Token already used', '::1', 'Mozilla/5.0 (iPhone; CPU iPhone OS 26_0_0 like Mac OS X) AppleWebKit/605.1.15 (KHTML, like Gecko) CriOS/144.0.7559.95 Mobile/15E148 Safari/604.1', '2026-01-29 21:54:04.257', NULL);
INSERT INTO public."FailedAttempt" (id, session_id, student_id, error_type, error_message, ip_address, device_info, attempted_at, fingerprint_hash) VALUES (128, NULL, NULL, 'DUPLICATE_USAGE', 'Token already used', '::1', 'Mozilla/5.0 (iPhone; CPU iPhone OS 26_0_0 like Mac OS X) AppleWebKit/605.1.15 (KHTML, like Gecko) CriOS/144.0.7559.95 Mobile/15E148 Safari/604.1', '2026-01-29 21:54:04.355', NULL);
INSERT INTO public."FailedAttempt" (id, session_id, student_id, error_type, error_message, ip_address, device_info, attempted_at, fingerprint_hash) VALUES (129, NULL, NULL, 'DUPLICATE_USAGE', 'Token already used', '::1', 'Mozilla/5.0 (iPhone; CPU iPhone OS 26_0_0 like Mac OS X) AppleWebKit/605.1.15 (KHTML, like Gecko) CriOS/144.0.7559.95 Mobile/15E148 Safari/604.1', '2026-01-29 21:54:04.483', NULL);
INSERT INTO public."FailedAttempt" (id, session_id, student_id, error_type, error_message, ip_address, device_info, attempted_at, fingerprint_hash) VALUES (130, NULL, NULL, 'DUPLICATE_USAGE', 'Token already used', '::1', 'Mozilla/5.0 (iPhone; CPU iPhone OS 26_0_0 like Mac OS X) AppleWebKit/605.1.15 (KHTML, like Gecko) CriOS/144.0.7559.95 Mobile/15E148 Safari/604.1', '2026-01-29 21:54:04.588', NULL);
INSERT INTO public."FailedAttempt" (id, session_id, student_id, error_type, error_message, ip_address, device_info, attempted_at, fingerprint_hash) VALUES (131, NULL, NULL, 'DUPLICATE_USAGE', 'Token already used', '::1', 'Mozilla/5.0 (iPhone; CPU iPhone OS 26_0_0 like Mac OS X) AppleWebKit/605.1.15 (KHTML, like Gecko) CriOS/144.0.7559.95 Mobile/15E148 Safari/604.1', '2026-01-29 21:54:04.699', NULL);
INSERT INTO public."FailedAttempt" (id, session_id, student_id, error_type, error_message, ip_address, device_info, attempted_at, fingerprint_hash) VALUES (132, NULL, NULL, 'DUPLICATE_USAGE', 'Token already used', '::1', 'Mozilla/5.0 (iPhone; CPU iPhone OS 26_0_0 like Mac OS X) AppleWebKit/605.1.15 (KHTML, like Gecko) CriOS/144.0.7559.95 Mobile/15E148 Safari/604.1', '2026-01-29 21:54:04.812', NULL);
INSERT INTO public."FailedAttempt" (id, session_id, student_id, error_type, error_message, ip_address, device_info, attempted_at, fingerprint_hash) VALUES (133, NULL, NULL, 'DUPLICATE_USAGE', 'Token already used', '::1', 'Mozilla/5.0 (iPhone; CPU iPhone OS 26_0_0 like Mac OS X) AppleWebKit/605.1.15 (KHTML, like Gecko) CriOS/144.0.7559.95 Mobile/15E148 Safari/604.1', '2026-01-29 21:54:04.936', NULL);
INSERT INTO public."FailedAttempt" (id, session_id, student_id, error_type, error_message, ip_address, device_info, attempted_at, fingerprint_hash) VALUES (134, NULL, NULL, 'DUPLICATE_USAGE', 'Token already used', '::1', 'Mozilla/5.0 (iPhone; CPU iPhone OS 26_0_0 like Mac OS X) AppleWebKit/605.1.15 (KHTML, like Gecko) CriOS/144.0.7559.95 Mobile/15E148 Safari/604.1', '2026-01-29 21:54:05.046', NULL);
INSERT INTO public."FailedAttempt" (id, session_id, student_id, error_type, error_message, ip_address, device_info, attempted_at, fingerprint_hash) VALUES (135, NULL, NULL, 'DUPLICATE_USAGE', 'Token already used', '::1', 'Mozilla/5.0 (iPhone; CPU iPhone OS 26_0_0 like Mac OS X) AppleWebKit/605.1.15 (KHTML, like Gecko) CriOS/144.0.7559.95 Mobile/15E148 Safari/604.1', '2026-01-29 21:54:05.158', NULL);
INSERT INTO public."FailedAttempt" (id, session_id, student_id, error_type, error_message, ip_address, device_info, attempted_at, fingerprint_hash) VALUES (136, NULL, NULL, 'DUPLICATE_USAGE', 'Token already used', '::1', 'Mozilla/5.0 (iPhone; CPU iPhone OS 26_0_0 like Mac OS X) AppleWebKit/605.1.15 (KHTML, like Gecko) CriOS/144.0.7559.95 Mobile/15E148 Safari/604.1', '2026-01-29 21:54:05.262', NULL);
INSERT INTO public."FailedAttempt" (id, session_id, student_id, error_type, error_message, ip_address, device_info, attempted_at, fingerprint_hash) VALUES (137, NULL, NULL, 'DUPLICATE_USAGE', 'Token already used', '::1', 'Mozilla/5.0 (iPhone; CPU iPhone OS 26_0_0 like Mac OS X) AppleWebKit/605.1.15 (KHTML, like Gecko) CriOS/144.0.7559.95 Mobile/15E148 Safari/604.1', '2026-01-29 21:54:05.381', NULL);
INSERT INTO public."FailedAttempt" (id, session_id, student_id, error_type, error_message, ip_address, device_info, attempted_at, fingerprint_hash) VALUES (138, NULL, NULL, 'DUPLICATE_USAGE', 'Token already used', '::1', 'Mozilla/5.0 (iPhone; CPU iPhone OS 26_0_0 like Mac OS X) AppleWebKit/605.1.15 (KHTML, like Gecko) CriOS/144.0.7559.95 Mobile/15E148 Safari/604.1', '2026-01-29 21:54:05.665', NULL);
INSERT INTO public."FailedAttempt" (id, session_id, student_id, error_type, error_message, ip_address, device_info, attempted_at, fingerprint_hash) VALUES (139, NULL, NULL, 'DUPLICATE_USAGE', 'Token already used', '::1', 'Mozilla/5.0 (iPhone; CPU iPhone OS 26_0_0 like Mac OS X) AppleWebKit/605.1.15 (KHTML, like Gecko) CriOS/144.0.7559.95 Mobile/15E148 Safari/604.1', '2026-01-29 21:54:05.694', NULL);
INSERT INTO public."FailedAttempt" (id, session_id, student_id, error_type, error_message, ip_address, device_info, attempted_at, fingerprint_hash) VALUES (140, NULL, NULL, 'DUPLICATE_USAGE', 'Token already used', '::1', 'Mozilla/5.0 (iPhone; CPU iPhone OS 26_0_0 like Mac OS X) AppleWebKit/605.1.15 (KHTML, like Gecko) CriOS/144.0.7559.95 Mobile/15E148 Safari/604.1', '2026-01-29 21:54:05.719', NULL);
INSERT INTO public."FailedAttempt" (id, session_id, student_id, error_type, error_message, ip_address, device_info, attempted_at, fingerprint_hash) VALUES (141, NULL, NULL, 'DUPLICATE_USAGE', 'Token already used', '::1', 'Mozilla/5.0 (iPhone; CPU iPhone OS 26_0_0 like Mac OS X) AppleWebKit/605.1.15 (KHTML, like Gecko) CriOS/144.0.7559.95 Mobile/15E148 Safari/604.1', '2026-01-29 21:54:05.829', NULL);
INSERT INTO public."FailedAttempt" (id, session_id, student_id, error_type, error_message, ip_address, device_info, attempted_at, fingerprint_hash) VALUES (142, NULL, NULL, 'DUPLICATE_USAGE', 'Token already used', '::1', 'Mozilla/5.0 (iPhone; CPU iPhone OS 26_0_0 like Mac OS X) AppleWebKit/605.1.15 (KHTML, like Gecko) CriOS/144.0.7559.95 Mobile/15E148 Safari/604.1', '2026-01-29 21:54:05.938', NULL);
INSERT INTO public."FailedAttempt" (id, session_id, student_id, error_type, error_message, ip_address, device_info, attempted_at, fingerprint_hash) VALUES (143, NULL, NULL, 'DUPLICATE_USAGE', 'Token already used', '::1', 'Mozilla/5.0 (iPhone; CPU iPhone OS 26_0_0 like Mac OS X) AppleWebKit/605.1.15 (KHTML, like Gecko) CriOS/144.0.7559.95 Mobile/15E148 Safari/604.1', '2026-01-29 21:54:06.06', NULL);
INSERT INTO public."FailedAttempt" (id, session_id, student_id, error_type, error_message, ip_address, device_info, attempted_at, fingerprint_hash) VALUES (144, NULL, NULL, 'DUPLICATE_USAGE', 'Token already used', '::1', 'Mozilla/5.0 (iPhone; CPU iPhone OS 26_0_0 like Mac OS X) AppleWebKit/605.1.15 (KHTML, like Gecko) CriOS/144.0.7559.95 Mobile/15E148 Safari/604.1', '2026-01-29 21:54:06.184', NULL);
INSERT INTO public."FailedAttempt" (id, session_id, student_id, error_type, error_message, ip_address, device_info, attempted_at, fingerprint_hash) VALUES (145, NULL, NULL, 'DUPLICATE_USAGE', 'Token already used', '::1', 'Mozilla/5.0 (iPhone; CPU iPhone OS 26_0_0 like Mac OS X) AppleWebKit/605.1.15 (KHTML, like Gecko) CriOS/144.0.7559.95 Mobile/15E148 Safari/604.1', '2026-01-29 21:54:06.278', NULL);
INSERT INTO public."FailedAttempt" (id, session_id, student_id, error_type, error_message, ip_address, device_info, attempted_at, fingerprint_hash) VALUES (146, NULL, NULL, 'DUPLICATE_USAGE', 'Token already used', '::1', 'Mozilla/5.0 (iPhone; CPU iPhone OS 26_0_0 like Mac OS X) AppleWebKit/605.1.15 (KHTML, like Gecko) CriOS/144.0.7559.95 Mobile/15E148 Safari/604.1', '2026-01-29 21:54:06.385', NULL);
INSERT INTO public."FailedAttempt" (id, session_id, student_id, error_type, error_message, ip_address, device_info, attempted_at, fingerprint_hash) VALUES (147, NULL, NULL, 'DUPLICATE_USAGE', 'Token already used', '::1', 'Mozilla/5.0 (iPhone; CPU iPhone OS 26_0_0 like Mac OS X) AppleWebKit/605.1.15 (KHTML, like Gecko) CriOS/144.0.7559.95 Mobile/15E148 Safari/604.1', '2026-01-29 21:54:06.49', NULL);
INSERT INTO public."FailedAttempt" (id, session_id, student_id, error_type, error_message, ip_address, device_info, attempted_at, fingerprint_hash) VALUES (148, NULL, NULL, 'DUPLICATE_USAGE', 'Token already used', '::1', 'Mozilla/5.0 (iPhone; CPU iPhone OS 26_0_0 like Mac OS X) AppleWebKit/605.1.15 (KHTML, like Gecko) CriOS/144.0.7559.95 Mobile/15E148 Safari/604.1', '2026-01-29 21:54:06.606', NULL);
INSERT INTO public."FailedAttempt" (id, session_id, student_id, error_type, error_message, ip_address, device_info, attempted_at, fingerprint_hash) VALUES (149, NULL, NULL, 'DUPLICATE_USAGE', 'Token already used', '::1', 'Mozilla/5.0 (iPhone; CPU iPhone OS 26_0_0 like Mac OS X) AppleWebKit/605.1.15 (KHTML, like Gecko) CriOS/144.0.7559.95 Mobile/15E148 Safari/604.1', '2026-01-29 21:54:06.718', NULL);
INSERT INTO public."FailedAttempt" (id, session_id, student_id, error_type, error_message, ip_address, device_info, attempted_at, fingerprint_hash) VALUES (150, NULL, NULL, 'DUPLICATE_USAGE', 'Token already used', '::1', 'Mozilla/5.0 (iPhone; CPU iPhone OS 26_0_0 like Mac OS X) AppleWebKit/605.1.15 (KHTML, like Gecko) CriOS/144.0.7559.95 Mobile/15E148 Safari/604.1', '2026-01-29 21:54:06.819', NULL);
INSERT INTO public."FailedAttempt" (id, session_id, student_id, error_type, error_message, ip_address, device_info, attempted_at, fingerprint_hash) VALUES (151, NULL, NULL, 'DUPLICATE_USAGE', 'Token already used', '::1', 'Mozilla/5.0 (iPhone; CPU iPhone OS 26_0_0 like Mac OS X) AppleWebKit/605.1.15 (KHTML, like Gecko) CriOS/144.0.7559.95 Mobile/15E148 Safari/604.1', '2026-01-29 21:54:06.931', NULL);
INSERT INTO public."FailedAttempt" (id, session_id, student_id, error_type, error_message, ip_address, device_info, attempted_at, fingerprint_hash) VALUES (152, NULL, NULL, 'DUPLICATE_USAGE', 'Token already used', '::1', 'Mozilla/5.0 (iPhone; CPU iPhone OS 26_0_0 like Mac OS X) AppleWebKit/605.1.15 (KHTML, like Gecko) CriOS/144.0.7559.95 Mobile/15E148 Safari/604.1', '2026-01-29 21:54:07.035', NULL);
INSERT INTO public."FailedAttempt" (id, session_id, student_id, error_type, error_message, ip_address, device_info, attempted_at, fingerprint_hash) VALUES (158, NULL, NULL, 'DUPLICATE_USAGE', 'Token already used', '::1', 'Mozilla/5.0 (iPhone; CPU iPhone OS 26_0_0 like Mac OS X) AppleWebKit/605.1.15 (KHTML, like Gecko) CriOS/144.0.7559.95 Mobile/15E148 Safari/604.1', '2026-01-29 21:54:07.681', NULL);
INSERT INTO public."FailedAttempt" (id, session_id, student_id, error_type, error_message, ip_address, device_info, attempted_at, fingerprint_hash) VALUES (159, NULL, NULL, 'DUPLICATE_USAGE', 'Token already used', '::1', 'Mozilla/5.0 (iPhone; CPU iPhone OS 26_0_0 like Mac OS X) AppleWebKit/605.1.15 (KHTML, like Gecko) CriOS/144.0.7559.95 Mobile/15E148 Safari/604.1', '2026-01-29 21:54:07.791', NULL);
INSERT INTO public."FailedAttempt" (id, session_id, student_id, error_type, error_message, ip_address, device_info, attempted_at, fingerprint_hash) VALUES (160, NULL, NULL, 'DUPLICATE_USAGE', 'Token already used', '::1', 'Mozilla/5.0 (iPhone; CPU iPhone OS 26_0_0 like Mac OS X) AppleWebKit/605.1.15 (KHTML, like Gecko) CriOS/144.0.7559.95 Mobile/15E148 Safari/604.1', '2026-01-29 21:54:07.908', NULL);
INSERT INTO public."FailedAttempt" (id, session_id, student_id, error_type, error_message, ip_address, device_info, attempted_at, fingerprint_hash) VALUES (161, NULL, NULL, 'DUPLICATE_USAGE', 'Token already used', '::1', 'Mozilla/5.0 (iPhone; CPU iPhone OS 26_0_0 like Mac OS X) AppleWebKit/605.1.15 (KHTML, like Gecko) CriOS/144.0.7559.95 Mobile/15E148 Safari/604.1', '2026-01-29 21:54:08.016', NULL);
INSERT INTO public."FailedAttempt" (id, session_id, student_id, error_type, error_message, ip_address, device_info, attempted_at, fingerprint_hash) VALUES (162, NULL, NULL, 'DUPLICATE_USAGE', 'Token already used', '::1', 'Mozilla/5.0 (iPhone; CPU iPhone OS 26_0_0 like Mac OS X) AppleWebKit/605.1.15 (KHTML, like Gecko) CriOS/144.0.7559.95 Mobile/15E148 Safari/604.1', '2026-01-29 21:54:08.139', NULL);
INSERT INTO public."FailedAttempt" (id, session_id, student_id, error_type, error_message, ip_address, device_info, attempted_at, fingerprint_hash) VALUES (163, NULL, NULL, 'DUPLICATE_USAGE', 'Token already used', '::1', 'Mozilla/5.0 (iPhone; CPU iPhone OS 26_0_0 like Mac OS X) AppleWebKit/605.1.15 (KHTML, like Gecko) CriOS/144.0.7559.95 Mobile/15E148 Safari/604.1', '2026-01-29 21:54:08.24', NULL);
INSERT INTO public."FailedAttempt" (id, session_id, student_id, error_type, error_message, ip_address, device_info, attempted_at, fingerprint_hash) VALUES (164, NULL, NULL, 'DUPLICATE_USAGE', 'Token already used', '::1', 'Mozilla/5.0 (iPhone; CPU iPhone OS 26_0_0 like Mac OS X) AppleWebKit/605.1.15 (KHTML, like Gecko) CriOS/144.0.7559.95 Mobile/15E148 Safari/604.1', '2026-01-29 21:54:08.344', NULL);
INSERT INTO public."FailedAttempt" (id, session_id, student_id, error_type, error_message, ip_address, device_info, attempted_at, fingerprint_hash) VALUES (165, NULL, NULL, 'DUPLICATE_USAGE', 'Token already used', '::1', 'Mozilla/5.0 (iPhone; CPU iPhone OS 26_0_0 like Mac OS X) AppleWebKit/605.1.15 (KHTML, like Gecko) CriOS/144.0.7559.95 Mobile/15E148 Safari/604.1', '2026-01-29 21:54:08.456', NULL);
INSERT INTO public."FailedAttempt" (id, session_id, student_id, error_type, error_message, ip_address, device_info, attempted_at, fingerprint_hash) VALUES (166, NULL, NULL, 'DUPLICATE_USAGE', 'Token already used', '::1', 'Mozilla/5.0 (iPhone; CPU iPhone OS 26_0_0 like Mac OS X) AppleWebKit/605.1.15 (KHTML, like Gecko) CriOS/144.0.7559.95 Mobile/15E148 Safari/604.1', '2026-01-29 21:54:08.568', NULL);
INSERT INTO public."FailedAttempt" (id, session_id, student_id, error_type, error_message, ip_address, device_info, attempted_at, fingerprint_hash) VALUES (167, NULL, NULL, 'DUPLICATE_USAGE', 'Token already used', '::1', 'Mozilla/5.0 (iPhone; CPU iPhone OS 26_0_0 like Mac OS X) AppleWebKit/605.1.15 (KHTML, like Gecko) CriOS/144.0.7559.95 Mobile/15E148 Safari/604.1', '2026-01-29 21:54:08.68', NULL);
INSERT INTO public."FailedAttempt" (id, session_id, student_id, error_type, error_message, ip_address, device_info, attempted_at, fingerprint_hash) VALUES (168, NULL, NULL, 'DUPLICATE_USAGE', 'Token already used', '::1', 'Mozilla/5.0 (iPhone; CPU iPhone OS 26_0_0 like Mac OS X) AppleWebKit/605.1.15 (KHTML, like Gecko) CriOS/144.0.7559.95 Mobile/15E148 Safari/604.1', '2026-01-29 21:54:08.787', NULL);
INSERT INTO public."FailedAttempt" (id, session_id, student_id, error_type, error_message, ip_address, device_info, attempted_at, fingerprint_hash) VALUES (169, NULL, NULL, 'DUPLICATE_USAGE', 'Token already used', '::1', 'Mozilla/5.0 (iPhone; CPU iPhone OS 26_0_0 like Mac OS X) AppleWebKit/605.1.15 (KHTML, like Gecko) CriOS/144.0.7559.95 Mobile/15E148 Safari/604.1', '2026-01-29 21:54:08.895', NULL);
INSERT INTO public."FailedAttempt" (id, session_id, student_id, error_type, error_message, ip_address, device_info, attempted_at, fingerprint_hash) VALUES (170, NULL, NULL, 'DUPLICATE_USAGE', 'Token already used', '::1', 'Mozilla/5.0 (iPhone; CPU iPhone OS 26_0_0 like Mac OS X) AppleWebKit/605.1.15 (KHTML, like Gecko) CriOS/144.0.7559.95 Mobile/15E148 Safari/604.1', '2026-01-29 21:54:08.999', NULL);
INSERT INTO public."FailedAttempt" (id, session_id, student_id, error_type, error_message, ip_address, device_info, attempted_at, fingerprint_hash) VALUES (171, NULL, NULL, 'DUPLICATE_USAGE', 'Token already used', '::1', 'Mozilla/5.0 (iPhone; CPU iPhone OS 26_0_0 like Mac OS X) AppleWebKit/605.1.15 (KHTML, like Gecko) CriOS/144.0.7559.95 Mobile/15E148 Safari/604.1', '2026-01-29 21:54:09.096', NULL);
INSERT INTO public."FailedAttempt" (id, session_id, student_id, error_type, error_message, ip_address, device_info, attempted_at, fingerprint_hash) VALUES (172, NULL, NULL, 'DUPLICATE_USAGE', 'Token already used', '::1', 'Mozilla/5.0 (iPhone; CPU iPhone OS 26_0_0 like Mac OS X) AppleWebKit/605.1.15 (KHTML, like Gecko) CriOS/144.0.7559.95 Mobile/15E148 Safari/604.1', '2026-01-29 21:54:09.219', NULL);
INSERT INTO public."FailedAttempt" (id, session_id, student_id, error_type, error_message, ip_address, device_info, attempted_at, fingerprint_hash) VALUES (173, NULL, NULL, 'DUPLICATE_USAGE', 'Token already used', '::1', 'Mozilla/5.0 (iPhone; CPU iPhone OS 26_0_0 like Mac OS X) AppleWebKit/605.1.15 (KHTML, like Gecko) CriOS/144.0.7559.95 Mobile/15E148 Safari/604.1', '2026-01-29 21:54:09.316', NULL);
INSERT INTO public."FailedAttempt" (id, session_id, student_id, error_type, error_message, ip_address, device_info, attempted_at, fingerprint_hash) VALUES (174, NULL, NULL, 'DUPLICATE_USAGE', 'Token already used', '::1', 'Mozilla/5.0 (iPhone; CPU iPhone OS 26_0_0 like Mac OS X) AppleWebKit/605.1.15 (KHTML, like Gecko) CriOS/144.0.7559.95 Mobile/15E148 Safari/604.1', '2026-01-29 21:59:01.212', NULL);
INSERT INTO public."FailedAttempt" (id, session_id, student_id, error_type, error_message, ip_address, device_info, attempted_at, fingerprint_hash) VALUES (175, NULL, NULL, 'DUPLICATE_USAGE', 'Token already used', '::1', 'Mozilla/5.0 (iPhone; CPU iPhone OS 26_0_0 like Mac OS X) AppleWebKit/605.1.15 (KHTML, like Gecko) CriOS/144.0.7559.95 Mobile/15E148 Safari/604.1', '2026-01-29 21:59:01.211', NULL);
INSERT INTO public."FailedAttempt" (id, session_id, student_id, error_type, error_message, ip_address, device_info, attempted_at, fingerprint_hash) VALUES (176, NULL, NULL, 'DUPLICATE_USAGE', 'Token already used', '::1', 'Mozilla/5.0 (iPhone; CPU iPhone OS 26_0_0 like Mac OS X) AppleWebKit/605.1.15 (KHTML, like Gecko) CriOS/144.0.7559.95 Mobile/15E148 Safari/604.1', '2026-01-29 21:59:01.241', NULL);
INSERT INTO public."FailedAttempt" (id, session_id, student_id, error_type, error_message, ip_address, device_info, attempted_at, fingerprint_hash) VALUES (177, NULL, NULL, 'DUPLICATE_USAGE', 'Token already used', '::1', 'Mozilla/5.0 (iPhone; CPU iPhone OS 26_0_0 like Mac OS X) AppleWebKit/605.1.15 (KHTML, like Gecko) CriOS/144.0.7559.95 Mobile/15E148 Safari/604.1', '2026-01-29 21:59:01.275', NULL);
INSERT INTO public."FailedAttempt" (id, session_id, student_id, error_type, error_message, ip_address, device_info, attempted_at, fingerprint_hash) VALUES (178, NULL, NULL, 'DUPLICATE_USAGE', 'Token already used', '::1', 'Mozilla/5.0 (iPhone; CPU iPhone OS 26_0_0 like Mac OS X) AppleWebKit/605.1.15 (KHTML, like Gecko) CriOS/144.0.7559.95 Mobile/15E148 Safari/604.1', '2026-01-29 21:59:01.275', NULL);
INSERT INTO public."FailedAttempt" (id, session_id, student_id, error_type, error_message, ip_address, device_info, attempted_at, fingerprint_hash) VALUES (179, NULL, NULL, 'DUPLICATE_USAGE', 'Token already used', '::1', 'Mozilla/5.0 (iPhone; CPU iPhone OS 26_0_0 like Mac OS X) AppleWebKit/605.1.15 (KHTML, like Gecko) CriOS/144.0.7559.95 Mobile/15E148 Safari/604.1', '2026-01-29 21:59:10.936', NULL);
INSERT INTO public."FailedAttempt" (id, session_id, student_id, error_type, error_message, ip_address, device_info, attempted_at, fingerprint_hash) VALUES (57, NULL, NULL, 'EMAIL_NOT_VERIFIED', 'Student login failed: Email not verified for ameerqahmed@gmail.com', '::1', 'Mozilla/5.0 (Windows NT 10.0; Win64; x64) AppleWebKit/537.36 (KHTML, like Gecko) Chrome/144.0.0.0 Safari/537.36 Edg/144.0.0.0', '2026-01-27 18:46:52.184', NULL);
INSERT INTO public."FailedAttempt" (id, session_id, student_id, error_type, error_message, ip_address, device_info, attempted_at, fingerprint_hash) VALUES (101, NULL, NULL, 'DUPLICATE_USAGE', 'Token already used', '::1', 'Mozilla/5.0 (iPhone; CPU iPhone OS 26_0_0 like Mac OS X) AppleWebKit/605.1.15 (KHTML, like Gecko) CriOS/144.0.7559.95 Mobile/15E148 Safari/604.1', '2026-01-29 21:54:01.345', NULL);
INSERT INTO public."FailedAttempt" (id, session_id, student_id, error_type, error_message, ip_address, device_info, attempted_at, fingerprint_hash) VALUES (102, NULL, NULL, 'DUPLICATE_USAGE', 'Token already used', '::1', 'Mozilla/5.0 (iPhone; CPU iPhone OS 26_0_0 like Mac OS X) AppleWebKit/605.1.15 (KHTML, like Gecko) CriOS/144.0.7559.95 Mobile/15E148 Safari/604.1', '2026-01-29 21:54:01.462', NULL);
INSERT INTO public."FailedAttempt" (id, session_id, student_id, error_type, error_message, ip_address, device_info, attempted_at, fingerprint_hash) VALUES (103, NULL, NULL, 'DUPLICATE_USAGE', 'Token already used', '::1', 'Mozilla/5.0 (iPhone; CPU iPhone OS 26_0_0 like Mac OS X) AppleWebKit/605.1.15 (KHTML, like Gecko) CriOS/144.0.7559.95 Mobile/15E148 Safari/604.1', '2026-01-29 21:54:01.564', NULL);
INSERT INTO public."FailedAttempt" (id, session_id, student_id, error_type, error_message, ip_address, device_info, attempted_at, fingerprint_hash) VALUES (104, NULL, NULL, 'DUPLICATE_USAGE', 'Token already used', '::1', 'Mozilla/5.0 (iPhone; CPU iPhone OS 26_0_0 like Mac OS X) AppleWebKit/605.1.15 (KHTML, like Gecko) CriOS/144.0.7559.95 Mobile/15E148 Safari/604.1', '2026-01-29 21:54:01.68', NULL);
INSERT INTO public."FailedAttempt" (id, session_id, student_id, error_type, error_message, ip_address, device_info, attempted_at, fingerprint_hash) VALUES (105, NULL, NULL, 'DUPLICATE_USAGE', 'Token already used', '::1', 'Mozilla/5.0 (iPhone; CPU iPhone OS 26_0_0 like Mac OS X) AppleWebKit/605.1.15 (KHTML, like Gecko) CriOS/144.0.7559.95 Mobile/15E148 Safari/604.1', '2026-01-29 21:54:01.775', NULL);
INSERT INTO public."FailedAttempt" (id, session_id, student_id, error_type, error_message, ip_address, device_info, attempted_at, fingerprint_hash) VALUES (106, NULL, NULL, 'DUPLICATE_USAGE', 'Token already used', '::1', 'Mozilla/5.0 (iPhone; CPU iPhone OS 26_0_0 like Mac OS X) AppleWebKit/605.1.15 (KHTML, like Gecko) CriOS/144.0.7559.95 Mobile/15E148 Safari/604.1', '2026-01-29 21:54:01.886', NULL);
INSERT INTO public."FailedAttempt" (id, session_id, student_id, error_type, error_message, ip_address, device_info, attempted_at, fingerprint_hash) VALUES (107, NULL, NULL, 'DUPLICATE_USAGE', 'Token already used', '::1', 'Mozilla/5.0 (iPhone; CPU iPhone OS 26_0_0 like Mac OS X) AppleWebKit/605.1.15 (KHTML, like Gecko) CriOS/144.0.7559.95 Mobile/15E148 Safari/604.1', '2026-01-29 21:54:02.14', NULL);
INSERT INTO public."FailedAttempt" (id, session_id, student_id, error_type, error_message, ip_address, device_info, attempted_at, fingerprint_hash) VALUES (108, NULL, NULL, 'DUPLICATE_USAGE', 'Token already used', '::1', 'Mozilla/5.0 (iPhone; CPU iPhone OS 26_0_0 like Mac OS X) AppleWebKit/605.1.15 (KHTML, like Gecko) CriOS/144.0.7559.95 Mobile/15E148 Safari/604.1', '2026-01-29 21:54:02.224', NULL);
INSERT INTO public."FailedAttempt" (id, session_id, student_id, error_type, error_message, ip_address, device_info, attempted_at, fingerprint_hash) VALUES (109, NULL, NULL, 'DUPLICATE_USAGE', 'Token already used', '::1', 'Mozilla/5.0 (iPhone; CPU iPhone OS 26_0_0 like Mac OS X) AppleWebKit/605.1.15 (KHTML, like Gecko) CriOS/144.0.7559.95 Mobile/15E148 Safari/604.1', '2026-01-29 21:54:02.236', NULL);
INSERT INTO public."FailedAttempt" (id, session_id, student_id, error_type, error_message, ip_address, device_info, attempted_at, fingerprint_hash) VALUES (110, NULL, NULL, 'DUPLICATE_USAGE', 'Token already used', '::1', 'Mozilla/5.0 (iPhone; CPU iPhone OS 26_0_0 like Mac OS X) AppleWebKit/605.1.15 (KHTML, like Gecko) CriOS/144.0.7559.95 Mobile/15E148 Safari/604.1', '2026-01-29 21:54:02.337', NULL);
INSERT INTO public."FailedAttempt" (id, session_id, student_id, error_type, error_message, ip_address, device_info, attempted_at, fingerprint_hash) VALUES (111, NULL, NULL, 'DUPLICATE_USAGE', 'Token already used', '::1', 'Mozilla/5.0 (iPhone; CPU iPhone OS 26_0_0 like Mac OS X) AppleWebKit/605.1.15 (KHTML, like Gecko) CriOS/144.0.7559.95 Mobile/15E148 Safari/604.1', '2026-01-29 21:54:02.444', NULL);
INSERT INTO public."FailedAttempt" (id, session_id, student_id, error_type, error_message, ip_address, device_info, attempted_at, fingerprint_hash) VALUES (112, NULL, NULL, 'DUPLICATE_USAGE', 'Token already used', '::1', 'Mozilla/5.0 (iPhone; CPU iPhone OS 26_0_0 like Mac OS X) AppleWebKit/605.1.15 (KHTML, like Gecko) CriOS/144.0.7559.95 Mobile/15E148 Safari/604.1', '2026-01-29 21:54:02.558', NULL);
INSERT INTO public."FailedAttempt" (id, session_id, student_id, error_type, error_message, ip_address, device_info, attempted_at, fingerprint_hash) VALUES (183, NULL, 257, 'FINGERPRINT_MISMATCH', 'Student login failed: Device fingerprint mismatch for dina.nabil.2cc137@gmail.com', '::1', 'Mozilla/5.0 (iPhone; CPU iPhone OS 26_0_0 like Mac OS X) AppleWebKit/605.1.15 (KHTML, like Gecko) CriOS/144.0.7559.95 Mobile/15E148 Safari/604.1', '2026-01-30 21:49:50.75', 'dca894e0a6635bc69fbf794274e29f26e1f37cf64bb77db74336bfbee6477b6e');
INSERT INTO public."FailedAttempt" (id, session_id, student_id, error_type, error_message, ip_address, device_info, attempted_at, fingerprint_hash) VALUES (184, NULL, 257, 'FINGERPRINT_MISMATCH', 'Student login failed: Device fingerprint mismatch for dina.nabil.2cc137@gmail.com', '::1', 'Mozilla/5.0 (iPhone; CPU iPhone OS 26_0_0 like Mac OS X) AppleWebKit/605.1.15 (KHTML, like Gecko) CriOS/144.0.7559.95 Mobile/15E148 Safari/604.1', '2026-01-30 21:49:53.425', 'dca894e0a6635bc69fbf794274e29f26e1f37cf64bb77db74336bfbee6477b6e');
INSERT INTO public."FailedAttempt" (id, session_id, student_id, error_type, error_message, ip_address, device_info, attempted_at, fingerprint_hash) VALUES (193, NULL, 275, 'FINGERPRINT_MISMATCH', 'Student login failed: Device fingerprint mismatch for ali.ezzat.a94933@gmail.com', '::1', 'Mozilla/5.0 (iPhone; CPU iPhone OS 26_0_0 like Mac OS X) AppleWebKit/605.1.15 (KHTML, like Gecko) CriOS/144.0.7559.95 Mobile/15E148 Safari/604.1', '2026-02-11 08:54:04.628', '0765e81fbc0fc4798f1564d75d2d3caf30e05146d52e37c5a6fc962d7b9f75b1');
INSERT INTO public."FailedAttempt" (id, session_id, student_id, error_type, error_message, ip_address, device_info, attempted_at, fingerprint_hash) VALUES (194, NULL, 275, 'FINGERPRINT_MISMATCH', 'Student login failed: Device fingerprint mismatch for ali.ezzat.a94933@gmail.com', '::1', 'Mozilla/5.0 (iPhone; CPU iPhone OS 26_0_0 like Mac OS X) AppleWebKit/605.1.15 (KHTML, like Gecko) CriOS/144.0.7559.95 Mobile/15E148 Safari/604.1', '2026-02-11 08:54:06.48', '0765e81fbc0fc4798f1564d75d2d3caf30e05146d52e37c5a6fc962d7b9f75b1');
INSERT INTO public."FailedAttempt" (id, session_id, student_id, error_type, error_message, ip_address, device_info, attempted_at, fingerprint_hash) VALUES (185, 218, 257, 'EXPIRED_TOKEN', 'Token expired', '::1', 'Mozilla/5.0 (iPhone; CPU iPhone OS 26_0_0 like Mac OS X) AppleWebKit/605.1.15 (KHTML, like Gecko) CriOS/144.0.7559.95 Mobile/15E148 Safari/604.1', '2026-01-31 17:33:45.124', NULL);
INSERT INTO public."FailedAttempt" (id, session_id, student_id, error_type, error_message, ip_address, device_info, attempted_at, fingerprint_hash) VALUES (186, 218, 257, 'EXPIRED_TOKEN', 'Token expired', '::1', 'Mozilla/5.0 (iPhone; CPU iPhone OS 26_0_0 like Mac OS X) AppleWebKit/605.1.15 (KHTML, like Gecko) CriOS/144.0.7559.95 Mobile/15E148 Safari/604.1', '2026-01-31 17:33:50.238', NULL);
INSERT INTO public."FailedAttempt" (id, session_id, student_id, error_type, error_message, ip_address, device_info, attempted_at, fingerprint_hash) VALUES (195, NULL, 275, 'FINGERPRINT_MISMATCH', 'Student login failed: Device fingerprint mismatch for ali.ezzat.a94933@gmail.com', '::1', 'Mozilla/5.0 (iPhone; CPU iPhone OS 26_0_0 like Mac OS X) AppleWebKit/605.1.15 (KHTML, like Gecko) CriOS/144.0.7559.95 Mobile/15E148 Safari/604.1', '2026-02-11 08:55:04.969', '0765e81fbc0fc4798f1564d75d2d3caf30e05146d52e37c5a6fc962d7b9f75b1');
INSERT INTO public."FailedAttempt" (id, session_id, student_id, error_type, error_message, ip_address, device_info, attempted_at, fingerprint_hash) VALUES (187, 230, 275, 'GEOFENCE_ERROR', 'Distance: 12213829m, Allowed: 50m', '::1', 'Mozilla/5.0 (iPhone; CPU iPhone OS 26_0_0 like Mac OS X) AppleWebKit/605.1.15 (KHTML, like Gecko) CriOS/144.0.7559.95 Mobile/15E148 Safari/604.1', '2026-02-02 07:29:02.817', NULL);
INSERT INTO public."FailedAttempt" (id, session_id, student_id, error_type, error_message, ip_address, device_info, attempted_at, fingerprint_hash) VALUES (153, NULL, NULL, 'DUPLICATE_USAGE', 'Token already used', '::1', 'Mozilla/5.0 (iPhone; CPU iPhone OS 26_0_0 like Mac OS X) AppleWebKit/605.1.15 (KHTML, like Gecko) CriOS/144.0.7559.95 Mobile/15E148 Safari/604.1', '2026-01-29 21:54:07.144', NULL);
INSERT INTO public."FailedAttempt" (id, session_id, student_id, error_type, error_message, ip_address, device_info, attempted_at, fingerprint_hash) VALUES (154, NULL, NULL, 'DUPLICATE_USAGE', 'Token already used', '::1', 'Mozilla/5.0 (iPhone; CPU iPhone OS 26_0_0 like Mac OS X) AppleWebKit/605.1.15 (KHTML, like Gecko) CriOS/144.0.7559.95 Mobile/15E148 Safari/604.1', '2026-01-29 21:54:07.256', NULL);
INSERT INTO public."FailedAttempt" (id, session_id, student_id, error_type, error_message, ip_address, device_info, attempted_at, fingerprint_hash) VALUES (155, NULL, NULL, 'DUPLICATE_USAGE', 'Token already used', '::1', 'Mozilla/5.0 (iPhone; CPU iPhone OS 26_0_0 like Mac OS X) AppleWebKit/605.1.15 (KHTML, like Gecko) CriOS/144.0.7559.95 Mobile/15E148 Safari/604.1', '2026-01-29 21:54:07.363', NULL);
INSERT INTO public."FailedAttempt" (id, session_id, student_id, error_type, error_message, ip_address, device_info, attempted_at, fingerprint_hash) VALUES (156, NULL, NULL, 'DUPLICATE_USAGE', 'Token already used', '::1', 'Mozilla/5.0 (iPhone; CPU iPhone OS 26_0_0 like Mac OS X) AppleWebKit/605.1.15 (KHTML, like Gecko) CriOS/144.0.7559.95 Mobile/15E148 Safari/604.1', '2026-01-29 21:54:07.472', NULL);
INSERT INTO public."FailedAttempt" (id, session_id, student_id, error_type, error_message, ip_address, device_info, attempted_at, fingerprint_hash) VALUES (157, NULL, NULL, 'DUPLICATE_USAGE', 'Token already used', '::1', 'Mozilla/5.0 (iPhone; CPU iPhone OS 26_0_0 like Mac OS X) AppleWebKit/605.1.15 (KHTML, like Gecko) CriOS/144.0.7559.95 Mobile/15E148 Safari/604.1', '2026-01-29 21:54:07.596', NULL);
INSERT INTO public."FailedAttempt" (id, session_id, student_id, error_type, error_message, ip_address, device_info, attempted_at, fingerprint_hash) VALUES (58, NULL, NULL, 'EMAIL_NOT_VERIFIED', 'Student login failed: Email not verified for ameerqahmed@gmail.com', '::1', 'Mozilla/5.0 (Windows NT 10.0; Win64; x64) AppleWebKit/537.36 (KHTML, like Gecko) Chrome/144.0.0.0 Safari/537.36 Edg/144.0.0.0', '2026-01-27 18:46:52.354', NULL);
INSERT INTO public."FailedAttempt" (id, session_id, student_id, error_type, error_message, ip_address, device_info, attempted_at, fingerprint_hash) VALUES (59, NULL, NULL, 'EMAIL_NOT_VERIFIED', 'Student login failed: Email not verified for ameerqahmed@gmail.com', '::1', 'Mozilla/5.0 (Windows NT 10.0; Win64; x64) AppleWebKit/537.36 (KHTML, like Gecko) Chrome/144.0.0.0 Safari/537.36 Edg/144.0.0.0', '2026-01-27 18:46:52.719', NULL);
INSERT INTO public."FailedAttempt" (id, session_id, student_id, error_type, error_message, ip_address, device_info, attempted_at, fingerprint_hash) VALUES (60, NULL, NULL, 'EMAIL_NOT_VERIFIED', 'Student login failed: Email not verified for ameerqahmed@gmail.com', '::1', 'Mozilla/5.0 (Windows NT 10.0; Win64; x64) AppleWebKit/537.36 (KHTML, like Gecko) Chrome/144.0.0.0 Safari/537.36 Edg/144.0.0.0', '2026-01-27 18:46:53.136', NULL);
INSERT INTO public."FailedAttempt" (id, session_id, student_id, error_type, error_message, ip_address, device_info, attempted_at, fingerprint_hash) VALUES (61, NULL, NULL, 'EMAIL_NOT_VERIFIED', 'Student login failed: Email not verified for ameerqahmed@gmail.com', '::1', 'Mozilla/5.0 (Windows NT 10.0; Win64; x64) AppleWebKit/537.36 (KHTML, like Gecko) Chrome/144.0.0.0 Safari/537.36 Edg/144.0.0.0', '2026-01-27 18:46:53.721', NULL);
INSERT INTO public."FailedAttempt" (id, session_id, student_id, error_type, error_message, ip_address, device_info, attempted_at, fingerprint_hash) VALUES (62, NULL, NULL, 'EMAIL_NOT_VERIFIED', 'Student login failed: Email not verified for ameerqahmed@gmail.com', '::1', 'Mozilla/5.0 (Windows NT 10.0; Win64; x64) AppleWebKit/537.36 (KHTML, like Gecko) Chrome/144.0.0.0 Safari/537.36 Edg/144.0.0.0', '2026-01-27 18:46:53.899', NULL);
INSERT INTO public."FailedAttempt" (id, session_id, student_id, error_type, error_message, ip_address, device_info, attempted_at, fingerprint_hash) VALUES (63, NULL, NULL, 'EMAIL_NOT_VERIFIED', 'Student login failed: Email not verified for ameerqahmed@gmail.com', '::1', 'Mozilla/5.0 (Windows NT 10.0; Win64; x64) AppleWebKit/537.36 (KHTML, like Gecko) Chrome/144.0.0.0 Safari/537.36 Edg/144.0.0.0', '2026-01-27 18:46:54.095', NULL);
INSERT INTO public."FailedAttempt" (id, session_id, student_id, error_type, error_message, ip_address, device_info, attempted_at, fingerprint_hash) VALUES (64, NULL, NULL, 'EMAIL_NOT_VERIFIED', 'Student login failed: Email not verified for ameerqahmed@gmail.com', '::1', 'Mozilla/5.0 (Windows NT 10.0; Win64; x64) AppleWebKit/537.36 (KHTML, like Gecko) Chrome/144.0.0.0 Safari/537.36 Edg/144.0.0.0', '2026-01-27 18:46:54.298', NULL);
INSERT INTO public."FailedAttempt" (id, session_id, student_id, error_type, error_message, ip_address, device_info, attempted_at, fingerprint_hash) VALUES (65, NULL, NULL, 'EMAIL_NOT_VERIFIED', 'Student login failed: Email not verified for ameerqahmed@gmail.com', '::1', 'Mozilla/5.0 (Windows NT 10.0; Win64; x64) AppleWebKit/537.36 (KHTML, like Gecko) Chrome/144.0.0.0 Safari/537.36 Edg/144.0.0.0', '2026-01-27 18:46:54.446', NULL);
INSERT INTO public."FailedAttempt" (id, session_id, student_id, error_type, error_message, ip_address, device_info, attempted_at, fingerprint_hash) VALUES (66, NULL, NULL, 'EMAIL_NOT_VERIFIED', 'Student login failed: Email not verified for ameerqahmed@gmail.com', '::1', 'Mozilla/5.0 (Windows NT 10.0; Win64; x64) AppleWebKit/537.36 (KHTML, like Gecko) Chrome/144.0.0.0 Safari/537.36 Edg/144.0.0.0', '2026-01-27 18:46:54.629', NULL);
INSERT INTO public."FailedAttempt" (id, session_id, student_id, error_type, error_message, ip_address, device_info, attempted_at, fingerprint_hash) VALUES (67, NULL, NULL, 'EMAIL_NOT_VERIFIED', 'Student login failed: Email not verified for ameerqahmed@gmail.com', '::1', 'Mozilla/5.0 (Windows NT 10.0; Win64; x64) AppleWebKit/537.36 (KHTML, like Gecko) Chrome/144.0.0.0 Safari/537.36 Edg/144.0.0.0', '2026-01-27 18:46:55.015', NULL);
INSERT INTO public."FailedAttempt" (id, session_id, student_id, error_type, error_message, ip_address, device_info, attempted_at, fingerprint_hash) VALUES (68, NULL, NULL, 'EMAIL_NOT_VERIFIED', 'Student login failed: Email not verified for ameerqahmed@gmail.com', '::1', 'Mozilla/5.0 (Windows NT 10.0; Win64; x64) AppleWebKit/537.36 (KHTML, like Gecko) Chrome/144.0.0.0 Safari/537.36 Edg/144.0.0.0', '2026-01-27 18:46:55.184', NULL);
INSERT INTO public."FailedAttempt" (id, session_id, student_id, error_type, error_message, ip_address, device_info, attempted_at, fingerprint_hash) VALUES (69, NULL, NULL, 'EMAIL_NOT_VERIFIED', 'Student login failed: Email not verified for ameerqahmed@gmail.com', '::1', 'Mozilla/5.0 (Windows NT 10.0; Win64; x64) AppleWebKit/537.36 (KHTML, like Gecko) Chrome/144.0.0.0 Safari/537.36 Edg/144.0.0.0', '2026-01-27 18:46:55.353', NULL);
INSERT INTO public."FailedAttempt" (id, session_id, student_id, error_type, error_message, ip_address, device_info, attempted_at, fingerprint_hash) VALUES (70, NULL, NULL, 'EMAIL_NOT_VERIFIED', 'Student login failed: Email not verified for ameerqahmed@gmail.com', '::1', 'Mozilla/5.0 (Windows NT 10.0; Win64; x64) AppleWebKit/537.36 (KHTML, like Gecko) Chrome/144.0.0.0 Safari/537.36 Edg/144.0.0.0', '2026-01-27 18:46:55.53', NULL);
INSERT INTO public."FailedAttempt" (id, session_id, student_id, error_type, error_message, ip_address, device_info, attempted_at, fingerprint_hash) VALUES (71, NULL, NULL, 'EMAIL_NOT_VERIFIED', 'Student login failed: Email not verified for ameerqahmed@gmail.com', '::1', 'Mozilla/5.0 (Windows NT 10.0; Win64; x64) AppleWebKit/537.36 (KHTML, like Gecko) Chrome/144.0.0.0 Safari/537.36 Edg/144.0.0.0', '2026-01-27 18:46:55.646', NULL);
INSERT INTO public."FailedAttempt" (id, session_id, student_id, error_type, error_message, ip_address, device_info, attempted_at, fingerprint_hash) VALUES (188, NULL, NULL, 'INVALID_CREDENTIALS', 'Login failed: Email not found - ameerahmed0780@gmail.com', '::1', 'Mozilla/5.0 (iPhone; CPU iPhone OS 26_0_0 like Mac OS X) AppleWebKit/605.1.15 (KHTML, like Gecko) CriOS/144.0.7559.95 Mobile/15E148 Safari/604.1', '2026-02-02 23:05:27.313', '95a3cd3575b3a5202441227196cc94322fede75c6234c6438ba4f24989ae9605');
INSERT INTO public."FailedAttempt" (id, session_id, student_id, error_type, error_message, ip_address, device_info, attempted_at, fingerprint_hash) VALUES (189, NULL, NULL, 'INVALID_CREDENTIALS', 'Login failed: Email not found - ameerahmed0780@gmail.com', '::1', 'Mozilla/5.0 (iPhone; CPU iPhone OS 26_0_0 like Mac OS X) AppleWebKit/605.1.15 (KHTML, like Gecko) CriOS/144.0.7559.95 Mobile/15E148 Safari/604.1', '2026-02-02 23:05:29.441', '95a3cd3575b3a5202441227196cc94322fede75c6234c6438ba4f24989ae9605');


--
-- Data for Name: PromotionConfig; Type: TABLE DATA; Schema: public; Owner: -
--



--
-- Data for Name: PromotionRecord; Type: TABLE DATA; Schema: public; Owner: -
--

INSERT INTO public."PromotionRecord" (id, academic_year_from, academic_year_to, decision, failed_count, carried_count, notes, processed_at, processed_by, student_id, stage_from_id, stage_to_id) VALUES (16, '2023-2024', '2024-2025', 'PROMOTED', 0, 0, NULL, '2026-02-13 13:31:25.271', 'TestRunner', 317, 819, 820);
INSERT INTO public."PromotionRecord" (id, academic_year_from, academic_year_to, decision, failed_count, carried_count, notes, processed_at, processed_by, student_id, stage_from_id, stage_to_id) VALUES (18, '2024-2025', '2025-2026', 'PROMOTED_WITH_CARRY', 2, 2, NULL, '2026-02-15 18:24:54.056', 'Admin', 238, 819, 820);
INSERT INTO public."PromotionRecord" (id, academic_year_from, academic_year_to, decision, failed_count, carried_count, notes, processed_at, processed_by, student_id, stage_from_id, stage_to_id) VALUES (19, '2024-2025', '2025-2026', 'PROMOTED', 0, 0, NULL, '2026-02-15 18:24:54.229', 'Admin', 237, 819, 820);
INSERT INTO public."PromotionRecord" (id, academic_year_from, academic_year_to, decision, failed_count, carried_count, notes, processed_at, processed_by, student_id, stage_from_id, stage_to_id) VALUES (20, '2024-2025', '2025-2026', 'PROMOTED', 0, 0, NULL, '2026-02-15 18:24:54.346', 'Admin', 317, 820, 821);
INSERT INTO public."PromotionRecord" (id, academic_year_from, academic_year_to, decision, failed_count, carried_count, notes, processed_at, processed_by, student_id, stage_from_id, stage_to_id) VALUES (21, '2024-2025', '2025-2026', 'PROMOTED_WITH_CARRY', 1, 1, NULL, '2026-02-15 18:28:17.706', 'Admin', 239, 819, 820);


--
-- Data for Name: QRToken; Type: TABLE DATA; Schema: public; Owner: -
--



--
-- Data for Name: TeacherMaterial; Type: TABLE DATA; Schema: public; Owner: -
--

INSERT INTO public."TeacherMaterial" (id, created_at, teacher_id, material_id) VALUES (4, '2026-01-30 21:56:29.043', 120, 318);


--
-- Data for Name: _prisma_migrations; Type: TABLE DATA; Schema: public; Owner: -
--

INSERT INTO public._prisma_migrations (id, checksum, finished_at, migration_name, logs, rolled_back_at, started_at, applied_steps_count) VALUES ('c7499972-e759-489e-a13b-0d93eee1124d', 'a4113888ceadf1e1f1dc65a07856dad386a26292d6e9da3b6fb9add7ffced035', '2026-01-16 13:12:42.620581-08', '20251110123437_init', NULL, NULL, '2026-01-16 13:12:42.5855-08', 1);
INSERT INTO public._prisma_migrations (id, checksum, finished_at, migration_name, logs, rolled_back_at, started_at, applied_steps_count) VALUES ('80d3cca4-1797-4623-94e3-ff73f10afbca', 'e797d8fadc734d2fdf11a0dcb82d9582ac511bbbf6559086aca6d947a43b6300', '2026-01-16 13:12:42.622605-08', '20251110134410_add_is_verified_to_student', NULL, NULL, '2026-01-16 13:12:42.621041-08', 1);
INSERT INTO public._prisma_migrations (id, checksum, finished_at, migration_name, logs, rolled_back_at, started_at, applied_steps_count) VALUES ('f39fe45c-affe-45b6-b491-86c92be1e456', '0e2aad8de9af01740a94354b63316d08cb059bfa84c7866f2f3cb28ef4277bbe', '2026-01-16 13:12:42.624688-08', '20251118132024_add_fingerprint_fields', NULL, NULL, '2026-01-16 13:12:42.622942-08', 1);
INSERT INTO public._prisma_migrations (id, checksum, finished_at, migration_name, logs, rolled_back_at, started_at, applied_steps_count) VALUES ('43c2545c-c1b9-40ec-ab6b-a4d8e2a37bc7', 'ebe9610b9bc5abdd700704bdc2eabebbe7a74f6ad57c020f307a841c14a54b10', '2026-01-16 13:12:42.626225-08', '20251119185215_add_fingerprint_to_student', NULL, NULL, '2026-01-16 13:12:42.625002-08', 1);
INSERT INTO public._prisma_migrations (id, checksum, finished_at, migration_name, logs, rolled_back_at, started_at, applied_steps_count) VALUES ('0f3b6b18-2e49-4b43-a5d8-957f60500e6f', 'aec67d86ad2a2b423a89089ba66526ad9a82902714ad95068f6f32c5a50caced', '2026-01-16 13:13:35.380463-08', '20260116211335_setup_database', NULL, NULL, '2026-01-16 13:13:35.359522-08', 1);
INSERT INTO public._prisma_migrations (id, checksum, finished_at, migration_name, logs, rolled_back_at, started_at, applied_steps_count) VALUES ('011f8fc5-42f5-4f10-9e09-cbe0bd28f4e9', 'c9b98e69f3637249bc1f66d26f50e86f749d140b9fde2cf435485fea49a89add', '2026-01-23 00:29:55.948105-08', '20260123112933_add_email_verification_fields', NULL, NULL, '2026-01-23 00:29:55.939891-08', 1);
INSERT INTO public._prisma_migrations (id, checksum, finished_at, migration_name, logs, rolled_back_at, started_at, applied_steps_count) VALUES ('baaf5afa-725a-47e9-b16b-e6a0b88974b4', '85a610269f7c92f190bbef8de434ba6829edc82723af46f2b45c821108ff6ba9', '2026-01-23 02:45:06.038227-08', '20260123134327_add_teacher_material_relation', NULL, NULL, '2026-01-23 02:45:06.025701-08', 1);
INSERT INTO public._prisma_migrations (id, checksum, finished_at, migration_name, logs, rolled_back_at, started_at, applied_steps_count) VALUES ('f61c46ea-3a0f-4f17-b2ca-93b81f6e3e24', '5643fcd26c6d5eb2362e5428fd2e65f064c54484c9caf8b2dd9489b41b7a911e', '2026-01-30 04:08:26.723527-08', '20260130120826_add_carried_over_materials', NULL, NULL, '2026-01-30 04:08:26.69644-08', 1);
INSERT INTO public._prisma_migrations (id, checksum, finished_at, migration_name, logs, rolled_back_at, started_at, applied_steps_count) VALUES ('f8a686c5-637a-42a1-96ba-b14cd6f0e8b4', 'ffbdc5f957a571ec384542575bba2bc753e9d1cca4a6c87ef9a67198e21ce6e9', '2026-01-30 05:43:30.271227-08', '20260130134330_add_promotion_system', NULL, NULL, '2026-01-30 05:43:30.239591-08', 1);
INSERT INTO public._prisma_migrations (id, checksum, finished_at, migration_name, logs, rolled_back_at, started_at, applied_steps_count) VALUES ('374cc38a-eafa-434c-b733-133123064d15', '68639291cd37f60c706b4a13606b3594a045294bda2091f6a83406a3d11f0431', '2026-01-30 06:46:37.190349-08', '20260130144637_add_semester_system', NULL, NULL, '2026-01-30 06:46:37.187816-08', 1);
INSERT INTO public._prisma_migrations (id, checksum, finished_at, migration_name, logs, rolled_back_at, started_at, applied_steps_count) VALUES ('cf03ac35-62c4-4223-967e-3120887e6c35', '0de83efd8bc8c9e4a9bb8d22da670f0382c3d08a363470d06d5e52f2b73ea08b', '2026-01-30 11:13:29.47975-08', '20260130191329_add_department_admin_roles', NULL, NULL, '2026-01-30 11:13:29.474431-08', 1);
INSERT INTO public._prisma_migrations (id, checksum, finished_at, migration_name, logs, rolled_back_at, started_at, applied_steps_count) VALUES ('42e09ca6-4426-4de5-8d59-3394313d18cc', 'c5105ae0145e44bdafdc0f95dfd167aafda180b065753092ffd4e76bb5370eea', '2026-01-30 11:26:27.588814-08', '20260130192627_add_admin_role_system', NULL, NULL, '2026-01-30 11:26:27.584457-08', 1);
INSERT INTO public._prisma_migrations (id, checksum, finished_at, migration_name, logs, rolled_back_at, started_at, applied_steps_count) VALUES ('0098b79d-b157-4c90-8145-1f701bd28ae5', '50cad40c3a7eba8fda8e78786d7a25822e442cfc488f22eda5fc5f57090faa3b', '2026-01-30 12:12:48.340049-08', '20260130201248_remove_admin_role', NULL, NULL, '2026-01-30 12:12:48.324281-08', 1);


--
-- Name: AbsenceWarning_id_seq; Type: SEQUENCE SET; Schema: public; Owner: -
--

SELECT pg_catalog.setval('public."AbsenceWarning_id_seq"', 5, true);


--
-- Name: Admin_id_seq; Type: SEQUENCE SET; Schema: public; Owner: -
--

SELECT pg_catalog.setval('public."Admin_id_seq"', 269, true);


--
-- Name: AttendanceRecord_id_seq; Type: SEQUENCE SET; Schema: public; Owner: -
--

SELECT pg_catalog.setval('public."AttendanceRecord_id_seq"', 104, true);


--
-- Name: CarriedSubject_id_seq; Type: SEQUENCE SET; Schema: public; Owner: -
--

SELECT pg_catalog.setval('public."CarriedSubject_id_seq"', 3, true);


--
-- Name: Department_id_seq; Type: SEQUENCE SET; Schema: public; Owner: -
--

SELECT pg_catalog.setval('public."Department_id_seq"', 733, true);


--
-- Name: Enrollment_id_seq; Type: SEQUENCE SET; Schema: public; Owner: -
--

SELECT pg_catalog.setval('public."Enrollment_id_seq"', 332, true);


--
-- Name: FailedAttempt_id_seq; Type: SEQUENCE SET; Schema: public; Owner: -
--

SELECT pg_catalog.setval('public."FailedAttempt_id_seq"', 195, true);


--
-- Name: Geofence_id_seq; Type: SEQUENCE SET; Schema: public; Owner: -
--

SELECT pg_catalog.setval('public."Geofence_id_seq"', 258, true);


--
-- Name: Material_id_seq; Type: SEQUENCE SET; Schema: public; Owner: -
--

SELECT pg_catalog.setval('public."Material_id_seq"', 393, true);


--
-- Name: PromotionConfig_id_seq; Type: SEQUENCE SET; Schema: public; Owner: -
--

SELECT pg_catalog.setval('public."PromotionConfig_id_seq"', 1, false);


--
-- Name: PromotionRecord_id_seq; Type: SEQUENCE SET; Schema: public; Owner: -
--

SELECT pg_catalog.setval('public."PromotionRecord_id_seq"', 21, true);


--
-- Name: QRToken_id_seq; Type: SEQUENCE SET; Schema: public; Owner: -
--

SELECT pg_catalog.setval('public."QRToken_id_seq"', 106, true);


--
-- Name: Session_id_seq; Type: SEQUENCE SET; Schema: public; Owner: -
--

SELECT pg_catalog.setval('public."Session_id_seq"', 231, true);


--
-- Name: Stage_id_seq; Type: SEQUENCE SET; Schema: public; Owner: -
--

SELECT pg_catalog.setval('public."Stage_id_seq"', 822, true);


--
-- Name: Student_id_seq; Type: SEQUENCE SET; Schema: public; Owner: -
--

SELECT pg_catalog.setval('public."Student_id_seq"', 318, true);


--
-- Name: TeacherMaterial_id_seq; Type: SEQUENCE SET; Schema: public; Owner: -
--

SELECT pg_catalog.setval('public."TeacherMaterial_id_seq"', 4, true);


--
-- Name: Teacher_id_seq; Type: SEQUENCE SET; Schema: public; Owner: -
--

SELECT pg_catalog.setval('public."Teacher_id_seq"', 122, true);


--
-- PostgreSQL database dump complete
--

\unrestrict SsGxIeetj69H1cvIuUqgv44elpF6EgQc3XUHYbrbs9Ffr6H5LoHsmAfAp9nQUk0

